char	name	codepoint	codepoint_dec	category	font
	pom-clean_code	U+E000	57344	nerd	Terminess Nerd Font Mono
	pom-pomodoro_done	U+E001	57345	nerd	Terminess Nerd Font Mono
	pom-pomodoro_estimated	U+E002	57346	nerd	Terminess Nerd Font Mono
	pom-pomodoro_ticking	U+E003	57347	nerd	Terminess Nerd Font Mono
	pom-pomodoro_squashed	U+E004	57348	nerd	Terminess Nerd Font Mono
	pom-short_pause	U+E005	57349	nerd	Terminess Nerd Font Mono
	pom-long_pause	U+E006	57350	nerd	Terminess Nerd Font Mono
	pom-away	U+E007	57351	nerd	Terminess Nerd Font Mono
	pom-pair_programming	U+E008	57352	nerd	Terminess Nerd Font Mono
	pom-internal_interruption	U+E009	57353	nerd	Terminess Nerd Font Mono
	pom-external_interruption	U+E00A	57354	nerd	Terminess Nerd Font Mono
	pl-branch	U+E0A0	57504	nerd	Terminess Nerd Font Mono
	pl-line_number	U+E0A1	57505	nerd	Terminess Nerd Font Mono
	pl-readonly	U+E0A2	57506	nerd	Terminess Nerd Font Mono
	ple-current_column	U+E0A3	57507	nerd	Terminess Nerd Font Mono
	pl-left_hard_divider	U+E0B0	57520	nerd	Terminess Nerd Font Mono
	pl-left_soft_divider	U+E0B1	57521	nerd	Terminess Nerd Font Mono
	pl-right_hard_divider	U+E0B2	57522	nerd	Terminess Nerd Font Mono
	pl-right_soft_divider	U+E0B3	57523	nerd	Terminess Nerd Font Mono
	ple-right_half_circle_thick	U+E0B4	57524	nerd	Terminess Nerd Font Mono
	ple-right_half_circle_thin	U+E0B5	57525	nerd	Terminess Nerd Font Mono
	ple-left_half_circle_thick	U+E0B6	57526	nerd	Terminess Nerd Font Mono
	ple-left_half_circle_thin	U+E0B7	57527	nerd	Terminess Nerd Font Mono
	ple-lower_left_triangle	U+E0B8	57528	nerd	Terminess Nerd Font Mono
	ple-backslash_separator	U+E0B9	57529	nerd	Terminess Nerd Font Mono
	ple-lower_right_triangle	U+E0BA	57530	nerd	Terminess Nerd Font Mono
	ple-forwardslash_separator	U+E0BB	57531	nerd	Terminess Nerd Font Mono
	ple-upper_left_triangle	U+E0BC	57532	nerd	Terminess Nerd Font Mono
	ple-forwardslash_separator_redundant	U+E0BD	57533	nerd	Terminess Nerd Font Mono
	ple-upper_right_triangle	U+E0BE	57534	nerd	Terminess Nerd Font Mono
	ple-backslash_separator_redundant	U+E0BF	57535	nerd	Terminess Nerd Font Mono
	ple-flame_thick	U+E0C0	57536	nerd	Terminess Nerd Font Mono
	ple-flame_thin	U+E0C1	57537	nerd	Terminess Nerd Font Mono
	ple-flame_thick_mirrored	U+E0C2	57538	nerd	Terminess Nerd Font Mono
	ple-flame_thin_mirrored	U+E0C3	57539	nerd	Terminess Nerd Font Mono
	ple-pixelated_squares_small	U+E0C4	57540	nerd	Terminess Nerd Font Mono
	ple-pixelated_squares_small_mirrored	U+E0C5	57541	nerd	Terminess Nerd Font Mono
	ple-pixelated_squares_big	U+E0C6	57542	nerd	Terminess Nerd Font Mono
	ple-pixelated_squares_big_mirrored	U+E0C7	57543	nerd	Terminess Nerd Font Mono
	ple-ice_waveform	U+E0C8	57544	nerd	Terminess Nerd Font Mono
	ple-ice_waveform_mirrored	U+E0CA	57546	nerd	Terminess Nerd Font Mono
	ple-honeycomb	U+E0CC	57548	nerd	Terminess Nerd Font Mono
	ple-honeycomb_outline	U+E0CD	57549	nerd	Terminess Nerd Font Mono
	ple-lego_separator	U+E0CE	57550	nerd	Terminess Nerd Font Mono
	ple-lego_separator_thin	U+E0CF	57551	nerd	Terminess Nerd Font Mono
	ple-lego_block_facing	U+E0D0	57552	nerd	Terminess Nerd Font Mono
	ple-lego_block_sideways	U+E0D1	57553	nerd	Terminess Nerd Font Mono
	ple-trapezoid_top_bottom	U+E0D2	57554	nerd	Terminess Nerd Font Mono
	ple-trapezoid_top_bottom_mirrored	U+E0D4	57556	nerd	Terminess Nerd Font Mono
	ple-right_hard_divider_inverse	U+E0D6	57558	nerd	Terminess Nerd Font Mono
	ple-left_hard_divider_inverse	U+E0D7	57559	nerd	Terminess Nerd Font Mono
	fae-smaller	U+E200	57856	nerd	Terminess Nerd Font Mono
	fae-snowing	U+E201	57857	nerd	Terminess Nerd Font Mono
	fae-soda	U+E202	57858	nerd	Terminess Nerd Font Mono
	fae-sofa	U+E203	57859	nerd	Terminess Nerd Font Mono
	fae-soup	U+E204	57860	nerd	Terminess Nerd Font Mono
	fae-spermatozoon	U+E205	57861	nerd	Terminess Nerd Font Mono
	fae-spin_double	U+E206	57862	nerd	Terminess Nerd Font Mono
	fae-stomach	U+E207	57863	nerd	Terminess Nerd Font Mono
	fae-storm	U+E208	57864	nerd	Terminess Nerd Font Mono
	fae-telescope	U+E209	57865	nerd	Terminess Nerd Font Mono
	fae-thermometer	U+E20A	57866	nerd	Terminess Nerd Font Mono
	fae-thermometer_high	U+E20B	57867	nerd	Terminess Nerd Font Mono
	fae-thermometer_low	U+E20C	57868	nerd	Terminess Nerd Font Mono
	fae-thin_close	U+E20D	57869	nerd	Terminess Nerd Font Mono
	fae-toilet	U+E20E	57870	nerd	Terminess Nerd Font Mono
	fae-tools	U+E20F	57871	nerd	Terminess Nerd Font Mono
	fae-tooth	U+E210	57872	nerd	Terminess Nerd Font Mono
	fae-uterus	U+E211	57873	nerd	Terminess Nerd Font Mono
	fae-w3c	U+E212	57874	nerd	Terminess Nerd Font Mono
	fae-walking	U+E213	57875	nerd	Terminess Nerd Font Mono
	fae-virus	U+E214	57876	nerd	Terminess Nerd Font Mono
	fae-telegram_circle	U+E215	57877	nerd	Terminess Nerd Font Mono
	fae-slash	U+E216	57878	nerd	Terminess Nerd Font Mono
	fae-telegram	U+E217	57879	nerd	Terminess Nerd Font Mono
	fae-shirt	U+E218	57880	nerd	Terminess Nerd Font Mono
	fae-tacos	U+E219	57881	nerd	Terminess Nerd Font Mono
	fae-sushi	U+E21A	57882	nerd	Terminess Nerd Font Mono
	fae-triangle_ruler	U+E21B	57883	nerd	Terminess Nerd Font Mono
	fae-tree	U+E21C	57884	nerd	Terminess Nerd Font Mono
	fae-sun_cloud	U+E21D	57885	nerd	Terminess Nerd Font Mono
	fae-ruby_o	U+E21E	57886	nerd	Terminess Nerd Font Mono
	fae-ruler	U+E21F	57887	nerd	Terminess Nerd Font Mono
	fae-umbrella	U+E220	57888	nerd	Terminess Nerd Font Mono
	fae-medicine	U+E221	57889	nerd	Terminess Nerd Font Mono
	fae-microscope	U+E222	57890	nerd	Terminess Nerd Font Mono
	fae-milk_bottle	U+E223	57891	nerd	Terminess Nerd Font Mono
	fae-minimize	U+E224	57892	nerd	Terminess Nerd Font Mono
	fae-molecule	U+E225	57893	nerd	Terminess Nerd Font Mono
	fae-moon_cloud	U+E226	57894	nerd	Terminess Nerd Font Mono
	fae-mushroom	U+E227	57895	nerd	Terminess Nerd Font Mono
	fae-mustache	U+E228	57896	nerd	Terminess Nerd Font Mono
	fae-mysql	U+E229	57897	nerd	Terminess Nerd Font Mono
	fae-nintendo	U+E22A	57898	nerd	Terminess Nerd Font Mono
	fae-palette_color	U+E22B	57899	nerd	Terminess Nerd Font Mono
	fae-pi	U+E22C	57900	nerd	Terminess Nerd Font Mono
	fae-pizza	U+E22D	57901	nerd	Terminess Nerd Font Mono
	fae-planet	U+E22E	57902	nerd	Terminess Nerd Font Mono
	fae-plant	U+E22F	57903	nerd	Terminess Nerd Font Mono
	fae-playstation	U+E230	57904	nerd	Terminess Nerd Font Mono
	fae-poison	U+E231	57905	nerd	Terminess Nerd Font Mono
	fae-popcorn	U+E232	57906	nerd	Terminess Nerd Font Mono
	fae-popsicle	U+E233	57907	nerd	Terminess Nerd Font Mono
	fae-pulse	U+E234	57908	nerd	Terminess Nerd Font Mono
	fae-python	U+E235	57909	nerd	Terminess Nerd Font Mono
	fae-quora_circle	U+E236	57910	nerd	Terminess Nerd Font Mono
	fae-quora_square	U+E237	57911	nerd	Terminess Nerd Font Mono
	fae-radioactive	U+E238	57912	nerd	Terminess Nerd Font Mono
	fae-raining	U+E239	57913	nerd	Terminess Nerd Font Mono
	fae-real_heart	U+E23A	57914	nerd	Terminess Nerd Font Mono
	fae-refrigerator	U+E23B	57915	nerd	Terminess Nerd Font Mono
	fae-restore	U+E23C	57916	nerd	Terminess Nerd Font Mono
	fae-ring	U+E23D	57917	nerd	Terminess Nerd Font Mono
	fae-ruby	U+E23E	57918	nerd	Terminess Nerd Font Mono
	fae-fingerprint	U+E23F	57919	nerd	Terminess Nerd Font Mono
	fae-floppy	U+E240	57920	nerd	Terminess Nerd Font Mono
	fae-footprint	U+E241	57921	nerd	Terminess Nerd Font Mono
	fae-freecodecamp	U+E242	57922	nerd	Terminess Nerd Font Mono
	fae-galaxy	U+E243	57923	nerd	Terminess Nerd Font Mono
	fae-galery	U+E244	57924	nerd	Terminess Nerd Font Mono
	fae-glass	U+E245	57925	nerd	Terminess Nerd Font Mono
	fae-google_drive	U+E246	57926	nerd	Terminess Nerd Font Mono
	fae-google_play	U+E247	57927	nerd	Terminess Nerd Font Mono
	fae-gps	U+E248	57928	nerd	Terminess Nerd Font Mono
	fae-grav	U+E249	57929	nerd	Terminess Nerd Font Mono
	fae-guitar	U+E24A	57930	nerd	Terminess Nerd Font Mono
	fae-gut	U+E24B	57931	nerd	Terminess Nerd Font Mono
	fae-halter	U+E24C	57932	nerd	Terminess Nerd Font Mono
	fae-hamburger	U+E24D	57933	nerd	Terminess Nerd Font Mono
	fae-hat	U+E24E	57934	nerd	Terminess Nerd Font Mono
	fae-hexagon	U+E24F	57935	nerd	Terminess Nerd Font Mono
	fae-high_heel	U+E250	57936	nerd	Terminess Nerd Font Mono
	fae-hotdog	U+E251	57937	nerd	Terminess Nerd Font Mono
	fae-ice_cream	U+E252	57938	nerd	Terminess Nerd Font Mono
	fae-id_card	U+E253	57939	nerd	Terminess Nerd Font Mono
	fae-imdb	U+E254	57940	nerd	Terminess Nerd Font Mono
	fae-infinity	U+E255	57941	nerd	Terminess Nerd Font Mono
	fae-java	U+E256	57942	nerd	Terminess Nerd Font Mono
	fae-layers	U+E257	57943	nerd	Terminess Nerd Font Mono
	fae-lips	U+E258	57944	nerd	Terminess Nerd Font Mono
	fae-lipstick	U+E259	57945	nerd	Terminess Nerd Font Mono
	fae-liver	U+E25A	57946	nerd	Terminess Nerd Font Mono
	fae-lung	U+E25B	57947	nerd	Terminess Nerd Font Mono
	fae-makeup_brushes	U+E25C	57948	nerd	Terminess Nerd Font Mono
	fae-maximize	U+E25D	57949	nerd	Terminess Nerd Font Mono
	fae-wallet	U+E25E	57950	nerd	Terminess Nerd Font Mono
	fae-chess_horse	U+E25F	57951	nerd	Terminess Nerd Font Mono
	fae-chess_king	U+E260	57952	nerd	Terminess Nerd Font Mono
	fae-chess_pawn	U+E261	57953	nerd	Terminess Nerd Font Mono
	fae-chess_queen	U+E262	57954	nerd	Terminess Nerd Font Mono
	fae-chess_tower	U+E263	57955	nerd	Terminess Nerd Font Mono
	fae-cheese	U+E264	57956	nerd	Terminess Nerd Font Mono
	fae-chilli	U+E265	57957	nerd	Terminess Nerd Font Mono
	fae-chip	U+E266	57958	nerd	Terminess Nerd Font Mono
	fae-cicling	U+E267	57959	nerd	Terminess Nerd Font Mono
	fae-cloud	U+E268	57960	nerd	Terminess Nerd Font Mono
	fae-cockroach	U+E269	57961	nerd	Terminess Nerd Font Mono
	fae-coffe_beans	U+E26A	57962	nerd	Terminess Nerd Font Mono
	fae-coins	U+E26B	57963	nerd	Terminess Nerd Font Mono
	fae-comb	U+E26C	57964	nerd	Terminess Nerd Font Mono
	fae-comet	U+E26D	57965	nerd	Terminess Nerd Font Mono
	fae-crown	U+E26E	57966	nerd	Terminess Nerd Font Mono
	fae-cup_coffe	U+E26F	57967	nerd	Terminess Nerd Font Mono
	fae-dice	U+E270	57968	nerd	Terminess Nerd Font Mono
	fae-disco	U+E271	57969	nerd	Terminess Nerd Font Mono
	fae-dna	U+E272	57970	nerd	Terminess Nerd Font Mono
	fae-donut	U+E273	57971	nerd	Terminess Nerd Font Mono
	fae-dress	U+E274	57972	nerd	Terminess Nerd Font Mono
	fae-drop	U+E275	57973	nerd	Terminess Nerd Font Mono
	fae-ello	U+E276	57974	nerd	Terminess Nerd Font Mono
	fae-envelope_open	U+E277	57975	nerd	Terminess Nerd Font Mono
	fae-envelope_open_o	U+E278	57976	nerd	Terminess Nerd Font Mono
	fae-equal	U+E279	57977	nerd	Terminess Nerd Font Mono
	fae-equal_bigger	U+E27A	57978	nerd	Terminess Nerd Font Mono
	fae-feedly	U+E27B	57979	nerd	Terminess Nerd Font Mono
	fae-file_export	U+E27C	57980	nerd	Terminess Nerd Font Mono
	fae-file_import	U+E27D	57981	nerd	Terminess Nerd Font Mono
	fae-wind	U+E27E	57982	nerd	Terminess Nerd Font Mono
	fae-atom	U+E27F	57983	nerd	Terminess Nerd Font Mono
	fae-bacteria	U+E280	57984	nerd	Terminess Nerd Font Mono
	fae-banana	U+E281	57985	nerd	Terminess Nerd Font Mono
	fae-bath	U+E282	57986	nerd	Terminess Nerd Font Mono
	fae-bed	U+E283	57987	nerd	Terminess Nerd Font Mono
	fae-benzene	U+E284	57988	nerd	Terminess Nerd Font Mono
	fae-bigger	U+E285	57989	nerd	Terminess Nerd Font Mono
	fae-biohazard	U+E286	57990	nerd	Terminess Nerd Font Mono
	fae-blogger_circle	U+E287	57991	nerd	Terminess Nerd Font Mono
	fae-blogger_square	U+E288	57992	nerd	Terminess Nerd Font Mono
	fae-bones	U+E289	57993	nerd	Terminess Nerd Font Mono
	fae-book_open	U+E28A	57994	nerd	Terminess Nerd Font Mono
	fae-book_open_o	U+E28B	57995	nerd	Terminess Nerd Font Mono
	fae-brain	U+E28C	57996	nerd	Terminess Nerd Font Mono
	fae-bread	U+E28D	57997	nerd	Terminess Nerd Font Mono
	fae-butterfly	U+E28E	57998	nerd	Terminess Nerd Font Mono
	fae-carot	U+E28F	57999	nerd	Terminess Nerd Font Mono
	fae-cc_by	U+E290	58000	nerd	Terminess Nerd Font Mono
	fae-cc_cc	U+E291	58001	nerd	Terminess Nerd Font Mono
	fae-cc_nc	U+E292	58002	nerd	Terminess Nerd Font Mono
	fae-cc_nc_eu	U+E293	58003	nerd	Terminess Nerd Font Mono
	fae-cc_nc_jp	U+E294	58004	nerd	Terminess Nerd Font Mono
	fae-cc_nd	U+E295	58005	nerd	Terminess Nerd Font Mono
	fae-cc_remix	U+E296	58006	nerd	Terminess Nerd Font Mono
	fae-cc_sa	U+E297	58007	nerd	Terminess Nerd Font Mono
	fae-cc_share	U+E298	58008	nerd	Terminess Nerd Font Mono
	fae-cc_zero	U+E299	58009	nerd	Terminess Nerd Font Mono
	fae-checklist_o	U+E29A	58010	nerd	Terminess Nerd Font Mono
	fae-cherry	U+E29B	58011	nerd	Terminess Nerd Font Mono
	fae-chess_bishop	U+E29C	58012	nerd	Terminess Nerd Font Mono
	fae-xbox	U+E29D	58013	nerd	Terminess Nerd Font Mono
	fae-apple_fruit	U+E29E	58014	nerd	Terminess Nerd Font Mono
	fae-chicken_thigh	U+E29F	58015	nerd	Terminess Nerd Font Mono
	fae-gift_card	U+E2A0	58016	nerd	Terminess Nerd Font Mono
	fae-injection	U+E2A1	58017	nerd	Terminess Nerd Font Mono
	fae-isle	U+E2A2	58018	nerd	Terminess Nerd Font Mono
	fae-lollipop	U+E2A3	58019	nerd	Terminess Nerd Font Mono
	fae-loyalty_card	U+E2A4	58020	nerd	Terminess Nerd Font Mono
	fae-meat	U+E2A5	58021	nerd	Terminess Nerd Font Mono
	fae-mountains	U+E2A6	58022	nerd	Terminess Nerd Font Mono
	fae-orange	U+E2A7	58023	nerd	Terminess Nerd Font Mono
	fae-peach	U+E2A8	58024	nerd	Terminess Nerd Font Mono
	fae-pear	U+E2A9	58025	nerd	Terminess Nerd Font Mono
	weather-day_cloudy_gusts	U+E300	58112	nerd	Terminess Nerd Font Mono
	weather-day_cloudy_windy	U+E301	58113	nerd	Terminess Nerd Font Mono
	weather-day_cloudy	U+E302	58114	nerd	Terminess Nerd Font Mono
	weather-day_fog	U+E303	58115	nerd	Terminess Nerd Font Mono
	weather-day_hail	U+E304	58116	nerd	Terminess Nerd Font Mono
	weather-day_lightning	U+E305	58117	nerd	Terminess Nerd Font Mono
	weather-day_rain_mix	U+E306	58118	nerd	Terminess Nerd Font Mono
	weather-day_rain_wind	U+E307	58119	nerd	Terminess Nerd Font Mono
	weather-day_rain	U+E308	58120	nerd	Terminess Nerd Font Mono
	weather-day_showers	U+E309	58121	nerd	Terminess Nerd Font Mono
	weather-day_snow	U+E30A	58122	nerd	Terminess Nerd Font Mono
	weather-day_sprinkle	U+E30B	58123	nerd	Terminess Nerd Font Mono
	weather-day_sunny_overcast	U+E30C	58124	nerd	Terminess Nerd Font Mono
	weather-day_sunny	U+E30D	58125	nerd	Terminess Nerd Font Mono
	weather-day_storm_showers	U+E30E	58126	nerd	Terminess Nerd Font Mono
	weather-day_thunderstorm	U+E30F	58127	nerd	Terminess Nerd Font Mono
	weather-cloudy_gusts	U+E310	58128	nerd	Terminess Nerd Font Mono
	weather-cloudy_windy	U+E311	58129	nerd	Terminess Nerd Font Mono
	weather-cloudy	U+E312	58130	nerd	Terminess Nerd Font Mono
	weather-fog	U+E313	58131	nerd	Terminess Nerd Font Mono
	weather-hail	U+E314	58132	nerd	Terminess Nerd Font Mono
	weather-lightning	U+E315	58133	nerd	Terminess Nerd Font Mono
	weather-rain_mix	U+E316	58134	nerd	Terminess Nerd Font Mono
	weather-rain_wind	U+E317	58135	nerd	Terminess Nerd Font Mono
	weather-rain	U+E318	58136	nerd	Terminess Nerd Font Mono
	weather-showers	U+E319	58137	nerd	Terminess Nerd Font Mono
	weather-snow	U+E31A	58138	nerd	Terminess Nerd Font Mono
	weather-sprinkle	U+E31B	58139	nerd	Terminess Nerd Font Mono
	weather-storm_showers	U+E31C	58140	nerd	Terminess Nerd Font Mono
	weather-thunderstorm	U+E31D	58141	nerd	Terminess Nerd Font Mono
	weather-windy	U+E31E	58142	nerd	Terminess Nerd Font Mono
	weather-night_alt_cloudy_gusts	U+E31F	58143	nerd	Terminess Nerd Font Mono
	weather-night_alt_cloudy_windy	U+E320	58144	nerd	Terminess Nerd Font Mono
	weather-night_alt_hail	U+E321	58145	nerd	Terminess Nerd Font Mono
	weather-night_alt_lightning	U+E322	58146	nerd	Terminess Nerd Font Mono
	weather-night_alt_rain_mix	U+E323	58147	nerd	Terminess Nerd Font Mono
	weather-night_alt_rain_wind	U+E324	58148	nerd	Terminess Nerd Font Mono
	weather-night_alt_rain	U+E325	58149	nerd	Terminess Nerd Font Mono
	weather-night_alt_showers	U+E326	58150	nerd	Terminess Nerd Font Mono
	weather-night_alt_snow	U+E327	58151	nerd	Terminess Nerd Font Mono
	weather-night_alt_sprinkle	U+E328	58152	nerd	Terminess Nerd Font Mono
	weather-night_alt_storm_showers	U+E329	58153	nerd	Terminess Nerd Font Mono
	weather-night_alt_thunderstorm	U+E32A	58154	nerd	Terminess Nerd Font Mono
	weather-night_clear	U+E32B	58155	nerd	Terminess Nerd Font Mono
	weather-night_cloudy_gusts	U+E32C	58156	nerd	Terminess Nerd Font Mono
	weather-night_cloudy_windy	U+E32D	58157	nerd	Terminess Nerd Font Mono
	weather-night_cloudy	U+E32E	58158	nerd	Terminess Nerd Font Mono
	weather-night_hail	U+E32F	58159	nerd	Terminess Nerd Font Mono
	weather-night_lightning	U+E330	58160	nerd	Terminess Nerd Font Mono
	weather-night_rain_mix	U+E331	58161	nerd	Terminess Nerd Font Mono
	weather-night_rain_wind	U+E332	58162	nerd	Terminess Nerd Font Mono
	weather-night_rain	U+E333	58163	nerd	Terminess Nerd Font Mono
	weather-night_showers	U+E334	58164	nerd	Terminess Nerd Font Mono
	weather-night_snow	U+E335	58165	nerd	Terminess Nerd Font Mono
	weather-night_sprinkle	U+E336	58166	nerd	Terminess Nerd Font Mono
	weather-night_storm_showers	U+E337	58167	nerd	Terminess Nerd Font Mono
	weather-night_thunderstorm	U+E338	58168	nerd	Terminess Nerd Font Mono
	weather-celsius	U+E339	58169	nerd	Terminess Nerd Font Mono
	weather-cloud_down	U+E33A	58170	nerd	Terminess Nerd Font Mono
	weather-cloud_refresh	U+E33B	58171	nerd	Terminess Nerd Font Mono
	weather-cloud_up	U+E33C	58172	nerd	Terminess Nerd Font Mono
	weather-cloud	U+E33D	58173	nerd	Terminess Nerd Font Mono
	weather-degrees	U+E33E	58174	nerd	Terminess Nerd Font Mono
	weather-direction_down_left	U+E33F	58175	nerd	Terminess Nerd Font Mono
	weather-direction_down	U+E340	58176	nerd	Terminess Nerd Font Mono
	weather-fahrenheit	U+E341	58177	nerd	Terminess Nerd Font Mono
	weather-horizon_alt	U+E342	58178	nerd	Terminess Nerd Font Mono
	weather-horizon	U+E343	58179	nerd	Terminess Nerd Font Mono
	weather-direction_left	U+E344	58180	nerd	Terminess Nerd Font Mono
	weather-aliens	U+E345	58181	nerd	Terminess Nerd Font Mono
	weather-night_fog	U+E346	58182	nerd	Terminess Nerd Font Mono
	weather-refresh_alt	U+E347	58183	nerd	Terminess Nerd Font Mono
	weather-refresh	U+E348	58184	nerd	Terminess Nerd Font Mono
	weather-direction_right	U+E349	58185	nerd	Terminess Nerd Font Mono
	weather-raindrops	U+E34A	58186	nerd	Terminess Nerd Font Mono
	weather-strong_wind	U+E34B	58187	nerd	Terminess Nerd Font Mono
	weather-sunrise	U+E34C	58188	nerd	Terminess Nerd Font Mono
	weather-sunset	U+E34D	58189	nerd	Terminess Nerd Font Mono
	weather-thermometer_exterior	U+E34E	58190	nerd	Terminess Nerd Font Mono
	weather-thermometer_internal	U+E34F	58191	nerd	Terminess Nerd Font Mono
	weather-thermometer	U+E350	58192	nerd	Terminess Nerd Font Mono
	weather-tornado	U+E351	58193	nerd	Terminess Nerd Font Mono
	weather-direction_up_right	U+E352	58194	nerd	Terminess Nerd Font Mono
	weather-direction_up	U+E353	58195	nerd	Terminess Nerd Font Mono
	weather-wind_west	U+E354	58196	nerd	Terminess Nerd Font Mono
	weather-wind_south_west	U+E355	58197	nerd	Terminess Nerd Font Mono
	weather-wind_south_east	U+E356	58198	nerd	Terminess Nerd Font Mono
	weather-wind_south	U+E357	58199	nerd	Terminess Nerd Font Mono
	weather-wind_north_west	U+E358	58200	nerd	Terminess Nerd Font Mono
	weather-wind_north_east	U+E359	58201	nerd	Terminess Nerd Font Mono
	weather-wind_north	U+E35A	58202	nerd	Terminess Nerd Font Mono
	weather-wind_east	U+E35B	58203	nerd	Terminess Nerd Font Mono
	weather-smoke	U+E35C	58204	nerd	Terminess Nerd Font Mono
	weather-dust	U+E35D	58205	nerd	Terminess Nerd Font Mono
	weather-snow_wind	U+E35E	58206	nerd	Terminess Nerd Font Mono
	weather-day_snow_wind	U+E35F	58207	nerd	Terminess Nerd Font Mono
	weather-night_snow_wind	U+E360	58208	nerd	Terminess Nerd Font Mono
	weather-night_alt_snow_wind	U+E361	58209	nerd	Terminess Nerd Font Mono
	weather-day_sleet_storm	U+E362	58210	nerd	Terminess Nerd Font Mono
	weather-night_sleet_storm	U+E363	58211	nerd	Terminess Nerd Font Mono
	weather-night_alt_sleet_storm	U+E364	58212	nerd	Terminess Nerd Font Mono
	weather-day_snow_thunderstorm	U+E365	58213	nerd	Terminess Nerd Font Mono
	weather-night_snow_thunderstorm	U+E366	58214	nerd	Terminess Nerd Font Mono
	weather-night_alt_snow_thunderstorm	U+E367	58215	nerd	Terminess Nerd Font Mono
	weather-solar_eclipse	U+E368	58216	nerd	Terminess Nerd Font Mono
	weather-lunar_eclipse	U+E369	58217	nerd	Terminess Nerd Font Mono
	weather-meteor	U+E36A	58218	nerd	Terminess Nerd Font Mono
	weather-hot	U+E36B	58219	nerd	Terminess Nerd Font Mono
	weather-hurricane	U+E36C	58220	nerd	Terminess Nerd Font Mono
	weather-smog	U+E36D	58221	nerd	Terminess Nerd Font Mono
	weather-alien	U+E36E	58222	nerd	Terminess Nerd Font Mono
	weather-snowflake_cold	U+E36F	58223	nerd	Terminess Nerd Font Mono
	weather-stars	U+E370	58224	nerd	Terminess Nerd Font Mono
	weather-raindrop	U+E371	58225	nerd	Terminess Nerd Font Mono
	weather-barometer	U+E372	58226	nerd	Terminess Nerd Font Mono
	weather-humidity	U+E373	58227	nerd	Terminess Nerd Font Mono
	weather-na	U+E374	58228	nerd	Terminess Nerd Font Mono
	weather-flood	U+E375	58229	nerd	Terminess Nerd Font Mono
	weather-day_cloudy_high	U+E376	58230	nerd	Terminess Nerd Font Mono
	weather-night_alt_cloudy_high	U+E377	58231	nerd	Terminess Nerd Font Mono
	weather-night_cloudy_high	U+E378	58232	nerd	Terminess Nerd Font Mono
	weather-night_alt_partly_cloudy	U+E379	58233	nerd	Terminess Nerd Font Mono
	weather-sandstorm	U+E37A	58234	nerd	Terminess Nerd Font Mono
	weather-night_partly_cloudy	U+E37B	58235	nerd	Terminess Nerd Font Mono
	weather-umbrella	U+E37C	58236	nerd	Terminess Nerd Font Mono
	weather-day_windy	U+E37D	58237	nerd	Terminess Nerd Font Mono
	weather-night_alt_cloudy	U+E37E	58238	nerd	Terminess Nerd Font Mono
	weather-direction_up_left	U+E37F	58239	nerd	Terminess Nerd Font Mono
	weather-direction_down_right	U+E380	58240	nerd	Terminess Nerd Font Mono
	weather-time_12	U+E381	58241	nerd	Terminess Nerd Font Mono
	weather-time_1	U+E382	58242	nerd	Terminess Nerd Font Mono
	weather-time_2	U+E383	58243	nerd	Terminess Nerd Font Mono
	weather-time_3	U+E384	58244	nerd	Terminess Nerd Font Mono
	weather-time_4	U+E385	58245	nerd	Terminess Nerd Font Mono
	weather-time_5	U+E386	58246	nerd	Terminess Nerd Font Mono
	weather-time_6	U+E387	58247	nerd	Terminess Nerd Font Mono
	weather-time_7	U+E388	58248	nerd	Terminess Nerd Font Mono
	weather-time_8	U+E389	58249	nerd	Terminess Nerd Font Mono
	weather-time_9	U+E38A	58250	nerd	Terminess Nerd Font Mono
	weather-time_10	U+E38B	58251	nerd	Terminess Nerd Font Mono
	weather-time_11	U+E38C	58252	nerd	Terminess Nerd Font Mono
	weather-moon_new	U+E38D	58253	nerd	Terminess Nerd Font Mono
	weather-moon_waxing_crescent_1	U+E38E	58254	nerd	Terminess Nerd Font Mono
	weather-moon_waxing_crescent_2	U+E38F	58255	nerd	Terminess Nerd Font Mono
	weather-moon_waxing_crescent_3	U+E390	58256	nerd	Terminess Nerd Font Mono
	weather-moon_waxing_crescent_4	U+E391	58257	nerd	Terminess Nerd Font Mono
	weather-moon_waxing_crescent_5	U+E392	58258	nerd	Terminess Nerd Font Mono
	weather-moon_waxing_crescent_6	U+E393	58259	nerd	Terminess Nerd Font Mono
	weather-moon_first_quarter	U+E394	58260	nerd	Terminess Nerd Font Mono
	weather-moon_waxing_gibbous_1	U+E395	58261	nerd	Terminess Nerd Font Mono
	weather-moon_waxing_gibbous_2	U+E396	58262	nerd	Terminess Nerd Font Mono
	weather-moon_waxing_gibbous_3	U+E397	58263	nerd	Terminess Nerd Font Mono
	weather-moon_waxing_gibbous_4	U+E398	58264	nerd	Terminess Nerd Font Mono
	weather-moon_waxing_gibbous_5	U+E399	58265	nerd	Terminess Nerd Font Mono
	weather-moon_waxing_gibbous_6	U+E39A	58266	nerd	Terminess Nerd Font Mono
	weather-moon_full	U+E39B	58267	nerd	Terminess Nerd Font Mono
	weather-moon_waning_gibbous_1	U+E39C	58268	nerd	Terminess Nerd Font Mono
	weather-moon_waning_gibbous_2	U+E39D	58269	nerd	Terminess Nerd Font Mono
	weather-moon_waning_gibbous_3	U+E39E	58270	nerd	Terminess Nerd Font Mono
	weather-moon_waning_gibbous_4	U+E39F	58271	nerd	Terminess Nerd Font Mono
	weather-moon_waning_gibbous_5	U+E3A0	58272	nerd	Terminess Nerd Font Mono
	weather-moon_waning_gibbous_6	U+E3A1	58273	nerd	Terminess Nerd Font Mono
	weather-moon_third_quarter	U+E3A2	58274	nerd	Terminess Nerd Font Mono
	weather-moon_waning_crescent_1	U+E3A3	58275	nerd	Terminess Nerd Font Mono
	weather-moon_waning_crescent_2	U+E3A4	58276	nerd	Terminess Nerd Font Mono
	weather-moon_waning_crescent_3	U+E3A5	58277	nerd	Terminess Nerd Font Mono
	weather-moon_waning_crescent_4	U+E3A6	58278	nerd	Terminess Nerd Font Mono
	weather-moon_waning_crescent_5	U+E3A7	58279	nerd	Terminess Nerd Font Mono
	weather-moon_waning_crescent_6	U+E3A8	58280	nerd	Terminess Nerd Font Mono
	weather-wind_direction	U+E3A9	58281	nerd	Terminess Nerd Font Mono
	weather-day_sleet	U+E3AA	58282	nerd	Terminess Nerd Font Mono
	weather-night_sleet	U+E3AB	58283	nerd	Terminess Nerd Font Mono
	weather-night_alt_sleet	U+E3AC	58284	nerd	Terminess Nerd Font Mono
	weather-sleet	U+E3AD	58285	nerd	Terminess Nerd Font Mono
	weather-day_haze	U+E3AE	58286	nerd	Terminess Nerd Font Mono
	weather-wind_beaufort_0	U+E3AF	58287	nerd	Terminess Nerd Font Mono
	weather-wind_beaufort_1	U+E3B0	58288	nerd	Terminess Nerd Font Mono
	weather-wind_beaufort_2	U+E3B1	58289	nerd	Terminess Nerd Font Mono
	weather-wind_beaufort_3	U+E3B2	58290	nerd	Terminess Nerd Font Mono
	weather-wind_beaufort_4	U+E3B3	58291	nerd	Terminess Nerd Font Mono
	weather-wind_beaufort_5	U+E3B4	58292	nerd	Terminess Nerd Font Mono
	weather-wind_beaufort_6	U+E3B5	58293	nerd	Terminess Nerd Font Mono
	weather-wind_beaufort_7	U+E3B6	58294	nerd	Terminess Nerd Font Mono
	weather-wind_beaufort_8	U+E3B7	58295	nerd	Terminess Nerd Font Mono
	weather-wind_beaufort_9	U+E3B8	58296	nerd	Terminess Nerd Font Mono
	weather-wind_beaufort_10	U+E3B9	58297	nerd	Terminess Nerd Font Mono
	weather-wind_beaufort_11	U+E3BA	58298	nerd	Terminess Nerd Font Mono
	weather-wind_beaufort_12	U+E3BB	58299	nerd	Terminess Nerd Font Mono
	weather-day_light_wind	U+E3BC	58300	nerd	Terminess Nerd Font Mono
	weather-tsunami	U+E3BD	58301	nerd	Terminess Nerd Font Mono
	weather-earthquake	U+E3BE	58302	nerd	Terminess Nerd Font Mono
	weather-fire	U+E3BF	58303	nerd	Terminess Nerd Font Mono
	weather-volcano	U+E3C0	58304	nerd	Terminess Nerd Font Mono
	weather-moonrise	U+E3C1	58305	nerd	Terminess Nerd Font Mono
	weather-moonset	U+E3C2	58306	nerd	Terminess Nerd Font Mono
	weather-train	U+E3C3	58307	nerd	Terminess Nerd Font Mono
	weather-small_craft_advisory	U+E3C4	58308	nerd	Terminess Nerd Font Mono
	weather-gale_warning	U+E3C5	58309	nerd	Terminess Nerd Font Mono
	weather-storm_warning	U+E3C6	58310	nerd	Terminess Nerd Font Mono
	weather-hurricane_warning	U+E3C7	58311	nerd	Terminess Nerd Font Mono
	weather-moon_alt_waxing_crescent_1	U+E3C8	58312	nerd	Terminess Nerd Font Mono
	weather-moon_alt_waxing_crescent_2	U+E3C9	58313	nerd	Terminess Nerd Font Mono
	weather-moon_alt_waxing_crescent_3	U+E3CA	58314	nerd	Terminess Nerd Font Mono
	weather-moon_alt_waxing_crescent_4	U+E3CB	58315	nerd	Terminess Nerd Font Mono
	weather-moon_alt_waxing_crescent_5	U+E3CC	58316	nerd	Terminess Nerd Font Mono
	weather-moon_alt_waxing_crescent_6	U+E3CD	58317	nerd	Terminess Nerd Font Mono
	weather-moon_alt_first_quarter	U+E3CE	58318	nerd	Terminess Nerd Font Mono
	weather-moon_alt_waxing_gibbous_1	U+E3CF	58319	nerd	Terminess Nerd Font Mono
	weather-moon_alt_waxing_gibbous_2	U+E3D0	58320	nerd	Terminess Nerd Font Mono
	weather-moon_alt_waxing_gibbous_3	U+E3D1	58321	nerd	Terminess Nerd Font Mono
	weather-moon_alt_waxing_gibbous_4	U+E3D2	58322	nerd	Terminess Nerd Font Mono
	weather-moon_alt_waxing_gibbous_5	U+E3D3	58323	nerd	Terminess Nerd Font Mono
	weather-moon_alt_waxing_gibbous_6	U+E3D4	58324	nerd	Terminess Nerd Font Mono
	weather-moon_alt_full	U+E3D5	58325	nerd	Terminess Nerd Font Mono
	weather-moon_alt_waning_gibbous_1	U+E3D6	58326	nerd	Terminess Nerd Font Mono
	weather-moon_alt_waning_gibbous_2	U+E3D7	58327	nerd	Terminess Nerd Font Mono
	weather-moon_alt_waning_gibbous_3	U+E3D8	58328	nerd	Terminess Nerd Font Mono
	weather-moon_alt_waning_gibbous_4	U+E3D9	58329	nerd	Terminess Nerd Font Mono
	weather-moon_alt_waning_gibbous_5	U+E3DA	58330	nerd	Terminess Nerd Font Mono
	weather-moon_alt_waning_gibbous_6	U+E3DB	58331	nerd	Terminess Nerd Font Mono
	weather-moon_alt_third_quarter	U+E3DC	58332	nerd	Terminess Nerd Font Mono
	weather-moon_alt_waning_crescent_1	U+E3DD	58333	nerd	Terminess Nerd Font Mono
	weather-moon_alt_waning_crescent_2	U+E3DE	58334	nerd	Terminess Nerd Font Mono
	weather-moon_alt_waning_crescent_3	U+E3DF	58335	nerd	Terminess Nerd Font Mono
	weather-moon_alt_waning_crescent_4	U+E3E0	58336	nerd	Terminess Nerd Font Mono
	weather-moon_alt_waning_crescent_5	U+E3E1	58337	nerd	Terminess Nerd Font Mono
	weather-moon_alt_waning_crescent_6	U+E3E2	58338	nerd	Terminess Nerd Font Mono
	weather-moon_alt_new	U+E3E3	58339	nerd	Terminess Nerd Font Mono
	custom-folder_npm	U+E5FA	58874	nerd	Terminess Nerd Font Mono
	custom-folder_git_branch	U+E5FB	58875	nerd	Terminess Nerd Font Mono
	custom-folder_config	U+E5FC	58876	nerd	Terminess Nerd Font Mono
	custom-folder_github	U+E5FD	58877	nerd	Terminess Nerd Font Mono
	custom-folder_open	U+E5FE	58878	nerd	Terminess Nerd Font Mono
	custom-folder	U+E5FF	58879	nerd	Terminess Nerd Font Mono
	seti-stylus	U+E600	58880	nerd	Terminess Nerd Font Mono
	seti-project	U+E601	58881	nerd	Terminess Nerd Font Mono
	seti-play_arrow	U+E602	58882	nerd	Terminess Nerd Font Mono
	seti-sass	U+E603	58883	nerd	Terminess Nerd Font Mono
	seti-rails	U+E604	58884	nerd	Terminess Nerd Font Mono
	seti-ruby	U+E605	58885	nerd	Terminess Nerd Font Mono
	seti-python	U+E606	58886	nerd	Terminess Nerd Font Mono
	seti-heroku	U+E607	58887	nerd	Terminess Nerd Font Mono
	seti-php	U+E608	58888	nerd	Terminess Nerd Font Mono
	seti-markdown	U+E609	58889	nerd	Terminess Nerd Font Mono
	seti-license	U+E60A	58890	nerd	Terminess Nerd Font Mono
	seti-less	U+E60B	58891	nerd	Terminess Nerd Font Mono
	seti-javascript	U+E60C	58892	nerd	Terminess Nerd Font Mono
	seti-image	U+E60D	58893	nerd	Terminess Nerd Font Mono
	seti-html	U+E60E	58894	nerd	Terminess Nerd Font Mono
	seti-mustache	U+E60F	58895	nerd	Terminess Nerd Font Mono
	seti-gulp	U+E610	58896	nerd	Terminess Nerd Font Mono
	seti-grunt	U+E611	58897	nerd	Terminess Nerd Font Mono
	custom-default	U+E612	58898	nerd	Terminess Nerd Font Mono
	seti-folder	U+E613	58899	nerd	Terminess Nerd Font Mono
	seti-css	U+E614	58900	nerd	Terminess Nerd Font Mono
	seti-config	U+E615	58901	nerd	Terminess Nerd Font Mono
	seti-npm_ignored	U+E616	58902	nerd	Terminess Nerd Font Mono
	seti-home	U+E617	58903	nerd	Terminess Nerd Font Mono
	seti-ejs	U+E618	58904	nerd	Terminess Nerd Font Mono
	seti-xml	U+E619	58905	nerd	Terminess Nerd Font Mono
	seti-bower	U+E61A	58906	nerd	Terminess Nerd Font Mono
	seti-coffee	U+E61B	58907	nerd	Terminess Nerd Font Mono
	seti-twig	U+E61C	58908	nerd	Terminess Nerd Font Mono
	custom-cpp	U+E61D	58909	nerd	Terminess Nerd Font Mono
	custom-c	U+E61E	58910	nerd	Terminess Nerd Font Mono
	seti-haskell	U+E61F	58911	nerd	Terminess Nerd Font Mono
	seti-lua	U+E620	58912	nerd	Terminess Nerd Font Mono
	indentation-line	U+E621	58913	nerd	Terminess Nerd Font Mono
	seti-karma	U+E622	58914	nerd	Terminess Nerd Font Mono
	seti-favicon	U+E623	58915	nerd	Terminess Nerd Font Mono
	seti-julia	U+E624	58916	nerd	Terminess Nerd Font Mono
	seti-react	U+E625	58917	nerd	Terminess Nerd Font Mono
	custom-go	U+E626	58918	nerd	Terminess Nerd Font Mono
	seti-go	U+E627	58919	nerd	Terminess Nerd Font Mono
	seti-typescript	U+E628	58920	nerd	Terminess Nerd Font Mono
	custom-msdos	U+E629	58921	nerd	Terminess Nerd Font Mono
	custom-windows	U+E62A	58922	nerd	Terminess Nerd Font Mono
	custom-vim	U+E62B	58923	nerd	Terminess Nerd Font Mono
	seti-elm	U+E62C	58924	nerd	Terminess Nerd Font Mono
	seti-elixir	U+E62D	58925	nerd	Terminess Nerd Font Mono
	custom-electron	U+E62E	58926	nerd	Terminess Nerd Font Mono
	seti-crystal	U+E62F	58927	nerd	Terminess Nerd Font Mono
	seti-purescript	U+E630	58928	nerd	Terminess Nerd Font Mono
	seti-puppet	U+E631	58929	nerd	Terminess Nerd Font Mono
	custom-emacs	U+E632	58930	nerd	Terminess Nerd Font Mono
	custom-orgmode	U+E633	58931	nerd	Terminess Nerd Font Mono
	seti-kotlin	U+E634	58932	nerd	Terminess Nerd Font Mono
	seti-apple	U+E635	58933	nerd	Terminess Nerd Font Mono
	seti-argdown	U+E636	58934	nerd	Terminess Nerd Font Mono
	seti-asm	U+E637	58935	nerd	Terminess Nerd Font Mono
	seti-audio	U+E638	58936	nerd	Terminess Nerd Font Mono
	seti-babel	U+E639	58937	nerd	Terminess Nerd Font Mono
	seti-bazel	U+E63A	58938	nerd	Terminess Nerd Font Mono
	seti-bicep	U+E63B	58939	nerd	Terminess Nerd Font Mono
	seti-bsl	U+E63C	58940	nerd	Terminess Nerd Font Mono
	seti-cake_php	U+E63D	58941	nerd	Terminess Nerd Font Mono
	seti-cake	U+E63E	58942	nerd	Terminess Nerd Font Mono
	seti-checkbox	U+E63F	58943	nerd	Terminess Nerd Font Mono
	seti-checkbox_unchecked	U+E640	58944	nerd	Terminess Nerd Font Mono
	seti-time_cop	U+E641	58945	nerd	Terminess Nerd Font Mono
	seti-clojure	U+E642	58946	nerd	Terminess Nerd Font Mono
	seti-code_climate	U+E643	58947	nerd	Terminess Nerd Font Mono
	seti-code_search	U+E644	58948	nerd	Terminess Nerd Font Mono
	seti-coldfusion	U+E645	58949	nerd	Terminess Nerd Font Mono
	seti-cpp	U+E646	58950	nerd	Terminess Nerd Font Mono
	seti-crystal_embedded	U+E647	58951	nerd	Terminess Nerd Font Mono
	seti-c_sharp	U+E648	58952	nerd	Terminess Nerd Font Mono
	seti-c	U+E649	58953	nerd	Terminess Nerd Font Mono
	seti-csv	U+E64A	58954	nerd	Terminess Nerd Font Mono
	seti-cu	U+E64B	58955	nerd	Terminess Nerd Font Mono
	seti-dart	U+E64C	58956	nerd	Terminess Nerd Font Mono
	seti-db	U+E64D	58957	nerd	Terminess Nerd Font Mono
	seti-text	U+E64E	58958	nerd	Terminess Nerd Font Mono
	seti-deprecation_cop	U+E64F	58959	nerd	Terminess Nerd Font Mono
	seti-docker	U+E650	58960	nerd	Terminess Nerd Font Mono
	seti-d	U+E651	58961	nerd	Terminess Nerd Font Mono
	seti-editorconfig	U+E652	58962	nerd	Terminess Nerd Font Mono
	seti-elixir_script	U+E653	58963	nerd	Terminess Nerd Font Mono
	seti-error	U+E654	58964	nerd	Terminess Nerd Font Mono
	seti-eslint	U+E655	58965	nerd	Terminess Nerd Font Mono
	seti-ethereum	U+E656	58966	nerd	Terminess Nerd Font Mono
	seti-firebase	U+E657	58967	nerd	Terminess Nerd Font Mono
	seti-firefox	U+E658	58968	nerd	Terminess Nerd Font Mono
	seti-font	U+E659	58969	nerd	Terminess Nerd Font Mono
	seti-f_sharp	U+E65A	58970	nerd	Terminess Nerd Font Mono
	seti-github	U+E65B	58971	nerd	Terminess Nerd Font Mono
	seti-gitlab	U+E65C	58972	nerd	Terminess Nerd Font Mono
	seti-git_ignore	U+E65D	58973	nerd	Terminess Nerd Font Mono
	seti-go2	U+E65E	58974	nerd	Terminess Nerd Font Mono
	seti-godot	U+E65F	58975	nerd	Terminess Nerd Font Mono
	seti-gradle	U+E660	58976	nerd	Terminess Nerd Font Mono
	seti-grails	U+E661	58977	nerd	Terminess Nerd Font Mono
	seti-graphql	U+E662	58978	nerd	Terminess Nerd Font Mono
	seti-hacklang	U+E663	58979	nerd	Terminess Nerd Font Mono
	seti-haml	U+E664	58980	nerd	Terminess Nerd Font Mono
	seti-happenings	U+E665	58981	nerd	Terminess Nerd Font Mono
	seti-haxe	U+E666	58982	nerd	Terminess Nerd Font Mono
	seti-hex	U+E667	58983	nerd	Terminess Nerd Font Mono
	seti-ignored	U+E668	58984	nerd	Terminess Nerd Font Mono
	seti-illustrator	U+E669	58985	nerd	Terminess Nerd Font Mono
	seti-info	U+E66A	58986	nerd	Terminess Nerd Font Mono
	seti-ionic	U+E66B	58987	nerd	Terminess Nerd Font Mono
	seti-jade	U+E66C	58988	nerd	Terminess Nerd Font Mono
	seti-java	U+E66D	58989	nerd	Terminess Nerd Font Mono
	seti-jenkins	U+E66E	58990	nerd	Terminess Nerd Font Mono
	seti-jinja	U+E66F	58991	nerd	Terminess Nerd Font Mono
	seti-liquid	U+E670	58992	nerd	Terminess Nerd Font Mono
	seti-livescript	U+E671	58993	nerd	Terminess Nerd Font Mono
	seti-lock	U+E672	58994	nerd	Terminess Nerd Font Mono
	seti-makefile	U+E673	58995	nerd	Terminess Nerd Font Mono
	seti-maven	U+E674	58996	nerd	Terminess Nerd Font Mono
	seti-mdo	U+E675	58997	nerd	Terminess Nerd Font Mono
	seti-new_file	U+E676	58998	nerd	Terminess Nerd Font Mono
	seti-nim	U+E677	58999	nerd	Terminess Nerd Font Mono
	seti-notebook	U+E678	59000	nerd	Terminess Nerd Font Mono
	seti-nunjucks	U+E679	59001	nerd	Terminess Nerd Font Mono
	seti-ocaml	U+E67A	59002	nerd	Terminess Nerd Font Mono
	seti-odata	U+E67B	59003	nerd	Terminess Nerd Font Mono
	seti-pddl	U+E67C	59004	nerd	Terminess Nerd Font Mono
	seti-pdf	U+E67D	59005	nerd	Terminess Nerd Font Mono
	seti-perl	U+E67E	59006	nerd	Terminess Nerd Font Mono
	seti-photoshop	U+E67F	59007	nerd	Terminess Nerd Font Mono
	seti-pipeline	U+E680	59008	nerd	Terminess Nerd Font Mono
	seti-plan	U+E681	59009	nerd	Terminess Nerd Font Mono
	seti-platformio	U+E682	59010	nerd	Terminess Nerd Font Mono
	seti-powershell	U+E683	59011	nerd	Terminess Nerd Font Mono
	seti-prisma	U+E684	59012	nerd	Terminess Nerd Font Mono
	seti-prolog	U+E685	59013	nerd	Terminess Nerd Font Mono
	seti-pug	U+E686	59014	nerd	Terminess Nerd Font Mono
	seti-reasonml	U+E687	59015	nerd	Terminess Nerd Font Mono
	seti-rescript	U+E688	59016	nerd	Terminess Nerd Font Mono
	seti-rollup	U+E689	59017	nerd	Terminess Nerd Font Mono
	seti-r	U+E68A	59018	nerd	Terminess Nerd Font Mono
	seti-rust	U+E68B	59019	nerd	Terminess Nerd Font Mono
	seti-salesforce	U+E68C	59020	nerd	Terminess Nerd Font Mono
	seti-sbt	U+E68D	59021	nerd	Terminess Nerd Font Mono
	seti-scala	U+E68E	59022	nerd	Terminess Nerd Font Mono
	seti-search	U+E68F	59023	nerd	Terminess Nerd Font Mono
	seti-settings	U+E690	59024	nerd	Terminess Nerd Font Mono
	seti-shell	U+E691	59025	nerd	Terminess Nerd Font Mono
	seti-slim	U+E692	59026	nerd	Terminess Nerd Font Mono
	seti-smarty	U+E693	59027	nerd	Terminess Nerd Font Mono
	seti-spring	U+E694	59028	nerd	Terminess Nerd Font Mono
	seti-stylelint	U+E695	59029	nerd	Terminess Nerd Font Mono
	seti-sublime	U+E696	59030	nerd	Terminess Nerd Font Mono
	seti-svelte	U+E697	59031	nerd	Terminess Nerd Font Mono
	seti-svg	U+E698	59032	nerd	Terminess Nerd Font Mono
	seti-swift	U+E699	59033	nerd	Terminess Nerd Font Mono
	seti-terraform	U+E69A	59034	nerd	Terminess Nerd Font Mono
	seti-tex	U+E69B	59035	nerd	Terminess Nerd Font Mono
	seti-todo	U+E69C	59036	nerd	Terminess Nerd Font Mono
	seti-tsconfig	U+E69D	59037	nerd	Terminess Nerd Font Mono
	seti-vala	U+E69E	59038	nerd	Terminess Nerd Font Mono
	seti-video	U+E69F	59039	nerd	Terminess Nerd Font Mono
	seti-vue	U+E6A0	59040	nerd	Terminess Nerd Font Mono
	seti-wasm	U+E6A1	59041	nerd	Terminess Nerd Font Mono
	seti-wat	U+E6A2	59042	nerd	Terminess Nerd Font Mono
	seti-webpack	U+E6A3	59043	nerd	Terminess Nerd Font Mono
	seti-wgt	U+E6A4	59044	nerd	Terminess Nerd Font Mono
	seti-word	U+E6A5	59045	nerd	Terminess Nerd Font Mono
	seti-xls	U+E6A6	59046	nerd	Terminess Nerd Font Mono
	seti-yarn	U+E6A7	59047	nerd	Terminess Nerd Font Mono
	seti-yml	U+E6A8	59048	nerd	Terminess Nerd Font Mono
	seti-zig	U+E6A9	59049	nerd	Terminess Nerd Font Mono
	seti-zip	U+E6AA	59050	nerd	Terminess Nerd Font Mono
	custom-asm	U+E6AB	59051	nerd	Terminess Nerd Font Mono
	custom-v_lang	U+E6AC	59052	nerd	Terminess Nerd Font Mono
	custom-folder_oct	U+E6AD	59053	nerd	Terminess Nerd Font Mono
	custom-neovim	U+E6AE	59054	nerd	Terminess Nerd Font Mono
	custom-fennel	U+E6AF	59055	nerd	Terminess Nerd Font Mono
	custom-common_lisp	U+E6B0	59056	nerd	Terminess Nerd Font Mono
	custom-scheme	U+E6B1	59057	nerd	Terminess Nerd Font Mono
	custom-toml	U+E6B2	59058	nerd	Terminess Nerd Font Mono
	custom-astro	U+E6B3	59059	nerd	Terminess Nerd Font Mono
	custom-prettier	U+E6B4	59060	nerd	Terminess Nerd Font Mono
	custom-ada	U+E6B5	59061	nerd	Terminess Nerd Font Mono
	custom-chuck	U+E6B6	59062	nerd	Terminess Nerd Font Mono
	custom-vitruvian	U+E6B7	59063	nerd	Terminess Nerd Font Mono
	custom-css	U+E6B8	59064	nerd	Terminess Nerd Font Mono
	dev-aarch64	U+E700	59136	nerd	Terminess Nerd Font Mono
	dev-adonisjs	U+E701	59137	nerd	Terminess Nerd Font Mono
	dev-git	U+E702	59138	nerd	Terminess Nerd Font Mono
	dev-bitbucket	U+E703	59139	nerd	Terminess Nerd Font Mono
	dev-mysql	U+E704	59140	nerd	Terminess Nerd Font Mono
	dev-aftereffects	U+E705	59141	nerd	Terminess Nerd Font Mono
	dev-database	U+E706	59142	nerd	Terminess Nerd Font Mono
	dev-dropbox	U+E707	59143	nerd	Terminess Nerd Font Mono
	dev-akka	U+E708	59144	nerd	Terminess Nerd Font Mono
	dev-github_badge	U+E709	59145	nerd	Terminess Nerd Font Mono
	dev-algolia	U+E70A	59146	nerd	Terminess Nerd Font Mono
	dev-wordpress	U+E70B	59147	nerd	Terminess Nerd Font Mono
	dev-visualstudio	U+E70C	59148	nerd	Terminess Nerd Font Mono
	dev-jekyll_small	U+E70D	59149	nerd	Terminess Nerd Font Mono
	dev-android	U+E70E	59150	nerd	Terminess Nerd Font Mono
	dev-windows	U+E70F	59151	nerd	Terminess Nerd Font Mono
	dev-stackoverflow	U+E710	59152	nerd	Terminess Nerd Font Mono
	dev-apple	U+E711	59153	nerd	Terminess Nerd Font Mono
	dev-linux	U+E712	59154	nerd	Terminess Nerd Font Mono
	dev-alpinejs	U+E713	59155	nerd	Terminess Nerd Font Mono
	dev-ghost_small	U+E714	59156	nerd	Terminess Nerd Font Mono
	dev-anaconda	U+E715	59157	nerd	Terminess Nerd Font Mono
	dev-codepen	U+E716	59158	nerd	Terminess Nerd Font Mono
	dev-github_full	U+E717	59159	nerd	Terminess Nerd Font Mono
	dev-nodejs_small	U+E718	59160	nerd	Terminess Nerd Font Mono
	dev-nodejs	U+E719	59161	nerd	Terminess Nerd Font Mono
	dev-androidstudio	U+E71A	59162	nerd	Terminess Nerd Font Mono
	dev-ember	U+E71B	59163	nerd	Terminess Nerd Font Mono
	dev-angularjs	U+E71C	59164	nerd	Terminess Nerd Font Mono
	dev-django	U+E71D	59165	nerd	Terminess Nerd Font Mono
	dev-npm	U+E71E	59166	nerd	Terminess Nerd Font Mono
	dev-ghost	U+E71F	59167	nerd	Terminess Nerd Font Mono
	dev-angularmaterial	U+E720	59168	nerd	Terminess Nerd Font Mono
	dev-unity_small	U+E721	59169	nerd	Terminess Nerd Font Mono
	dev-raspberry_pi	U+E722	59170	nerd	Terminess Nerd Font Mono
	dev-ansible	U+E723	59171	nerd	Terminess Nerd Font Mono
	dev-go	U+E724	59172	nerd	Terminess Nerd Font Mono
	dev-git_branch	U+E725	59173	nerd	Terminess Nerd Font Mono
	dev-git_pull_request	U+E726	59174	nerd	Terminess Nerd Font Mono
	dev-git_merge	U+E727	59175	nerd	Terminess Nerd Font Mono
	dev-git_compare	U+E728	59176	nerd	Terminess Nerd Font Mono
	dev-git_commit	U+E729	59177	nerd	Terminess Nerd Font Mono
	dev-antdesign	U+E72A	59178	nerd	Terminess Nerd Font Mono
	dev-apache	U+E72B	59179	nerd	Terminess Nerd Font Mono
	dev-apacheairflow	U+E72C	59180	nerd	Terminess Nerd Font Mono
	dev-smashing_magazine	U+E72D	59181	nerd	Terminess Nerd Font Mono
	dev-apachekafka	U+E72E	59182	nerd	Terminess Nerd Font Mono
	dev-apachespark	U+E72F	59183	nerd	Terminess Nerd Font Mono
	dev-apl	U+E730	59184	nerd	Terminess Nerd Font Mono
	dev-appwrite	U+E731	59185	nerd	Terminess Nerd Font Mono
	dev-archlinux	U+E732	59186	nerd	Terminess Nerd Font Mono
	dev-arduino	U+E733	59187	nerd	Terminess Nerd Font Mono
	dev-argocd	U+E734	59188	nerd	Terminess Nerd Font Mono
	dev-astro	U+E735	59189	nerd	Terminess Nerd Font Mono
	dev-html5	U+E736	59190	nerd	Terminess Nerd Font Mono
	dev-scala	U+E737	59191	nerd	Terminess Nerd Font Mono
	dev-java	U+E738	59192	nerd	Terminess Nerd Font Mono
	dev-ruby	U+E739	59193	nerd	Terminess Nerd Font Mono
	dev-ubuntu	U+E73A	59194	nerd	Terminess Nerd Font Mono
	dev-ruby_on_rails	U+E73B	59195	nerd	Terminess Nerd Font Mono
	dev-python	U+E73C	59196	nerd	Terminess Nerd Font Mono
	dev-php	U+E73D	59197	nerd	Terminess Nerd Font Mono
	dev-markdown	U+E73E	59198	nerd	Terminess Nerd Font Mono
	dev-laravel	U+E73F	59199	nerd	Terminess Nerd Font Mono
	dev-magento	U+E740	59200	nerd	Terminess Nerd Font Mono
	dev-awk	U+E741	59201	nerd	Terminess Nerd Font Mono
	dev-drupal	U+E742	59202	nerd	Terminess Nerd Font Mono
	dev-chrome	U+E743	59203	nerd	Terminess Nerd Font Mono
	dev-ie	U+E744	59204	nerd	Terminess Nerd Font Mono
	dev-firefox	U+E745	59205	nerd	Terminess Nerd Font Mono
	dev-opera	U+E746	59206	nerd	Terminess Nerd Font Mono
	dev-bootstrap	U+E747	59207	nerd	Terminess Nerd Font Mono
	dev-safari	U+E748	59208	nerd	Terminess Nerd Font Mono
	dev-css3	U+E749	59209	nerd	Terminess Nerd Font Mono
	dev-css3_full	U+E74A	59210	nerd	Terminess Nerd Font Mono
	dev-sass	U+E74B	59211	nerd	Terminess Nerd Font Mono
	dev-grunt	U+E74C	59212	nerd	Terminess Nerd Font Mono
	dev-bower	U+E74D	59213	nerd	Terminess Nerd Font Mono
	dev-javascript_alt	U+E74E	59214	nerd	Terminess Nerd Font Mono
	dev-axios	U+E74F	59215	nerd	Terminess Nerd Font Mono
	dev-jquery	U+E750	59216	nerd	Terminess Nerd Font Mono
	dev-coffeescript	U+E751	59217	nerd	Terminess Nerd Font Mono
	dev-backbonejs	U+E752	59218	nerd	Terminess Nerd Font Mono
	dev-angular	U+E753	59219	nerd	Terminess Nerd Font Mono
	dev-azure	U+E754	59220	nerd	Terminess Nerd Font Mono
	dev-swift	U+E755	59221	nerd	Terminess Nerd Font Mono
	dev-azuredevops	U+E756	59222	nerd	Terminess Nerd Font Mono
	dev-symfony_badge	U+E757	59223	nerd	Terminess Nerd Font Mono
	dev-less	U+E758	59224	nerd	Terminess Nerd Font Mono
	dev-stylus	U+E759	59225	nerd	Terminess Nerd Font Mono
	dev-trello	U+E75A	59226	nerd	Terminess Nerd Font Mono
	dev-azuresqldatabase	U+E75B	59227	nerd	Terminess Nerd Font Mono
	dev-jira	U+E75C	59228	nerd	Terminess Nerd Font Mono
	dev-babel	U+E75D	59229	nerd	Terminess Nerd Font Mono
	dev-ballerina	U+E75E	59230	nerd	Terminess Nerd Font Mono
	dev-bamboo	U+E75F	59231	nerd	Terminess Nerd Font Mono
	dev-bash	U+E760	59232	nerd	Terminess Nerd Font Mono
	dev-beats	U+E761	59233	nerd	Terminess Nerd Font Mono
	dev-behance	U+E762	59234	nerd	Terminess Nerd Font Mono
	dev-gulp	U+E763	59235	nerd	Terminess Nerd Font Mono
	dev-atom	U+E764	59236	nerd	Terminess Nerd Font Mono
	dev-blazor	U+E765	59237	nerd	Terminess Nerd Font Mono
	dev-blender	U+E766	59238	nerd	Terminess Nerd Font Mono
	dev-jenkins	U+E767	59239	nerd	Terminess Nerd Font Mono
	dev-clojure	U+E768	59240	nerd	Terminess Nerd Font Mono
	dev-perl	U+E769	59241	nerd	Terminess Nerd Font Mono
	dev-clojure_alt	U+E76A	59242	nerd	Terminess Nerd Font Mono
	dev-browserstack	U+E76B	59243	nerd	Terminess Nerd Font Mono
	dev-bulma	U+E76C	59244	nerd	Terminess Nerd Font Mono
	dev-redis	U+E76D	59245	nerd	Terminess Nerd Font Mono
	dev-postgresql	U+E76E	59246	nerd	Terminess Nerd Font Mono
	dev-bun	U+E76F	59247	nerd	Terminess Nerd Font Mono
	dev-requirejs	U+E770	59248	nerd	Terminess Nerd Font Mono
	dev-c_lang	U+E771	59249	nerd	Terminess Nerd Font Mono
	dev-typo3	U+E772	59250	nerd	Terminess Nerd Font Mono
	dev-cairo	U+E773	59251	nerd	Terminess Nerd Font Mono
	dev-doctrine	U+E774	59252	nerd	Terminess Nerd Font Mono
	dev-groovy	U+E775	59253	nerd	Terminess Nerd Font Mono
	dev-nginx	U+E776	59254	nerd	Terminess Nerd Font Mono
	dev-haskell	U+E777	59255	nerd	Terminess Nerd Font Mono
	dev-zend	U+E778	59256	nerd	Terminess Nerd Font Mono
	dev-gnu	U+E779	59257	nerd	Terminess Nerd Font Mono
	dev-cakephp	U+E77A	59258	nerd	Terminess Nerd Font Mono
	dev-heroku	U+E77B	59259	nerd	Terminess Nerd Font Mono
	dev-canva	U+E77C	59260	nerd	Terminess Nerd Font Mono
	dev-debian	U+E77D	59261	nerd	Terminess Nerd Font Mono
	dev-travis	U+E77E	59262	nerd	Terminess Nerd Font Mono
	dev-dotnet	U+E77F	59263	nerd	Terminess Nerd Font Mono
	dev-codeigniter	U+E780	59264	nerd	Terminess Nerd Font Mono
	dev-javascript_badge	U+E781	59265	nerd	Terminess Nerd Font Mono
	dev-yii	U+E782	59266	nerd	Terminess Nerd Font Mono
	dev-composer	U+E783	59267	nerd	Terminess Nerd Font Mono
	dev-krakenjs_badge	U+E784	59268	nerd	Terminess Nerd Font Mono
	dev-capacitor	U+E785	59269	nerd	Terminess Nerd Font Mono
	dev-mozilla	U+E786	59270	nerd	Terminess Nerd Font Mono
	dev-firebase	U+E787	59271	nerd	Terminess Nerd Font Mono
	dev-carbon	U+E788	59272	nerd	Terminess Nerd Font Mono
	dev-cassandra	U+E789	59273	nerd	Terminess Nerd Font Mono
	dev-centos	U+E78A	59274	nerd	Terminess Nerd Font Mono
	dev-ceylon	U+E78B	59275	nerd	Terminess Nerd Font Mono
	dev-circleci	U+E78C	59276	nerd	Terminess Nerd Font Mono
	dev-clarity	U+E78D	59277	nerd	Terminess Nerd Font Mono
	dev-clion	U+E78E	59278	nerd	Terminess Nerd Font Mono
	dev-mootools_badge	U+E78F	59279	nerd	Terminess Nerd Font Mono
	dev-clojurescript	U+E790	59280	nerd	Terminess Nerd Font Mono
	dev-ruby_rough	U+E791	59281	nerd	Terminess Nerd Font Mono
	dev-cloudflare	U+E792	59282	nerd	Terminess Nerd Font Mono
	dev-cloudflareworkers	U+E793	59283	nerd	Terminess Nerd Font Mono
	dev-cmake	U+E794	59284	nerd	Terminess Nerd Font Mono
	dev-terminal	U+E795	59285	nerd	Terminess Nerd Font Mono
	dev-codeac	U+E796	59286	nerd	Terminess Nerd Font Mono
	dev-codecov	U+E797	59287	nerd	Terminess Nerd Font Mono
	dev-dart	U+E798	59288	nerd	Terminess Nerd Font Mono
	dev-confluence	U+E799	59289	nerd	Terminess Nerd Font Mono
	dev-consul	U+E79A	59290	nerd	Terminess Nerd Font Mono
	dev-contao	U+E79B	59291	nerd	Terminess Nerd Font Mono
	dev-dreamweaver	U+E79C	59292	nerd	Terminess Nerd Font Mono
	dev-corejs	U+E79D	59293	nerd	Terminess Nerd Font Mono
	dev-eclipse	U+E79E	59294	nerd	Terminess Nerd Font Mono
	dev-cosmosdb	U+E79F	59295	nerd	Terminess Nerd Font Mono
	dev-couchbase	U+E7A0	59296	nerd	Terminess Nerd Font Mono
	dev-prolog	U+E7A1	59297	nerd	Terminess Nerd Font Mono
	dev-couchdb	U+E7A2	59298	nerd	Terminess Nerd Font Mono
	dev-cplusplus	U+E7A3	59299	nerd	Terminess Nerd Font Mono
	dev-mongodb	U+E7A4	59300	nerd	Terminess Nerd Font Mono
	dev-meteor	U+E7A5	59301	nerd	Terminess Nerd Font Mono
	dev-meteorfull	U+E7A6	59302	nerd	Terminess Nerd Font Mono
	dev-fsharp	U+E7A7	59303	nerd	Terminess Nerd Font Mono
	dev-rust	U+E7A8	59304	nerd	Terminess Nerd Font Mono
	dev-ionic	U+E7A9	59305	nerd	Terminess Nerd Font Mono
	dev-sublime	U+E7AA	59306	nerd	Terminess Nerd Font Mono
	dev-appcelerator	U+E7AB	59307	nerd	Terminess Nerd Font Mono
	dev-crystal	U+E7AC	59308	nerd	Terminess Nerd Font Mono
	dev-aws	U+E7AD	59309	nerd	Terminess Nerd Font Mono
	dev-digitalocean	U+E7AE	59310	nerd	Terminess Nerd Font Mono
	dev-dlang	U+E7AF	59311	nerd	Terminess Nerd Font Mono
	dev-docker	U+E7B0	59312	nerd	Terminess Nerd Font Mono
	dev-erlang	U+E7B1	59313	nerd	Terminess Nerd Font Mono
	dev-csharp	U+E7B2	59314	nerd	Terminess Nerd Font Mono
	dev-grails	U+E7B3	59315	nerd	Terminess Nerd Font Mono
	dev-illustrator	U+E7B4	59316	nerd	Terminess Nerd Font Mono
	dev-intellij	U+E7B5	59317	nerd	Terminess Nerd Font Mono
	dev-materializecss	U+E7B6	59318	nerd	Terminess Nerd Font Mono
	dev-cucumber	U+E7B7	59319	nerd	Terminess Nerd Font Mono
	dev-photoshop	U+E7B8	59320	nerd	Terminess Nerd Font Mono
	dev-cypressio	U+E7B9	59321	nerd	Terminess Nerd Font Mono
	dev-react	U+E7BA	59322	nerd	Terminess Nerd Font Mono
	dev-redhat	U+E7BB	59323	nerd	Terminess Nerd Font Mono
	dev-d3js	U+E7BC	59324	nerd	Terminess Nerd Font Mono
	dev-datagrip	U+E7BD	59325	nerd	Terminess Nerd Font Mono
	dev-dataspell	U+E7BE	59326	nerd	Terminess Nerd Font Mono
	dev-dbeaver	U+E7BF	59327	nerd	Terminess Nerd Font Mono
	dev-denojs	U+E7C0	59328	nerd	Terminess Nerd Font Mono
	dev-devicon	U+E7C1	59329	nerd	Terminess Nerd Font Mono
	dev-discordjs	U+E7C2	59330	nerd	Terminess Nerd Font Mono
	dev-djangorest	U+E7C3	59331	nerd	Terminess Nerd Font Mono
	dev-sqlite	U+E7C4	59332	nerd	Terminess Nerd Font Mono
	dev-vim	U+E7C5	59333	nerd	Terminess Nerd Font Mono
	dev-dotnetcore	U+E7C6	59334	nerd	Terminess Nerd Font Mono
	dev-dropwizard	U+E7C7	59335	nerd	Terminess Nerd Font Mono
	dev-dynamodb	U+E7C8	59336	nerd	Terminess Nerd Font Mono
	dev-ecto	U+E7C9	59337	nerd	Terminess Nerd Font Mono
	dev-elasticsearch	U+E7CA	59338	nerd	Terminess Nerd Font Mono
	dev-electron	U+E7CB	59339	nerd	Terminess Nerd Font Mono
	dev-eleventy	U+E7CC	59340	nerd	Terminess Nerd Font Mono
	dev-elixir	U+E7CD	59341	nerd	Terminess Nerd Font Mono
	dev-elm	U+E7CE	59342	nerd	Terminess Nerd Font Mono
	dev-emacs	U+E7CF	59343	nerd	Terminess Nerd Font Mono
	dev-embeddedc	U+E7D0	59344	nerd	Terminess Nerd Font Mono
	dev-envoy	U+E7D1	59345	nerd	Terminess Nerd Font Mono
	dev-eslint	U+E7D2	59346	nerd	Terminess Nerd Font Mono
	dev-express	U+E7D3	59347	nerd	Terminess Nerd Font Mono
	dev-facebook	U+E7D4	59348	nerd	Terminess Nerd Font Mono
	dev-fastapi	U+E7D5	59349	nerd	Terminess Nerd Font Mono
	dev-fastify	U+E7D6	59350	nerd	Terminess Nerd Font Mono
	dev-faunadb	U+E7D7	59351	nerd	Terminess Nerd Font Mono
	dev-feathersjs	U+E7D8	59352	nerd	Terminess Nerd Font Mono
	dev-fedora	U+E7D9	59353	nerd	Terminess Nerd Font Mono
	dev-figma	U+E7DA	59354	nerd	Terminess Nerd Font Mono
	dev-filezilla	U+E7DB	59355	nerd	Terminess Nerd Font Mono
	dev-flask	U+E7DC	59356	nerd	Terminess Nerd Font Mono
	dev-flutter	U+E7DD	59357	nerd	Terminess Nerd Font Mono
	dev-fortran	U+E7DE	59358	nerd	Terminess Nerd Font Mono
	dev-foundation	U+E7DF	59359	nerd	Terminess Nerd Font Mono
	dev-framermotion	U+E7E0	59360	nerd	Terminess Nerd Font Mono
	dev-framework7	U+E7E1	59361	nerd	Terminess Nerd Font Mono
	dev-gatling	U+E7E2	59362	nerd	Terminess Nerd Font Mono
	dev-gatsby	U+E7E3	59363	nerd	Terminess Nerd Font Mono
	dev-gazebo	U+E7E4	59364	nerd	Terminess Nerd Font Mono
	dev-gcc	U+E7E5	59365	nerd	Terminess Nerd Font Mono
	dev-gentoo	U+E7E6	59366	nerd	Terminess Nerd Font Mono
	dev-gimp	U+E7E7	59367	nerd	Terminess Nerd Font Mono
	dev-gitbook	U+E7E8	59368	nerd	Terminess Nerd Font Mono
	dev-githubactions	U+E7E9	59369	nerd	Terminess Nerd Font Mono
	dev-githubcodespaces	U+E7EA	59370	nerd	Terminess Nerd Font Mono
	dev-gitlab	U+E7EB	59371	nerd	Terminess Nerd Font Mono
	dev-gitpod	U+E7EC	59372	nerd	Terminess Nerd Font Mono
	dev-gitter	U+E7ED	59373	nerd	Terminess Nerd Font Mono
	dev-godot	U+E7EE	59374	nerd	Terminess Nerd Font Mono
	dev-goland	U+E7EF	59375	nerd	Terminess Nerd Font Mono
	dev-google	U+E7F0	59376	nerd	Terminess Nerd Font Mono
	dev-googlecloud	U+E7F1	59377	nerd	Terminess Nerd Font Mono
	dev-gradle	U+E7F2	59378	nerd	Terminess Nerd Font Mono
	dev-grafana	U+E7F3	59379	nerd	Terminess Nerd Font Mono
	dev-graphql	U+E7F4	59380	nerd	Terminess Nerd Font Mono
	dev-grpc	U+E7F5	59381	nerd	Terminess Nerd Font Mono
	dev-hadoop	U+E7F6	59382	nerd	Terminess Nerd Font Mono
	dev-handlebars	U+E7F7	59383	nerd	Terminess Nerd Font Mono
	dev-hardhat	U+E7F8	59384	nerd	Terminess Nerd Font Mono
	dev-harvester	U+E7F9	59385	nerd	Terminess Nerd Font Mono
	dev-haxe	U+E7FA	59386	nerd	Terminess Nerd Font Mono
	dev-helm	U+E7FB	59387	nerd	Terminess Nerd Font Mono
	dev-hibernate	U+E7FC	59388	nerd	Terminess Nerd Font Mono
	dev-homebrew	U+E7FD	59389	nerd	Terminess Nerd Font Mono
	dev-hugo	U+E7FE	59390	nerd	Terminess Nerd Font Mono
	dev-ifttt	U+E7FF	59391	nerd	Terminess Nerd Font Mono
	dev-influxdb	U+E800	59392	nerd	Terminess Nerd Font Mono
	dev-inkscape	U+E801	59393	nerd	Terminess Nerd Font Mono
	dev-insomnia	U+E802	59394	nerd	Terminess Nerd Font Mono
	dev-jaegertracing	U+E803	59395	nerd	Terminess Nerd Font Mono
	dev-jamstack	U+E804	59396	nerd	Terminess Nerd Font Mono
	dev-jasmine	U+E805	59397	nerd	Terminess Nerd Font Mono
	dev-jeet	U+E806	59398	nerd	Terminess Nerd Font Mono
	dev-jest	U+E807	59399	nerd	Terminess Nerd Font Mono
	dev-jetbrains	U+E808	59400	nerd	Terminess Nerd Font Mono
	dev-jetpackcompose	U+E809	59401	nerd	Terminess Nerd Font Mono
	dev-jiraalign	U+E80A	59402	nerd	Terminess Nerd Font Mono
	dev-json	U+E80B	59403	nerd	Terminess Nerd Font Mono
	dev-jule	U+E80C	59404	nerd	Terminess Nerd Font Mono
	dev-julia	U+E80D	59405	nerd	Terminess Nerd Font Mono
	dev-junit	U+E80E	59406	nerd	Terminess Nerd Font Mono
	dev-jupyter	U+E80F	59407	nerd	Terminess Nerd Font Mono
	dev-k3os	U+E810	59408	nerd	Terminess Nerd Font Mono
	dev-k3s	U+E811	59409	nerd	Terminess Nerd Font Mono
	dev-k6	U+E812	59410	nerd	Terminess Nerd Font Mono
	dev-kaggle	U+E813	59411	nerd	Terminess Nerd Font Mono
	dev-karatelabs	U+E814	59412	nerd	Terminess Nerd Font Mono
	dev-karma	U+E815	59413	nerd	Terminess Nerd Font Mono
	dev-kdeneon	U+E816	59414	nerd	Terminess Nerd Font Mono
	dev-keras	U+E817	59415	nerd	Terminess Nerd Font Mono
	dev-kibana	U+E818	59416	nerd	Terminess Nerd Font Mono
	dev-knexjs	U+E819	59417	nerd	Terminess Nerd Font Mono
	dev-knockout	U+E81A	59418	nerd	Terminess Nerd Font Mono
	dev-kotlin	U+E81B	59419	nerd	Terminess Nerd Font Mono
	dev-ktor	U+E81C	59420	nerd	Terminess Nerd Font Mono
	dev-kubernetes	U+E81D	59421	nerd	Terminess Nerd Font Mono
	dev-labview	U+E81E	59422	nerd	Terminess Nerd Font Mono
	dev-latex	U+E81F	59423	nerd	Terminess Nerd Font Mono
	dev-linkedin	U+E820	59424	nerd	Terminess Nerd Font Mono
	dev-liquibase	U+E821	59425	nerd	Terminess Nerd Font Mono
	dev-livewire	U+E822	59426	nerd	Terminess Nerd Font Mono
	dev-llvm	U+E823	59427	nerd	Terminess Nerd Font Mono
	dev-lodash	U+E824	59428	nerd	Terminess Nerd Font Mono
	dev-logstash	U+E825	59429	nerd	Terminess Nerd Font Mono
	dev-lua	U+E826	59430	nerd	Terminess Nerd Font Mono
	dev-lumen	U+E827	59431	nerd	Terminess Nerd Font Mono
	dev-mariadb	U+E828	59432	nerd	Terminess Nerd Font Mono
	dev-materialui	U+E829	59433	nerd	Terminess Nerd Font Mono
	dev-matlab	U+E82A	59434	nerd	Terminess Nerd Font Mono
	dev-matplotlib	U+E82B	59435	nerd	Terminess Nerd Font Mono
	dev-maven	U+E82C	59436	nerd	Terminess Nerd Font Mono
	dev-maya	U+E82D	59437	nerd	Terminess Nerd Font Mono
	dev-microsoftsqlserver	U+E82E	59438	nerd	Terminess Nerd Font Mono
	dev-minitab	U+E82F	59439	nerd	Terminess Nerd Font Mono
	dev-mithril	U+E830	59440	nerd	Terminess Nerd Font Mono
	dev-mobx	U+E831	59441	nerd	Terminess Nerd Font Mono
	dev-mocha	U+E832	59442	nerd	Terminess Nerd Font Mono
	dev-modx	U+E833	59443	nerd	Terminess Nerd Font Mono
	dev-moleculer	U+E834	59444	nerd	Terminess Nerd Font Mono
	dev-mongoose	U+E835	59445	nerd	Terminess Nerd Font Mono
	dev-moodle	U+E836	59446	nerd	Terminess Nerd Font Mono
	dev-msdos	U+E837	59447	nerd	Terminess Nerd Font Mono
	dev-nano	U+E838	59448	nerd	Terminess Nerd Font Mono
	dev-neo4j	U+E839	59449	nerd	Terminess Nerd Font Mono
	dev-neovim	U+E83A	59450	nerd	Terminess Nerd Font Mono
	dev-nestjs	U+E83B	59451	nerd	Terminess Nerd Font Mono
	dev-netlify	U+E83C	59452	nerd	Terminess Nerd Font Mono
	dev-networkx	U+E83D	59453	nerd	Terminess Nerd Font Mono
	dev-nextjs	U+E83E	59454	nerd	Terminess Nerd Font Mono
	dev-ngrx	U+E83F	59455	nerd	Terminess Nerd Font Mono
	dev-nhibernate	U+E840	59456	nerd	Terminess Nerd Font Mono
	dev-nim	U+E841	59457	nerd	Terminess Nerd Font Mono
	dev-nimble	U+E842	59458	nerd	Terminess Nerd Font Mono
	dev-nixos	U+E843	59459	nerd	Terminess Nerd Font Mono
	dev-nodemon	U+E844	59460	nerd	Terminess Nerd Font Mono
	dev-nodewebkit	U+E845	59461	nerd	Terminess Nerd Font Mono
	dev-nomad	U+E846	59462	nerd	Terminess Nerd Font Mono
	dev-norg	U+E847	59463	nerd	Terminess Nerd Font Mono
	dev-notion	U+E848	59464	nerd	Terminess Nerd Font Mono
	dev-nuget	U+E849	59465	nerd	Terminess Nerd Font Mono
	dev-numpy	U+E84A	59466	nerd	Terminess Nerd Font Mono
	dev-nuxtjs	U+E84B	59467	nerd	Terminess Nerd Font Mono
	dev-oauth	U+E84C	59468	nerd	Terminess Nerd Font Mono
	dev-objectivec	U+E84D	59469	nerd	Terminess Nerd Font Mono
	dev-ocaml	U+E84E	59470	nerd	Terminess Nerd Font Mono
	dev-ohmyzsh	U+E84F	59471	nerd	Terminess Nerd Font Mono
	dev-okta	U+E850	59472	nerd	Terminess Nerd Font Mono
	dev-openal	U+E851	59473	nerd	Terminess Nerd Font Mono
	dev-openapi	U+E852	59474	nerd	Terminess Nerd Font Mono
	dev-opencl	U+E853	59475	nerd	Terminess Nerd Font Mono
	dev-opencv	U+E854	59476	nerd	Terminess Nerd Font Mono
	dev-opengl	U+E855	59477	nerd	Terminess Nerd Font Mono
	dev-openstack	U+E856	59478	nerd	Terminess Nerd Font Mono
	dev-opensuse	U+E857	59479	nerd	Terminess Nerd Font Mono
	dev-opentelemetry	U+E858	59480	nerd	Terminess Nerd Font Mono
	dev-oracle	U+E859	59481	nerd	Terminess Nerd Font Mono
	dev-ory	U+E85A	59482	nerd	Terminess Nerd Font Mono
	dev-p5js	U+E85B	59483	nerd	Terminess Nerd Font Mono
	dev-packer	U+E85C	59484	nerd	Terminess Nerd Font Mono
	dev-pandas	U+E85D	59485	nerd	Terminess Nerd Font Mono
	dev-pfsense	U+E85E	59486	nerd	Terminess Nerd Font Mono
	dev-phalcon	U+E85F	59487	nerd	Terminess Nerd Font Mono
	dev-phoenix	U+E860	59488	nerd	Terminess Nerd Font Mono
	dev-photonengine	U+E861	59489	nerd	Terminess Nerd Font Mono
	dev-phpstorm	U+E862	59490	nerd	Terminess Nerd Font Mono
	dev-playwright	U+E863	59491	nerd	Terminess Nerd Font Mono
	dev-plotly	U+E864	59492	nerd	Terminess Nerd Font Mono
	dev-pnpm	U+E865	59493	nerd	Terminess Nerd Font Mono
	dev-podman	U+E866	59494	nerd	Terminess Nerd Font Mono
	dev-poetry	U+E867	59495	nerd	Terminess Nerd Font Mono
	dev-polygon	U+E868	59496	nerd	Terminess Nerd Font Mono
	dev-portainer	U+E869	59497	nerd	Terminess Nerd Font Mono
	dev-postcss	U+E86A	59498	nerd	Terminess Nerd Font Mono
	dev-postman	U+E86B	59499	nerd	Terminess Nerd Font Mono
	dev-powershell	U+E86C	59500	nerd	Terminess Nerd Font Mono
	dev-premierepro	U+E86D	59501	nerd	Terminess Nerd Font Mono
	dev-prisma	U+E86E	59502	nerd	Terminess Nerd Font Mono
	dev-processing	U+E86F	59503	nerd	Terminess Nerd Font Mono
	dev-prometheus	U+E870	59504	nerd	Terminess Nerd Font Mono
	dev-protractor	U+E871	59505	nerd	Terminess Nerd Font Mono
	dev-pulsar	U+E872	59506	nerd	Terminess Nerd Font Mono
	dev-pulumi	U+E873	59507	nerd	Terminess Nerd Font Mono
	dev-puppeteer	U+E874	59508	nerd	Terminess Nerd Font Mono
	dev-purescript	U+E875	59509	nerd	Terminess Nerd Font Mono
	dev-putty	U+E876	59510	nerd	Terminess Nerd Font Mono
	dev-pycharm	U+E877	59511	nerd	Terminess Nerd Font Mono
	dev-pypi	U+E878	59512	nerd	Terminess Nerd Font Mono
	dev-pyscript	U+E879	59513	nerd	Terminess Nerd Font Mono
	dev-pytest	U+E87A	59514	nerd	Terminess Nerd Font Mono
	dev-pytorch	U+E87B	59515	nerd	Terminess Nerd Font Mono
	dev-qodana	U+E87C	59516	nerd	Terminess Nerd Font Mono
	dev-qt	U+E87D	59517	nerd	Terminess Nerd Font Mono
	dev-quarkus	U+E87E	59518	nerd	Terminess Nerd Font Mono
	dev-quasar	U+E87F	59519	nerd	Terminess Nerd Font Mono
	dev-qwik	U+E880	59520	nerd	Terminess Nerd Font Mono
	dev-r	U+E881	59521	nerd	Terminess Nerd Font Mono
	dev-rabbitmq	U+E882	59522	nerd	Terminess Nerd Font Mono
	dev-railway	U+E883	59523	nerd	Terminess Nerd Font Mono
	dev-rancher	U+E884	59524	nerd	Terminess Nerd Font Mono
	dev-reach	U+E885	59525	nerd	Terminess Nerd Font Mono
	dev-reactbootstrap	U+E886	59526	nerd	Terminess Nerd Font Mono
	dev-reactnavigation	U+E887	59527	nerd	Terminess Nerd Font Mono
	dev-reactrouter	U+E888	59528	nerd	Terminess Nerd Font Mono
	dev-readthedocs	U+E889	59529	nerd	Terminess Nerd Font Mono
	dev-realm	U+E88A	59530	nerd	Terminess Nerd Font Mono
	dev-rect	U+E88B	59531	nerd	Terminess Nerd Font Mono
	dev-redux	U+E88C	59532	nerd	Terminess Nerd Font Mono
	dev-renpy	U+E88D	59533	nerd	Terminess Nerd Font Mono
	dev-replit	U+E88E	59534	nerd	Terminess Nerd Font Mono
	dev-rider	U+E88F	59535	nerd	Terminess Nerd Font Mono
	dev-rocksdb	U+E890	59536	nerd	Terminess Nerd Font Mono
	dev-rockylinux	U+E891	59537	nerd	Terminess Nerd Font Mono
	dev-rollup	U+E892	59538	nerd	Terminess Nerd Font Mono
	dev-ros	U+E893	59539	nerd	Terminess Nerd Font Mono
	dev-rspec	U+E894	59540	nerd	Terminess Nerd Font Mono
	dev-rstudio	U+E895	59541	nerd	Terminess Nerd Font Mono
	dev-rubymine	U+E896	59542	nerd	Terminess Nerd Font Mono
	dev-rxjs	U+E897	59543	nerd	Terminess Nerd Font Mono
	dev-salesforce	U+E898	59544	nerd	Terminess Nerd Font Mono
	dev-sanity	U+E899	59545	nerd	Terminess Nerd Font Mono
	dev-scalingo	U+E89A	59546	nerd	Terminess Nerd Font Mono
	dev-scikitlearn	U+E89B	59547	nerd	Terminess Nerd Font Mono
	dev-sdl	U+E89C	59548	nerd	Terminess Nerd Font Mono
	dev-selenium	U+E89D	59549	nerd	Terminess Nerd Font Mono
	dev-sema	U+E89E	59550	nerd	Terminess Nerd Font Mono
	dev-sentry	U+E89F	59551	nerd	Terminess Nerd Font Mono
	dev-sequelize	U+E8A0	59552	nerd	Terminess Nerd Font Mono
	dev-shopware	U+E8A1	59553	nerd	Terminess Nerd Font Mono
	dev-shotgrid	U+E8A2	59554	nerd	Terminess Nerd Font Mono
	dev-sketch	U+E8A3	59555	nerd	Terminess Nerd Font Mono
	dev-slack	U+E8A4	59556	nerd	Terminess Nerd Font Mono
	dev-socketio	U+E8A5	59557	nerd	Terminess Nerd Font Mono
	dev-solidity	U+E8A6	59558	nerd	Terminess Nerd Font Mono
	dev-solidjs	U+E8A7	59559	nerd	Terminess Nerd Font Mono
	dev-sonarqube	U+E8A8	59560	nerd	Terminess Nerd Font Mono
	dev-sourcetree	U+E8A9	59561	nerd	Terminess Nerd Font Mono
	dev-spack	U+E8AA	59562	nerd	Terminess Nerd Font Mono
	dev-splunk	U+E8AB	59563	nerd	Terminess Nerd Font Mono
	dev-spring	U+E8AC	59564	nerd	Terminess Nerd Font Mono
	dev-spss	U+E8AD	59565	nerd	Terminess Nerd Font Mono
	dev-spyder	U+E8AE	59566	nerd	Terminess Nerd Font Mono
	dev-sqlalchemy	U+E8AF	59567	nerd	Terminess Nerd Font Mono
	dev-sqldeveloper	U+E8B0	59568	nerd	Terminess Nerd Font Mono
	dev-ssh	U+E8B1	59569	nerd	Terminess Nerd Font Mono
	dev-stata	U+E8B2	59570	nerd	Terminess Nerd Font Mono
	dev-storybook	U+E8B3	59571	nerd	Terminess Nerd Font Mono
	dev-streamlit	U+E8B4	59572	nerd	Terminess Nerd Font Mono
	dev-subversion	U+E8B5	59573	nerd	Terminess Nerd Font Mono
	dev-supabase	U+E8B6	59574	nerd	Terminess Nerd Font Mono
	dev-svelte	U+E8B7	59575	nerd	Terminess Nerd Font Mono
	dev-swagger	U+E8B8	59576	nerd	Terminess Nerd Font Mono
	dev-swiper	U+E8B9	59577	nerd	Terminess Nerd Font Mono
	dev-tailwindcss	U+E8BA	59578	nerd	Terminess Nerd Font Mono
	dev-tauri	U+E8BB	59579	nerd	Terminess Nerd Font Mono
	dev-tensorflow	U+E8BC	59580	nerd	Terminess Nerd Font Mono
	dev-terraform	U+E8BD	59581	nerd	Terminess Nerd Font Mono
	dev-tex	U+E8BE	59582	nerd	Terminess Nerd Font Mono
	dev-thealgorithms	U+E8BF	59583	nerd	Terminess Nerd Font Mono
	dev-threedsmax	U+E8C0	59584	nerd	Terminess Nerd Font Mono
	dev-threejs	U+E8C1	59585	nerd	Terminess Nerd Font Mono
	dev-titaniumsdk	U+E8C2	59586	nerd	Terminess Nerd Font Mono
	dev-tomcat	U+E8C3	59587	nerd	Terminess Nerd Font Mono
	dev-tortoisegit	U+E8C4	59588	nerd	Terminess Nerd Font Mono
	dev-towergit	U+E8C5	59589	nerd	Terminess Nerd Font Mono
	dev-traefikmesh	U+E8C6	59590	nerd	Terminess Nerd Font Mono
	dev-traefikproxy	U+E8C7	59591	nerd	Terminess Nerd Font Mono
	dev-trpc	U+E8C8	59592	nerd	Terminess Nerd Font Mono
	dev-twitter	U+E8C9	59593	nerd	Terminess Nerd Font Mono
	dev-typescript	U+E8CA	59594	nerd	Terminess Nerd Font Mono
	dev-unifiedmodelinglanguage	U+E8CB	59595	nerd	Terminess Nerd Font Mono
	dev-unix	U+E8CC	59596	nerd	Terminess Nerd Font Mono
	dev-unrealengine	U+E8CD	59597	nerd	Terminess Nerd Font Mono
	dev-uwsgi	U+E8CE	59598	nerd	Terminess Nerd Font Mono
	dev-v8	U+E8CF	59599	nerd	Terminess Nerd Font Mono
	dev-vagrant	U+E8D0	59600	nerd	Terminess Nerd Font Mono
	dev-vala	U+E8D1	59601	nerd	Terminess Nerd Font Mono
	dev-vault	U+E8D2	59602	nerd	Terminess Nerd Font Mono
	dev-vercel	U+E8D3	59603	nerd	Terminess Nerd Font Mono
	dev-vertx	U+E8D4	59604	nerd	Terminess Nerd Font Mono
	dev-visualbasic	U+E8D5	59605	nerd	Terminess Nerd Font Mono
	dev-vite	U+E8D6	59606	nerd	Terminess Nerd Font Mono
	dev-vitejs	U+E8D7	59607	nerd	Terminess Nerd Font Mono
	dev-vitess	U+E8D8	59608	nerd	Terminess Nerd Font Mono
	dev-vitest	U+E8D9	59609	nerd	Terminess Nerd Font Mono
	dev-vscode	U+E8DA	59610	nerd	Terminess Nerd Font Mono
	dev-vsphere	U+E8DB	59611	nerd	Terminess Nerd Font Mono
	dev-vuejs	U+E8DC	59612	nerd	Terminess Nerd Font Mono
	dev-vuestorefront	U+E8DD	59613	nerd	Terminess Nerd Font Mono
	dev-vuetify	U+E8DE	59614	nerd	Terminess Nerd Font Mono
	dev-vyper	U+E8DF	59615	nerd	Terminess Nerd Font Mono
	dev-wasm	U+E8E0	59616	nerd	Terminess Nerd Font Mono
	dev-webflow	U+E8E1	59617	nerd	Terminess Nerd Font Mono
	dev-weblate	U+E8E2	59618	nerd	Terminess Nerd Font Mono
	dev-webpack	U+E8E3	59619	nerd	Terminess Nerd Font Mono
	dev-webstorm	U+E8E4	59620	nerd	Terminess Nerd Font Mono
	dev-windows11	U+E8E5	59621	nerd	Terminess Nerd Font Mono
	dev-woocommerce	U+E8E6	59622	nerd	Terminess Nerd Font Mono
	dev-xamarin	U+E8E7	59623	nerd	Terminess Nerd Font Mono
	dev-xcode	U+E8E8	59624	nerd	Terminess Nerd Font Mono
	dev-xd	U+E8E9	59625	nerd	Terminess Nerd Font Mono
	dev-xml	U+E8EA	59626	nerd	Terminess Nerd Font Mono
	dev-yaml	U+E8EB	59627	nerd	Terminess Nerd Font Mono
	dev-yarn	U+E8EC	59628	nerd	Terminess Nerd Font Mono
	dev-yugabytedb	U+E8ED	59629	nerd	Terminess Nerd Font Mono
	dev-yunohost	U+E8EE	59630	nerd	Terminess Nerd Font Mono
	dev-zig	U+E8EF	59631	nerd	Terminess Nerd Font Mono
	cod-add	U+EA60	60000	nerd	Terminess Nerd Font Mono
	cod-lightbulb	U+EA61	60001	nerd	Terminess Nerd Font Mono
	cod-repo	U+EA62	60002	nerd	Terminess Nerd Font Mono
	cod-repo_forked	U+EA63	60003	nerd	Terminess Nerd Font Mono
	cod-git_pull_request	U+EA64	60004	nerd	Terminess Nerd Font Mono
	cod-record_keys	U+EA65	60005	nerd	Terminess Nerd Font Mono
	cod-tag	U+EA66	60006	nerd	Terminess Nerd Font Mono
	cod-person	U+EA67	60007	nerd	Terminess Nerd Font Mono
	cod-source_control	U+EA68	60008	nerd	Terminess Nerd Font Mono
	cod-mirror	U+EA69	60009	nerd	Terminess Nerd Font Mono
	cod-star_empty	U+EA6A	60010	nerd	Terminess Nerd Font Mono
	cod-comment	U+EA6B	60011	nerd	Terminess Nerd Font Mono
	cod-warning	U+EA6C	60012	nerd	Terminess Nerd Font Mono
	cod-search	U+EA6D	60013	nerd	Terminess Nerd Font Mono
	cod-sign_out	U+EA6E	60014	nerd	Terminess Nerd Font Mono
	cod-sign_in	U+EA6F	60015	nerd	Terminess Nerd Font Mono
	cod-eye	U+EA70	60016	nerd	Terminess Nerd Font Mono
	cod-circle_filled	U+EA71	60017	nerd	Terminess Nerd Font Mono
	cod-primitive_square	U+EA72	60018	nerd	Terminess Nerd Font Mono
	cod-edit	U+EA73	60019	nerd	Terminess Nerd Font Mono
	cod-info	U+EA74	60020	nerd	Terminess Nerd Font Mono
	cod-lock	U+EA75	60021	nerd	Terminess Nerd Font Mono
	cod-close	U+EA76	60022	nerd	Terminess Nerd Font Mono
	cod-sync	U+EA77	60023	nerd	Terminess Nerd Font Mono
	cod-desktop_download	U+EA78	60024	nerd	Terminess Nerd Font Mono
	cod-beaker	U+EA79	60025	nerd	Terminess Nerd Font Mono
	cod-vm	U+EA7A	60026	nerd	Terminess Nerd Font Mono
	cod-file	U+EA7B	60027	nerd	Terminess Nerd Font Mono
	cod-ellipsis	U+EA7C	60028	nerd	Terminess Nerd Font Mono
	cod-reply	U+EA7D	60029	nerd	Terminess Nerd Font Mono
	cod-organization	U+EA7E	60030	nerd	Terminess Nerd Font Mono
	cod-new_file	U+EA7F	60031	nerd	Terminess Nerd Font Mono
	cod-new_folder	U+EA80	60032	nerd	Terminess Nerd Font Mono
	cod-trash	U+EA81	60033	nerd	Terminess Nerd Font Mono
	cod-history	U+EA82	60034	nerd	Terminess Nerd Font Mono
	cod-folder	U+EA83	60035	nerd	Terminess Nerd Font Mono
	cod-github	U+EA84	60036	nerd	Terminess Nerd Font Mono
	cod-terminal	U+EA85	60037	nerd	Terminess Nerd Font Mono
	cod-symbol_event	U+EA86	60038	nerd	Terminess Nerd Font Mono
	cod-error	U+EA87	60039	nerd	Terminess Nerd Font Mono
	cod-symbol_variable	U+EA88	60040	nerd	Terminess Nerd Font Mono
	cod-symbol_array	U+EA8A	60042	nerd	Terminess Nerd Font Mono
	cod-symbol_namespace	U+EA8B	60043	nerd	Terminess Nerd Font Mono
	cod-symbol_method	U+EA8C	60044	nerd	Terminess Nerd Font Mono
	cod-symbol_boolean	U+EA8F	60047	nerd	Terminess Nerd Font Mono
	cod-symbol_numeric	U+EA90	60048	nerd	Terminess Nerd Font Mono
	cod-symbol_structure	U+EA91	60049	nerd	Terminess Nerd Font Mono
	cod-symbol_parameter	U+EA92	60050	nerd	Terminess Nerd Font Mono
	cod-symbol_key	U+EA93	60051	nerd	Terminess Nerd Font Mono
	cod-go_to_file	U+EA94	60052	nerd	Terminess Nerd Font Mono
	cod-symbol_enum	U+EA95	60053	nerd	Terminess Nerd Font Mono
	cod-symbol_ruler	U+EA96	60054	nerd	Terminess Nerd Font Mono
	cod-activate_breakpoints	U+EA97	60055	nerd	Terminess Nerd Font Mono
	cod-archive	U+EA98	60056	nerd	Terminess Nerd Font Mono
	cod-arrow_both	U+EA99	60057	nerd	Terminess Nerd Font Mono
	cod-arrow_down	U+EA9A	60058	nerd	Terminess Nerd Font Mono
	cod-arrow_left	U+EA9B	60059	nerd	Terminess Nerd Font Mono
	cod-arrow_right	U+EA9C	60060	nerd	Terminess Nerd Font Mono
	cod-arrow_small_down	U+EA9D	60061	nerd	Terminess Nerd Font Mono
	cod-arrow_small_left	U+EA9E	60062	nerd	Terminess Nerd Font Mono
	cod-arrow_small_right	U+EA9F	60063	nerd	Terminess Nerd Font Mono
	cod-arrow_small_up	U+EAA0	60064	nerd	Terminess Nerd Font Mono
	cod-arrow_up	U+EAA1	60065	nerd	Terminess Nerd Font Mono
	cod-bell	U+EAA2	60066	nerd	Terminess Nerd Font Mono
	cod-bold	U+EAA3	60067	nerd	Terminess Nerd Font Mono
	cod-book	U+EAA4	60068	nerd	Terminess Nerd Font Mono
	cod-bookmark	U+EAA5	60069	nerd	Terminess Nerd Font Mono
	cod-debug_breakpoint_conditional_unverified	U+EAA6	60070	nerd	Terminess Nerd Font Mono
	cod-debug_breakpoint_conditional	U+EAA7	60071	nerd	Terminess Nerd Font Mono
	cod-debug_breakpoint_data_unverified	U+EAA8	60072	nerd	Terminess Nerd Font Mono
	cod-debug_breakpoint_data	U+EAA9	60073	nerd	Terminess Nerd Font Mono
	cod-debug_breakpoint_log_unverified	U+EAAA	60074	nerd	Terminess Nerd Font Mono
	cod-debug_breakpoint_log	U+EAAB	60075	nerd	Terminess Nerd Font Mono
	cod-briefcase	U+EAAC	60076	nerd	Terminess Nerd Font Mono
	cod-broadcast	U+EAAD	60077	nerd	Terminess Nerd Font Mono
	cod-browser	U+EAAE	60078	nerd	Terminess Nerd Font Mono
	cod-bug	U+EAAF	60079	nerd	Terminess Nerd Font Mono
	cod-calendar	U+EAB0	60080	nerd	Terminess Nerd Font Mono
	cod-case_sensitive	U+EAB1	60081	nerd	Terminess Nerd Font Mono
	cod-check	U+EAB2	60082	nerd	Terminess Nerd Font Mono
	cod-checklist	U+EAB3	60083	nerd	Terminess Nerd Font Mono
	cod-chevron_down	U+EAB4	60084	nerd	Terminess Nerd Font Mono
	cod-chevron_left	U+EAB5	60085	nerd	Terminess Nerd Font Mono
	cod-chevron_right	U+EAB6	60086	nerd	Terminess Nerd Font Mono
	cod-chevron_up	U+EAB7	60087	nerd	Terminess Nerd Font Mono
	cod-chrome_close	U+EAB8	60088	nerd	Terminess Nerd Font Mono
	cod-chrome_maximize	U+EAB9	60089	nerd	Terminess Nerd Font Mono
	cod-chrome_minimize	U+EABA	60090	nerd	Terminess Nerd Font Mono
	cod-chrome_restore	U+EABB	60091	nerd	Terminess Nerd Font Mono
	cod-circle	U+EABC	60092	nerd	Terminess Nerd Font Mono
	cod-circle_slash	U+EABD	60093	nerd	Terminess Nerd Font Mono
	cod-circuit_board	U+EABE	60094	nerd	Terminess Nerd Font Mono
	cod-clear_all	U+EABF	60095	nerd	Terminess Nerd Font Mono
	cod-clippy	U+EAC0	60096	nerd	Terminess Nerd Font Mono
	cod-close_all	U+EAC1	60097	nerd	Terminess Nerd Font Mono
	cod-cloud_download	U+EAC2	60098	nerd	Terminess Nerd Font Mono
	cod-cloud_upload	U+EAC3	60099	nerd	Terminess Nerd Font Mono
	cod-code	U+EAC4	60100	nerd	Terminess Nerd Font Mono
	cod-collapse_all	U+EAC5	60101	nerd	Terminess Nerd Font Mono
	cod-color_mode	U+EAC6	60102	nerd	Terminess Nerd Font Mono
	cod-comment_discussion	U+EAC7	60103	nerd	Terminess Nerd Font Mono
	cod-credit_card	U+EAC9	60105	nerd	Terminess Nerd Font Mono
	cod-dash	U+EACC	60108	nerd	Terminess Nerd Font Mono
	cod-dashboard	U+EACD	60109	nerd	Terminess Nerd Font Mono
	cod-database	U+EACE	60110	nerd	Terminess Nerd Font Mono
	cod-debug_continue	U+EACF	60111	nerd	Terminess Nerd Font Mono
	cod-debug_disconnect	U+EAD0	60112	nerd	Terminess Nerd Font Mono
	cod-debug_pause	U+EAD1	60113	nerd	Terminess Nerd Font Mono
	cod-debug_restart	U+EAD2	60114	nerd	Terminess Nerd Font Mono
	cod-debug_start	U+EAD3	60115	nerd	Terminess Nerd Font Mono
	cod-debug_step_into	U+EAD4	60116	nerd	Terminess Nerd Font Mono
	cod-debug_step_out	U+EAD5	60117	nerd	Terminess Nerd Font Mono
	cod-debug_step_over	U+EAD6	60118	nerd	Terminess Nerd Font Mono
	cod-debug_stop	U+EAD7	60119	nerd	Terminess Nerd Font Mono
	cod-debug	U+EAD8	60120	nerd	Terminess Nerd Font Mono
	cod-device_camera_video	U+EAD9	60121	nerd	Terminess Nerd Font Mono
	cod-device_camera	U+EADA	60122	nerd	Terminess Nerd Font Mono
	cod-device_mobile	U+EADB	60123	nerd	Terminess Nerd Font Mono
	cod-diff_added	U+EADC	60124	nerd	Terminess Nerd Font Mono
	cod-diff_ignored	U+EADD	60125	nerd	Terminess Nerd Font Mono
	cod-diff_modified	U+EADE	60126	nerd	Terminess Nerd Font Mono
	cod-diff_removed	U+EADF	60127	nerd	Terminess Nerd Font Mono
	cod-diff_renamed	U+EAE0	60128	nerd	Terminess Nerd Font Mono
	cod-diff	U+EAE1	60129	nerd	Terminess Nerd Font Mono
	cod-discard	U+EAE2	60130	nerd	Terminess Nerd Font Mono
	cod-editor_layout	U+EAE3	60131	nerd	Terminess Nerd Font Mono
	cod-empty_window	U+EAE4	60132	nerd	Terminess Nerd Font Mono
	cod-exclude	U+EAE5	60133	nerd	Terminess Nerd Font Mono
	cod-extensions	U+EAE6	60134	nerd	Terminess Nerd Font Mono
	cod-eye_closed	U+EAE7	60135	nerd	Terminess Nerd Font Mono
	cod-file_binary	U+EAE8	60136	nerd	Terminess Nerd Font Mono
	cod-file_code	U+EAE9	60137	nerd	Terminess Nerd Font Mono
	cod-file_media	U+EAEA	60138	nerd	Terminess Nerd Font Mono
	cod-file_pdf	U+EAEB	60139	nerd	Terminess Nerd Font Mono
	cod-file_submodule	U+EAEC	60140	nerd	Terminess Nerd Font Mono
	cod-file_symlink_directory	U+EAED	60141	nerd	Terminess Nerd Font Mono
	cod-file_symlink_file	U+EAEE	60142	nerd	Terminess Nerd Font Mono
	cod-file_zip	U+EAEF	60143	nerd	Terminess Nerd Font Mono
	cod-files	U+EAF0	60144	nerd	Terminess Nerd Font Mono
	cod-filter	U+EAF1	60145	nerd	Terminess Nerd Font Mono
	cod-flame	U+EAF2	60146	nerd	Terminess Nerd Font Mono
	cod-fold_down	U+EAF3	60147	nerd	Terminess Nerd Font Mono
	cod-fold_up	U+EAF4	60148	nerd	Terminess Nerd Font Mono
	cod-fold	U+EAF5	60149	nerd	Terminess Nerd Font Mono
	cod-folder_active	U+EAF6	60150	nerd	Terminess Nerd Font Mono
	cod-folder_opened	U+EAF7	60151	nerd	Terminess Nerd Font Mono
	cod-gear	U+EAF8	60152	nerd	Terminess Nerd Font Mono
	cod-gift	U+EAF9	60153	nerd	Terminess Nerd Font Mono
	cod-gist_secret	U+EAFA	60154	nerd	Terminess Nerd Font Mono
	file-code	U+EAFB	60155	nerd	Terminess Nerd Font Mono
	cod-git_commit	U+EAFC	60156	nerd	Terminess Nerd Font Mono
	cod-git_compare	U+EAFD	60157	nerd	Terminess Nerd Font Mono
	cod-git_merge	U+EAFE	60158	nerd	Terminess Nerd Font Mono
	cod-github_action	U+EAFF	60159	nerd	Terminess Nerd Font Mono
	cod-github_alt	U+EB00	60160	nerd	Terminess Nerd Font Mono
	cod-globe	U+EB01	60161	nerd	Terminess Nerd Font Mono
	cod-grabber	U+EB02	60162	nerd	Terminess Nerd Font Mono
	cod-graph	U+EB03	60163	nerd	Terminess Nerd Font Mono
	cod-gripper	U+EB04	60164	nerd	Terminess Nerd Font Mono
	cod-heart	U+EB05	60165	nerd	Terminess Nerd Font Mono
	cod-home	U+EB06	60166	nerd	Terminess Nerd Font Mono
	cod-horizontal_rule	U+EB07	60167	nerd	Terminess Nerd Font Mono
	cod-hubot	U+EB08	60168	nerd	Terminess Nerd Font Mono
	cod-inbox	U+EB09	60169	nerd	Terminess Nerd Font Mono
	cod-issue_reopened	U+EB0B	60171	nerd	Terminess Nerd Font Mono
	cod-issues	U+EB0C	60172	nerd	Terminess Nerd Font Mono
	cod-italic	U+EB0D	60173	nerd	Terminess Nerd Font Mono
	cod-jersey	U+EB0E	60174	nerd	Terminess Nerd Font Mono
	cod-json	U+EB0F	60175	nerd	Terminess Nerd Font Mono
	cod-kebab_vertical	U+EB10	60176	nerd	Terminess Nerd Font Mono
	cod-key	U+EB11	60177	nerd	Terminess Nerd Font Mono
	cod-law	U+EB12	60178	nerd	Terminess Nerd Font Mono
	cod-lightbulb_autofix	U+EB13	60179	nerd	Terminess Nerd Font Mono
	cod-link_external	U+EB14	60180	nerd	Terminess Nerd Font Mono
	cod-link	U+EB15	60181	nerd	Terminess Nerd Font Mono
	cod-list_ordered	U+EB16	60182	nerd	Terminess Nerd Font Mono
	cod-list_unordered	U+EB17	60183	nerd	Terminess Nerd Font Mono
	cod-live_share	U+EB18	60184	nerd	Terminess Nerd Font Mono
	cod-loading	U+EB19	60185	nerd	Terminess Nerd Font Mono
	cod-location	U+EB1A	60186	nerd	Terminess Nerd Font Mono
	cod-mail_read	U+EB1B	60187	nerd	Terminess Nerd Font Mono
	cod-mail	U+EB1C	60188	nerd	Terminess Nerd Font Mono
	cod-markdown	U+EB1D	60189	nerd	Terminess Nerd Font Mono
	cod-megaphone	U+EB1E	60190	nerd	Terminess Nerd Font Mono
	cod-mention	U+EB1F	60191	nerd	Terminess Nerd Font Mono
	cod-milestone	U+EB20	60192	nerd	Terminess Nerd Font Mono
	cod-mortar_board	U+EB21	60193	nerd	Terminess Nerd Font Mono
	cod-move	U+EB22	60194	nerd	Terminess Nerd Font Mono
	cod-multiple_windows	U+EB23	60195	nerd	Terminess Nerd Font Mono
	cod-mute	U+EB24	60196	nerd	Terminess Nerd Font Mono
	cod-no_newline	U+EB25	60197	nerd	Terminess Nerd Font Mono
	cod-note	U+EB26	60198	nerd	Terminess Nerd Font Mono
	cod-octoface	U+EB27	60199	nerd	Terminess Nerd Font Mono
	cod-open_preview	U+EB28	60200	nerd	Terminess Nerd Font Mono
	cod-package	U+EB29	60201	nerd	Terminess Nerd Font Mono
	cod-paintcan	U+EB2A	60202	nerd	Terminess Nerd Font Mono
	cod-pin	U+EB2B	60203	nerd	Terminess Nerd Font Mono
	cod-play	U+EB2C	60204	nerd	Terminess Nerd Font Mono
	cod-plug	U+EB2D	60205	nerd	Terminess Nerd Font Mono
	cod-preserve_case	U+EB2E	60206	nerd	Terminess Nerd Font Mono
	cod-preview	U+EB2F	60207	nerd	Terminess Nerd Font Mono
	cod-project	U+EB30	60208	nerd	Terminess Nerd Font Mono
	cod-pulse	U+EB31	60209	nerd	Terminess Nerd Font Mono
	cod-question	U+EB32	60210	nerd	Terminess Nerd Font Mono
	cod-quote	U+EB33	60211	nerd	Terminess Nerd Font Mono
	cod-radio_tower	U+EB34	60212	nerd	Terminess Nerd Font Mono
	cod-reactions	U+EB35	60213	nerd	Terminess Nerd Font Mono
	cod-references	U+EB36	60214	nerd	Terminess Nerd Font Mono
	cod-refresh	U+EB37	60215	nerd	Terminess Nerd Font Mono
	cod-regex	U+EB38	60216	nerd	Terminess Nerd Font Mono
	cod-remote_explorer	U+EB39	60217	nerd	Terminess Nerd Font Mono
	cod-remote	U+EB3A	60218	nerd	Terminess Nerd Font Mono
	cod-remove	U+EB3B	60219	nerd	Terminess Nerd Font Mono
	cod-replace_all	U+EB3C	60220	nerd	Terminess Nerd Font Mono
	cod-replace	U+EB3D	60221	nerd	Terminess Nerd Font Mono
	cod-repo_clone	U+EB3E	60222	nerd	Terminess Nerd Font Mono
	cod-repo_force_push	U+EB3F	60223	nerd	Terminess Nerd Font Mono
	cod-repo_pull	U+EB40	60224	nerd	Terminess Nerd Font Mono
	cod-repo_push	U+EB41	60225	nerd	Terminess Nerd Font Mono
	cod-report	U+EB42	60226	nerd	Terminess Nerd Font Mono
	cod-request_changes	U+EB43	60227	nerd	Terminess Nerd Font Mono
	cod-rocket	U+EB44	60228	nerd	Terminess Nerd Font Mono
	cod-root_folder_opened	U+EB45	60229	nerd	Terminess Nerd Font Mono
	cod-root_folder	U+EB46	60230	nerd	Terminess Nerd Font Mono
	cod-rss	U+EB47	60231	nerd	Terminess Nerd Font Mono
	cod-ruby	U+EB48	60232	nerd	Terminess Nerd Font Mono
	cod-save_all	U+EB49	60233	nerd	Terminess Nerd Font Mono
	cod-save_as	U+EB4A	60234	nerd	Terminess Nerd Font Mono
	cod-save	U+EB4B	60235	nerd	Terminess Nerd Font Mono
	cod-screen_full	U+EB4C	60236	nerd	Terminess Nerd Font Mono
	cod-screen_normal	U+EB4D	60237	nerd	Terminess Nerd Font Mono
	cod-search_stop	U+EB4E	60238	nerd	Terminess Nerd Font Mono
	cod-server	U+EB50	60240	nerd	Terminess Nerd Font Mono
	cod-settings_gear	U+EB51	60241	nerd	Terminess Nerd Font Mono
	cod-settings	U+EB52	60242	nerd	Terminess Nerd Font Mono
	cod-shield	U+EB53	60243	nerd	Terminess Nerd Font Mono
	cod-smiley	U+EB54	60244	nerd	Terminess Nerd Font Mono
	cod-sort_precedence	U+EB55	60245	nerd	Terminess Nerd Font Mono
	cod-split_horizontal	U+EB56	60246	nerd	Terminess Nerd Font Mono
	cod-split_vertical	U+EB57	60247	nerd	Terminess Nerd Font Mono
	cod-squirrel	U+EB58	60248	nerd	Terminess Nerd Font Mono
	cod-star_full	U+EB59	60249	nerd	Terminess Nerd Font Mono
	cod-star_half	U+EB5A	60250	nerd	Terminess Nerd Font Mono
	cod-symbol_class	U+EB5B	60251	nerd	Terminess Nerd Font Mono
	cod-symbol_color	U+EB5C	60252	nerd	Terminess Nerd Font Mono
	cod-symbol_constant	U+EB5D	60253	nerd	Terminess Nerd Font Mono
	cod-symbol_enum_member	U+EB5E	60254	nerd	Terminess Nerd Font Mono
	cod-symbol_field	U+EB5F	60255	nerd	Terminess Nerd Font Mono
	cod-symbol_file	U+EB60	60256	nerd	Terminess Nerd Font Mono
	cod-symbol_interface	U+EB61	60257	nerd	Terminess Nerd Font Mono
	cod-symbol_keyword	U+EB62	60258	nerd	Terminess Nerd Font Mono
	cod-symbol_misc	U+EB63	60259	nerd	Terminess Nerd Font Mono
	cod-symbol_operator	U+EB64	60260	nerd	Terminess Nerd Font Mono
	cod-symbol_property	U+EB65	60261	nerd	Terminess Nerd Font Mono
	cod-symbol_snippet	U+EB66	60262	nerd	Terminess Nerd Font Mono
	cod-tasklist	U+EB67	60263	nerd	Terminess Nerd Font Mono
	cod-telescope	U+EB68	60264	nerd	Terminess Nerd Font Mono
	cod-text_size	U+EB69	60265	nerd	Terminess Nerd Font Mono
	cod-three_bars	U+EB6A	60266	nerd	Terminess Nerd Font Mono
	cod-thumbsdown	U+EB6B	60267	nerd	Terminess Nerd Font Mono
	cod-thumbsup	U+EB6C	60268	nerd	Terminess Nerd Font Mono
	cod-tools	U+EB6D	60269	nerd	Terminess Nerd Font Mono
	cod-triangle_down	U+EB6E	60270	nerd	Terminess Nerd Font Mono
	cod-triangle_left	U+EB6F	60271	nerd	Terminess Nerd Font Mono
	cod-triangle_right	U+EB70	60272	nerd	Terminess Nerd Font Mono
	cod-triangle_up	U+EB71	60273	nerd	Terminess Nerd Font Mono
	cod-twitter	U+EB72	60274	nerd	Terminess Nerd Font Mono
	cod-unfold	U+EB73	60275	nerd	Terminess Nerd Font Mono
	cod-unlock	U+EB74	60276	nerd	Terminess Nerd Font Mono
	cod-unmute	U+EB75	60277	nerd	Terminess Nerd Font Mono
	cod-unverified	U+EB76	60278	nerd	Terminess Nerd Font Mono
	cod-verified	U+EB77	60279	nerd	Terminess Nerd Font Mono
	cod-versions	U+EB78	60280	nerd	Terminess Nerd Font Mono
	cod-vm_active	U+EB79	60281	nerd	Terminess Nerd Font Mono
	cod-vm_outline	U+EB7A	60282	nerd	Terminess Nerd Font Mono
	cod-vm_running	U+EB7B	60283	nerd	Terminess Nerd Font Mono
	cod-watch	U+EB7C	60284	nerd	Terminess Nerd Font Mono
	cod-whitespace	U+EB7D	60285	nerd	Terminess Nerd Font Mono
	cod-whole_word	U+EB7E	60286	nerd	Terminess Nerd Font Mono
	cod-window	U+EB7F	60287	nerd	Terminess Nerd Font Mono
	cod-word_wrap	U+EB80	60288	nerd	Terminess Nerd Font Mono
	cod-zoom_in	U+EB81	60289	nerd	Terminess Nerd Font Mono
	cod-zoom_out	U+EB82	60290	nerd	Terminess Nerd Font Mono
	cod-list_filter	U+EB83	60291	nerd	Terminess Nerd Font Mono
	cod-list_flat	U+EB84	60292	nerd	Terminess Nerd Font Mono
	cod-list_selection	U+EB85	60293	nerd	Terminess Nerd Font Mono
	cod-list_tree	U+EB86	60294	nerd	Terminess Nerd Font Mono
	cod-debug_breakpoint_function_unverified	U+EB87	60295	nerd	Terminess Nerd Font Mono
	cod-debug_breakpoint_function	U+EB88	60296	nerd	Terminess Nerd Font Mono
	cod-debug_stackframe_active	U+EB89	60297	nerd	Terminess Nerd Font Mono
	cod-circle_small_filled	U+EB8A	60298	nerd	Terminess Nerd Font Mono
	cod-debug_stackframe	U+EB8B	60299	nerd	Terminess Nerd Font Mono
	cod-debug_breakpoint_unsupported	U+EB8C	60300	nerd	Terminess Nerd Font Mono
	cod-symbol_string	U+EB8D	60301	nerd	Terminess Nerd Font Mono
	cod-debug_reverse_continue	U+EB8E	60302	nerd	Terminess Nerd Font Mono
	cod-debug_step_back	U+EB8F	60303	nerd	Terminess Nerd Font Mono
	cod-debug_restart_frame	U+EB90	60304	nerd	Terminess Nerd Font Mono
	cod-debug_alt	U+EB91	60305	nerd	Terminess Nerd Font Mono
	cod-call_incoming	U+EB92	60306	nerd	Terminess Nerd Font Mono
	cod-call_outgoing	U+EB93	60307	nerd	Terminess Nerd Font Mono
	cod-menu	U+EB94	60308	nerd	Terminess Nerd Font Mono
	cod-expand_all	U+EB95	60309	nerd	Terminess Nerd Font Mono
	cod-feedback	U+EB96	60310	nerd	Terminess Nerd Font Mono
	cod-group_by_ref_type	U+EB97	60311	nerd	Terminess Nerd Font Mono
	cod-ungroup_by_ref_type	U+EB98	60312	nerd	Terminess Nerd Font Mono
	cod-account	U+EB99	60313	nerd	Terminess Nerd Font Mono
	cod-bell_dot	U+EB9A	60314	nerd	Terminess Nerd Font Mono
	cod-debug_console	U+EB9B	60315	nerd	Terminess Nerd Font Mono
	cod-library	U+EB9C	60316	nerd	Terminess Nerd Font Mono
	cod-output	U+EB9D	60317	nerd	Terminess Nerd Font Mono
	cod-run_all	U+EB9E	60318	nerd	Terminess Nerd Font Mono
	cod-sync_ignored	U+EB9F	60319	nerd	Terminess Nerd Font Mono
	cod-pinned	U+EBA0	60320	nerd	Terminess Nerd Font Mono
	cod-github_inverted	U+EBA1	60321	nerd	Terminess Nerd Font Mono
	cod-server_process	U+EBA2	60322	nerd	Terminess Nerd Font Mono
	cod-server_environment	U+EBA3	60323	nerd	Terminess Nerd Font Mono
	cod-pass	U+EBA4	60324	nerd	Terminess Nerd Font Mono
	cod-stop_circle	U+EBA5	60325	nerd	Terminess Nerd Font Mono
	cod-play_circle	U+EBA6	60326	nerd	Terminess Nerd Font Mono
	cod-record	U+EBA7	60327	nerd	Terminess Nerd Font Mono
	cod-debug_alt_small	U+EBA8	60328	nerd	Terminess Nerd Font Mono
	cod-vm_connect	U+EBA9	60329	nerd	Terminess Nerd Font Mono
	cod-cloud	U+EBAA	60330	nerd	Terminess Nerd Font Mono
	cod-merge	U+EBAB	60331	nerd	Terminess Nerd Font Mono
	cod-export	U+EBAC	60332	nerd	Terminess Nerd Font Mono
	cod-graph_left	U+EBAD	60333	nerd	Terminess Nerd Font Mono
	cod-magnet	U+EBAE	60334	nerd	Terminess Nerd Font Mono
	cod-notebook	U+EBAF	60335	nerd	Terminess Nerd Font Mono
	cod-redo	U+EBB0	60336	nerd	Terminess Nerd Font Mono
	cod-check_all	U+EBB1	60337	nerd	Terminess Nerd Font Mono
	cod-pinned_dirty	U+EBB2	60338	nerd	Terminess Nerd Font Mono
	cod-pass_filled	U+EBB3	60339	nerd	Terminess Nerd Font Mono
	cod-circle_large_filled	U+EBB4	60340	nerd	Terminess Nerd Font Mono
	cod-circle_large	U+EBB5	60341	nerd	Terminess Nerd Font Mono
	cod-combine	U+EBB6	60342	nerd	Terminess Nerd Font Mono
	cod-table	U+EBB7	60343	nerd	Terminess Nerd Font Mono
	cod-variable_group	U+EBB8	60344	nerd	Terminess Nerd Font Mono
	cod-type_hierarchy	U+EBB9	60345	nerd	Terminess Nerd Font Mono
	cod-type_hierarchy_sub	U+EBBA	60346	nerd	Terminess Nerd Font Mono
	cod-type_hierarchy_super	U+EBBB	60347	nerd	Terminess Nerd Font Mono
	cod-git_pull_request_create	U+EBBC	60348	nerd	Terminess Nerd Font Mono
	cod-run_above	U+EBBD	60349	nerd	Terminess Nerd Font Mono
	cod-run_below	U+EBBE	60350	nerd	Terminess Nerd Font Mono
	cod-notebook_template	U+EBBF	60351	nerd	Terminess Nerd Font Mono
	cod-debug_rerun	U+EBC0	60352	nerd	Terminess Nerd Font Mono
	cod-workspace_trusted	U+EBC1	60353	nerd	Terminess Nerd Font Mono
	cod-workspace_untrusted	U+EBC2	60354	nerd	Terminess Nerd Font Mono
	cod-workspace_unknown	U+EBC3	60355	nerd	Terminess Nerd Font Mono
	cod-terminal_cmd	U+EBC4	60356	nerd	Terminess Nerd Font Mono
	cod-terminal_debian	U+EBC5	60357	nerd	Terminess Nerd Font Mono
	cod-terminal_linux	U+EBC6	60358	nerd	Terminess Nerd Font Mono
	cod-terminal_powershell	U+EBC7	60359	nerd	Terminess Nerd Font Mono
	cod-terminal_tmux	U+EBC8	60360	nerd	Terminess Nerd Font Mono
	cod-terminal_ubuntu	U+EBC9	60361	nerd	Terminess Nerd Font Mono
	cod-terminal_bash	U+EBCA	60362	nerd	Terminess Nerd Font Mono
	cod-arrow_swap	U+EBCB	60363	nerd	Terminess Nerd Font Mono
	cod-copy	U+EBCC	60364	nerd	Terminess Nerd Font Mono
	cod-person_add	U+EBCD	60365	nerd	Terminess Nerd Font Mono
	cod-filter_filled	U+EBCE	60366	nerd	Terminess Nerd Font Mono
	cod-wand	U+EBCF	60367	nerd	Terminess Nerd Font Mono
	cod-debug_line_by_line	U+EBD0	60368	nerd	Terminess Nerd Font Mono
	cod-inspect	U+EBD1	60369	nerd	Terminess Nerd Font Mono
	cod-layers	U+EBD2	60370	nerd	Terminess Nerd Font Mono
	cod-layers_dot	U+EBD3	60371	nerd	Terminess Nerd Font Mono
	cod-layers_active	U+EBD4	60372	nerd	Terminess Nerd Font Mono
	cod-compass	U+EBD5	60373	nerd	Terminess Nerd Font Mono
	cod-compass_dot	U+EBD6	60374	nerd	Terminess Nerd Font Mono
	cod-compass_active	U+EBD7	60375	nerd	Terminess Nerd Font Mono
	cod-azure	U+EBD8	60376	nerd	Terminess Nerd Font Mono
	cod-issue_draft	U+EBD9	60377	nerd	Terminess Nerd Font Mono
	cod-git_pull_request_closed	U+EBDA	60378	nerd	Terminess Nerd Font Mono
	cod-git_pull_request_draft	U+EBDB	60379	nerd	Terminess Nerd Font Mono
	cod-debug_all	U+EBDC	60380	nerd	Terminess Nerd Font Mono
	cod-debug_coverage	U+EBDD	60381	nerd	Terminess Nerd Font Mono
	cod-run_errors	U+EBDE	60382	nerd	Terminess Nerd Font Mono
	cod-folder_library	U+EBDF	60383	nerd	Terminess Nerd Font Mono
	cod-debug_continue_small	U+EBE0	60384	nerd	Terminess Nerd Font Mono
	cod-beaker_stop	U+EBE1	60385	nerd	Terminess Nerd Font Mono
	cod-graph_line	U+EBE2	60386	nerd	Terminess Nerd Font Mono
	cod-graph_scatter	U+EBE3	60387	nerd	Terminess Nerd Font Mono
	cod-pie_chart	U+EBE4	60388	nerd	Terminess Nerd Font Mono
	cod-bracket_dot	U+EBE5	60389	nerd	Terminess Nerd Font Mono
	cod-bracket_error	U+EBE6	60390	nerd	Terminess Nerd Font Mono
	cod-lock_small	U+EBE7	60391	nerd	Terminess Nerd Font Mono
	cod-azure_devops	U+EBE8	60392	nerd	Terminess Nerd Font Mono
	cod-verified_filled	U+EBE9	60393	nerd	Terminess Nerd Font Mono
	cod-newline	U+EBEA	60394	nerd	Terminess Nerd Font Mono
	cod-layout	U+EBEB	60395	nerd	Terminess Nerd Font Mono
	cod-layout_activitybar_left	U+EBEC	60396	nerd	Terminess Nerd Font Mono
	cod-layout_activitybar_right	U+EBED	60397	nerd	Terminess Nerd Font Mono
	cod-layout_panel_left	U+EBEE	60398	nerd	Terminess Nerd Font Mono
	cod-layout_panel_center	U+EBEF	60399	nerd	Terminess Nerd Font Mono
	cod-layout_panel_justify	U+EBF0	60400	nerd	Terminess Nerd Font Mono
	cod-layout_panel_right	U+EBF1	60401	nerd	Terminess Nerd Font Mono
	cod-layout_panel	U+EBF2	60402	nerd	Terminess Nerd Font Mono
	cod-layout_sidebar_left	U+EBF3	60403	nerd	Terminess Nerd Font Mono
	cod-layout_sidebar_right	U+EBF4	60404	nerd	Terminess Nerd Font Mono
	cod-layout_statusbar	U+EBF5	60405	nerd	Terminess Nerd Font Mono
	cod-layout_menubar	U+EBF6	60406	nerd	Terminess Nerd Font Mono
	cod-layout_centered	U+EBF7	60407	nerd	Terminess Nerd Font Mono
	cod-target	U+EBF8	60408	nerd	Terminess Nerd Font Mono
	cod-indent	U+EBF9	60409	nerd	Terminess Nerd Font Mono
	cod-record_small	U+EBFA	60410	nerd	Terminess Nerd Font Mono
	cod-error_small	U+EBFB	60411	nerd	Terminess Nerd Font Mono
	cod-arrow_circle_down	U+EBFC	60412	nerd	Terminess Nerd Font Mono
	cod-arrow_circle_left	U+EBFD	60413	nerd	Terminess Nerd Font Mono
	cod-arrow_circle_right	U+EBFE	60414	nerd	Terminess Nerd Font Mono
	cod-arrow_circle_up	U+EBFF	60415	nerd	Terminess Nerd Font Mono
	cod-layout_sidebar_right_off	U+EC00	60416	nerd	Terminess Nerd Font Mono
	cod-layout_panel_off	U+EC01	60417	nerd	Terminess Nerd Font Mono
	cod-layout_sidebar_left_off	U+EC02	60418	nerd	Terminess Nerd Font Mono
	cod-blank	U+EC03	60419	nerd	Terminess Nerd Font Mono
	cod-heart_filled	U+EC04	60420	nerd	Terminess Nerd Font Mono
	cod-map	U+EC05	60421	nerd	Terminess Nerd Font Mono
	cod-map_filled	U+EC06	60422	nerd	Terminess Nerd Font Mono
	cod-circle_small	U+EC07	60423	nerd	Terminess Nerd Font Mono
	cod-bell_slash	U+EC08	60424	nerd	Terminess Nerd Font Mono
	cod-bell_slash_dot	U+EC09	60425	nerd	Terminess Nerd Font Mono
	cod-comment_unresolved	U+EC0A	60426	nerd	Terminess Nerd Font Mono
	cod-git_pull_request_go_to_changes	U+EC0B	60427	nerd	Terminess Nerd Font Mono
	cod-git_pull_request_new_changes	U+EC0C	60428	nerd	Terminess Nerd Font Mono
	cod-search_fuzzy	U+EC0D	60429	nerd	Terminess Nerd Font Mono
	cod-comment_draft	U+EC0E	60430	nerd	Terminess Nerd Font Mono
	cod-send	U+EC0F	60431	nerd	Terminess Nerd Font Mono
	cod-sparkle	U+EC10	60432	nerd	Terminess Nerd Font Mono
	cod-insert	U+EC11	60433	nerd	Terminess Nerd Font Mono
	cod-mic	U+EC12	60434	nerd	Terminess Nerd Font Mono
	cod-thumbsdown_filled	U+EC13	60435	nerd	Terminess Nerd Font Mono
	cod-thumbsup_filled	U+EC14	60436	nerd	Terminess Nerd Font Mono
	cod-coffee	U+EC15	60437	nerd	Terminess Nerd Font Mono
	cod-snake	U+EC16	60438	nerd	Terminess Nerd Font Mono
	cod-game	U+EC17	60439	nerd	Terminess Nerd Font Mono
	cod-vr	U+EC18	60440	nerd	Terminess Nerd Font Mono
	cod-chip	U+EC19	60441	nerd	Terminess Nerd Font Mono
	cod-piano	U+EC1A	60442	nerd	Terminess Nerd Font Mono
	cod-music	U+EC1B	60443	nerd	Terminess Nerd Font Mono
	cod-mic_filled	U+EC1C	60444	nerd	Terminess Nerd Font Mono
	cod-git_fetch	U+EC1D	60445	nerd	Terminess Nerd Font Mono
	cod-copilot	U+EC1E	60446	nerd	Terminess Nerd Font Mono
	fa-location_dot	U+ED00	60672	fa	Terminess Nerd Font Mono
	fa-medapps	U+ED01	60673	fa	Terminess Nerd Font Mono
	fa-medrt	U+ED02	60674	fa	Terminess Nerd Font Mono
	fa-microphone_lines	U+ED03	60675	fa	Terminess Nerd Font Mono
	fa-microsoft	U+ED04	60676	fa	Terminess Nerd Font Mono
	fa-mix	U+ED05	60677	fa	Terminess Nerd Font Mono
	fa-mizuni	U+ED06	60678	fa	Terminess Nerd Font Mono
	fa-mobile_button	U+ED07	60679	fa	Terminess Nerd Font Mono
	fa-mobile	U+ED08	60680	fa	Terminess Nerd Font Mono
	fa-mobile_screen	U+ED09	60681	fa	Terminess Nerd Font Mono
	fa-monero	U+ED0A	60682	fa	Terminess Nerd Font Mono
	fa-money_bill_1	U+ED0B	60683	fa	Terminess Nerd Font Mono
	fa-napster	U+ED0C	60684	fa	Terminess Nerd Font Mono
	fa-node_js	U+ED0D	60685	fa	Terminess Nerd Font Mono
	fa-npm	U+ED0E	60686	fa	Terminess Nerd Font Mono
	fa-ns8	U+ED0F	60687	fa	Terminess Nerd Font Mono
	fa-nutritionix	U+ED10	60688	fa	Terminess Nerd Font Mono
	fa-page4	U+ED11	60689	fa	Terminess Nerd Font Mono
	fa-palfed	U+ED12	60690	fa	Terminess Nerd Font Mono
	fa-patreon	U+ED13	60691	fa	Terminess Nerd Font Mono
	fa-periscope	U+ED14	60692	fa	Terminess Nerd Font Mono
	fa-phabricator	U+ED15	60693	fa	Terminess Nerd Font Mono
	fa-phoenix_framework	U+ED16	60694	fa	Terminess Nerd Font Mono
	fa-phone_slash	U+ED17	60695	fa	Terminess Nerd Font Mono
	fa-playstation	U+ED18	60696	fa	Terminess Nerd Font Mono
	fa-image_portrait	U+ED19	60697	fa	Terminess Nerd Font Mono
	fa-pushed	U+ED1A	60698	fa	Terminess Nerd Font Mono
	fa-python	U+ED1B	60699	fa	Terminess Nerd Font Mono
	fa-red_river	U+ED1C	60700	fa	Terminess Nerd Font Mono
	fa-wpressr	U+ED1D	60701	fa	Terminess Nerd Font Mono
	fa-replyd	U+ED1E	60702	fa	Terminess Nerd Font Mono
	fa-resolving	U+ED1F	60703	fa	Terminess Nerd Font Mono
	fa-rocketchat	U+ED20	60704	fa	Terminess Nerd Font Mono
	fa-rockrms	U+ED21	60705	fa	Terminess Nerd Font Mono
	fa-schlix	U+ED22	60706	fa	Terminess Nerd Font Mono
	fa-searchengin	U+ED23	60707	fa	Terminess Nerd Font Mono
	fa-servicestack	U+ED24	60708	fa	Terminess Nerd Font Mono
	fa-shield_halved	U+ED25	60709	fa	Terminess Nerd Font Mono
	fa-sistrix	U+ED26	60710	fa	Terminess Nerd Font Mono
	fa-speakap	U+ED27	60711	fa	Terminess Nerd Font Mono
	fa-staylinked	U+ED28	60712	fa	Terminess Nerd Font Mono
	fa-steam_symbol	U+ED29	60713	fa	Terminess Nerd Font Mono
	fa-sticker_mule	U+ED2A	60714	fa	Terminess Nerd Font Mono
	fa-studiovinari	U+ED2B	60715	fa	Terminess Nerd Font Mono
	fa-supple	U+ED2C	60716	fa	Terminess Nerd Font Mono
	fa-tablet_button	U+ED2D	60717	fa	Terminess Nerd Font Mono
	fa-tablet	U+ED2E	60718	fa	Terminess Nerd Font Mono
	fa-gauge_high	U+ED2F	60719	fa	Terminess Nerd Font Mono
	fa-ticket_simple	U+ED30	60720	fa	Terminess Nerd Font Mono
	fa-uber	U+ED31	60721	fa	Terminess Nerd Font Mono
	fa-uikit	U+ED32	60722	fa	Terminess Nerd Font Mono
	fa-uniregistry	U+ED33	60723	fa	Terminess Nerd Font Mono
	fa-untappd	U+ED34	60724	fa	Terminess Nerd Font Mono
	fa-user_large	U+ED35	60725	fa	Terminess Nerd Font Mono
	fa-ussunnah	U+ED36	60726	fa	Terminess Nerd Font Mono
	fa-vaadin	U+ED37	60727	fa	Terminess Nerd Font Mono
	fa-viber	U+ED38	60728	fa	Terminess Nerd Font Mono
	fa-vimeo	U+ED39	60729	fa	Terminess Nerd Font Mono
	fa-vnv	U+ED3A	60730	fa	Terminess Nerd Font Mono
	fa-square_whatsapp	U+ED3B	60731	fa	Terminess Nerd Font Mono
	fa-whmcs	U+ED3C	60732	fa	Terminess Nerd Font Mono
	fa-wordpress_simple	U+ED3D	60733	fa	Terminess Nerd Font Mono
	fa-xbox	U+ED3E	60734	fa	Terminess Nerd Font Mono
	fa-yandex	U+ED3F	60735	fa	Terminess Nerd Font Mono
	fa-yandex_international	U+ED40	60736	fa	Terminess Nerd Font Mono
	fa-apple_pay	U+ED41	60737	fa	Terminess Nerd Font Mono
	fa-cc_apple_pay	U+ED42	60738	fa	Terminess Nerd Font Mono
	fa-fly	U+ED43	60739	fa	Terminess Nerd Font Mono
	fa-node	U+ED44	60740	fa	Terminess Nerd Font Mono
	fa-osi	U+ED45	60741	fa	Terminess Nerd Font Mono
	fa-react	U+ED46	60742	fa	Terminess Nerd Font Mono
	fa-autoprefixer	U+ED47	60743	fa	Terminess Nerd Font Mono
	fa-less	U+ED48	60744	fa	Terminess Nerd Font Mono
	fa-sass	U+ED49	60745	fa	Terminess Nerd Font Mono
	fa-vuejs	U+ED4A	60746	fa	Terminess Nerd Font Mono
	fa-angular	U+ED4B	60747	fa	Terminess Nerd Font Mono
	fa-aviato	U+ED4C	60748	fa	Terminess Nerd Font Mono
	fa-down_left_and_up_right_to_center	U+ED4D	60749	fa	Terminess Nerd Font Mono
	fa-ember	U+ED4E	60750	fa	Terminess Nerd Font Mono
	fa-up_right_and_down_left_from_center	U+ED4F	60751	fa	Terminess Nerd Font Mono
	fa-gitter	U+ED50	60752	fa	Terminess Nerd Font Mono
	fa-hooli	U+ED51	60753	fa	Terminess Nerd Font Mono
	fa-strava	U+ED52	60754	fa	Terminess Nerd Font Mono
	fa-stripe	U+ED53	60755	fa	Terminess Nerd Font Mono
	fa-stripe_s	U+ED54	60756	fa	Terminess Nerd Font Mono
	fa-typo3	U+ED55	60757	fa	Terminess Nerd Font Mono
	fa-amazon_pay	U+ED56	60758	fa	Terminess Nerd Font Mono
	fa-cc_amazon_pay	U+ED57	60759	fa	Terminess Nerd Font Mono
	fa-ethereum	U+ED58	60760	fa	Terminess Nerd Font Mono
	fa-korvue	U+ED59	60761	fa	Terminess Nerd Font Mono
	fa-elementor	U+ED5A	60762	fa	Terminess Nerd Font Mono
	fa-baseball_bat_ball	U+ED5B	60763	fa	Terminess Nerd Font Mono
	fa-baseball	U+ED5C	60764	fa	Terminess Nerd Font Mono
	fa-basketball	U+ED5D	60765	fa	Terminess Nerd Font Mono
	fa-bowling_ball	U+ED5E	60766	fa	Terminess Nerd Font Mono
	fa-chess	U+ED5F	60767	fa	Terminess Nerd Font Mono
	fa-chess_bishop	U+ED60	60768	fa	Terminess Nerd Font Mono
	fa-chess_board	U+ED61	60769	fa	Terminess Nerd Font Mono
	fa-chess_king	U+ED62	60770	fa	Terminess Nerd Font Mono
	fa-chess_knight	U+ED63	60771	fa	Terminess Nerd Font Mono
	fa-chess_pawn	U+ED64	60772	fa	Terminess Nerd Font Mono
	fa-chess_queen	U+ED65	60773	fa	Terminess Nerd Font Mono
	fa-chess_rook	U+ED66	60774	fa	Terminess Nerd Font Mono
	fa-dumbbell	U+ED67	60775	fa	Terminess Nerd Font Mono
	fa-flipboard	U+ED68	60776	fa	Terminess Nerd Font Mono
	fa-football	U+ED69	60777	fa	Terminess Nerd Font Mono
	fa-golf_ball_tee	U+ED6A	60778	fa	Terminess Nerd Font Mono
	fa-hips	U+ED6B	60779	fa	Terminess Nerd Font Mono
	fa-hockey_puck	U+ED6C	60780	fa	Terminess Nerd Font Mono
	fa-php	U+ED6D	60781	fa	Terminess Nerd Font Mono
	fa-broom_ball	U+ED6E	60782	fa	Terminess Nerd Font Mono
	fa-quinscape	U+ED6F	60783	fa	Terminess Nerd Font Mono
	fa-square_full	U+ED70	60784	fa	Terminess Nerd Font Mono
	fa-table_tennis_paddle_ball	U+ED71	60785	fa	Terminess Nerd Font Mono
	fa-volleyball	U+ED72	60786	fa	Terminess Nerd Font Mono
	fa-hand_dots	U+ED73	60787	fa	Terminess Nerd Font Mono
	fa-bandage	U+ED74	60788	fa	Terminess Nerd Font Mono
	fa-box	U+ED75	60789	fa	Terminess Nerd Font Mono
	fa-boxes_stacked	U+ED76	60790	fa	Terminess Nerd Font Mono
	fa-briefcase_medical	U+ED77	60791	fa	Terminess Nerd Font Mono
	fa-fire_flame_simple	U+ED78	60792	fa	Terminess Nerd Font Mono
	fa-capsules	U+ED79	60793	fa	Terminess Nerd Font Mono
	fa-clipboard_check	U+ED7A	60794	fa	Terminess Nerd Font Mono
	fa-clipboard_list	U+ED7B	60795	fa	Terminess Nerd Font Mono
	fa-person_dots_from_line	U+ED7C	60796	fa	Terminess Nerd Font Mono
	fa-dna	U+ED7D	60797	fa	Terminess Nerd Font Mono
	fa-dolly	U+ED7E	60798	fa	Terminess Nerd Font Mono
	fa-cart_flatbed	U+ED7F	60799	fa	Terminess Nerd Font Mono
	fa-file_medical	U+ED80	60800	fa	Terminess Nerd Font Mono
	fa-file_waveform	U+ED81	60801	fa	Terminess Nerd Font Mono
	fa-kit_medical	U+ED82	60802	fa	Terminess Nerd Font Mono
	fa-circle_h	U+ED83	60803	fa	Terminess Nerd Font Mono
	fa-id_card_clip	U+ED84	60804	fa	Terminess Nerd Font Mono
	fa-notes_medical	U+ED85	60805	fa	Terminess Nerd Font Mono
	fa-pallet	U+ED86	60806	fa	Terminess Nerd Font Mono
	fa-pills	U+ED87	60807	fa	Terminess Nerd Font Mono
	fa-prescription_bottle	U+ED88	60808	fa	Terminess Nerd Font Mono
	fa-prescription_bottle_medical	U+ED89	60809	fa	Terminess Nerd Font Mono
	fa-bed_pulse	U+ED8A	60810	fa	Terminess Nerd Font Mono
	fa-truck_fast	U+ED8B	60811	fa	Terminess Nerd Font Mono
	fa-smoking	U+ED8C	60812	fa	Terminess Nerd Font Mono
	fa-syringe	U+ED8D	60813	fa	Terminess Nerd Font Mono
	fa-tablets	U+ED8E	60814	fa	Terminess Nerd Font Mono
	fa-thermometer_alt	U+ED8F	60815	fa	Terminess Nerd Font Mono
	fa-vial	U+ED90	60816	fa	Terminess Nerd Font Mono
	fa-vials	U+ED91	60817	fa	Terminess Nerd Font Mono
	fa-warehouse	U+ED92	60818	fa	Terminess Nerd Font Mono
	fa-weight_scale	U+ED93	60819	fa	Terminess Nerd Font Mono
	fa-x_ray	U+ED94	60820	fa	Terminess Nerd Font Mono
	fa-box_open	U+ED95	60821	fa	Terminess Nerd Font Mono
	fa-comment_slash	U+ED96	60822	fa	Terminess Nerd Font Mono
	fa-couch	U+ED97	60823	fa	Terminess Nerd Font Mono
	fa-circle_dollar_to_slot	U+ED98	60824	fa	Terminess Nerd Font Mono
	fa-dove	U+ED99	60825	fa	Terminess Nerd Font Mono
	fa-hand_holding	U+ED9A	60826	fa	Terminess Nerd Font Mono
	fa-hand_holding_heart	U+ED9B	60827	fa	Terminess Nerd Font Mono
	fa-hand_holding_dollar	U+ED9C	60828	fa	Terminess Nerd Font Mono
	fa-hand_holding_droplet	U+ED9D	60829	fa	Terminess Nerd Font Mono
	fa-hands_holding	U+ED9E	60830	fa	Terminess Nerd Font Mono
	fa-handshake_angle	U+ED9F	60831	fa	Terminess Nerd Font Mono
	fa-handshake_simple	U+EDA0	60832	fa	Terminess Nerd Font Mono
	fa-parachute_box	U+EDA1	60833	fa	Terminess Nerd Font Mono
	fa-people_carry_box	U+EDA2	60834	fa	Terminess Nerd Font Mono
	fa-piggy_bank	U+EDA3	60835	fa	Terminess Nerd Font Mono
	fa-readme	U+EDA4	60836	fa	Terminess Nerd Font Mono
	fa-ribbon	U+EDA5	60837	fa	Terminess Nerd Font Mono
	fa-route	U+EDA6	60838	fa	Terminess Nerd Font Mono
	fa-seedling	U+EDA7	60839	fa	Terminess Nerd Font Mono
	fa-sign_hanging	U+EDA8	60840	fa	Terminess Nerd Font Mono
	fa-face_smile_wink	U+EDA9	60841	fa	Terminess Nerd Font Mono
	fa-tape	U+EDAA	60842	fa	Terminess Nerd Font Mono
	fa-truck_ramp_box	U+EDAB	60843	fa	Terminess Nerd Font Mono
	fa-truck_moving	U+EDAC	60844	fa	Terminess Nerd Font Mono
	fa-video_slash	U+EDAD	60845	fa	Terminess Nerd Font Mono
	fa-wine_glass	U+EDAE	60846	fa	Terminess Nerd Font Mono
	fa-java	U+EDAF	60847	fa	Terminess Nerd Font Mono
	fa-pied_piper_hat	U+EDB0	60848	fa	Terminess Nerd Font Mono
	fa-creative_commons_by	U+EDB1	60849	fa	Terminess Nerd Font Mono
	fa-creative_commons_nc	U+EDB2	60850	fa	Terminess Nerd Font Mono
	fa-creative_commons_nc_eu	U+EDB3	60851	fa	Terminess Nerd Font Mono
	fa-creative_commons_nc_jp	U+EDB4	60852	fa	Terminess Nerd Font Mono
	fa-creative_commons_nd	U+EDB5	60853	fa	Terminess Nerd Font Mono
	fa-creative_commons_pd	U+EDB6	60854	fa	Terminess Nerd Font Mono
	fa-creative_commons_pd_alt	U+EDB7	60855	fa	Terminess Nerd Font Mono
	fa-creative_commons_remix	U+EDB8	60856	fa	Terminess Nerd Font Mono
	fa-creative_commons_sa	U+EDB9	60857	fa	Terminess Nerd Font Mono
	fa-creative_commons_sampling	U+EDBA	60858	fa	Terminess Nerd Font Mono
	fa-creative_commons_sampling_plus	U+EDBB	60859	fa	Terminess Nerd Font Mono
	fa-creative_commons_share	U+EDBC	60860	fa	Terminess Nerd Font Mono
	fa-creative_commons_zero	U+EDBD	60861	fa	Terminess Nerd Font Mono
	fa-ebay	U+EDBE	60862	fa	Terminess Nerd Font Mono
	fa-keybase	U+EDBF	60863	fa	Terminess Nerd Font Mono
	fa-mastodon	U+EDC0	60864	fa	Terminess Nerd Font Mono
	fa-r_project	U+EDC1	60865	fa	Terminess Nerd Font Mono
	fa-researchgate	U+EDC2	60866	fa	Terminess Nerd Font Mono
	fa-teamspeak	U+EDC3	60867	fa	Terminess Nerd Font Mono
	fa-user_large_slash	U+EDC4	60868	fa	Terminess Nerd Font Mono
	fa-user_astronaut	U+EDC5	60869	fa	Terminess Nerd Font Mono
	fa-user_check	U+EDC6	60870	fa	Terminess Nerd Font Mono
	fa-user_clock	U+EDC7	60871	fa	Terminess Nerd Font Mono
	fa-user_gear	U+EDC8	60872	fa	Terminess Nerd Font Mono
	fa-user_pen	U+EDC9	60873	fa	Terminess Nerd Font Mono
	fa-user_group	U+EDCA	60874	fa	Terminess Nerd Font Mono
	fa-user_graduate	U+EDCB	60875	fa	Terminess Nerd Font Mono
	fa-user_lock	U+EDCC	60876	fa	Terminess Nerd Font Mono
	fa-user_minus	U+EDCD	60877	fa	Terminess Nerd Font Mono
	fa-user_ninja	U+EDCE	60878	fa	Terminess Nerd Font Mono
	fa-user_shield	U+EDCF	60879	fa	Terminess Nerd Font Mono
	fa-user_slash	U+EDD0	60880	fa	Terminess Nerd Font Mono
	fa-user_tag	U+EDD1	60881	fa	Terminess Nerd Font Mono
	fa-user_tie	U+EDD2	60882	fa	Terminess Nerd Font Mono
	fa-users_gear	U+EDD3	60883	fa	Terminess Nerd Font Mono
	fa-first_order_alt	U+EDD4	60884	fa	Terminess Nerd Font Mono
	fa-fulcrum	U+EDD5	60885	fa	Terminess Nerd Font Mono
	fa-galactic_republic	U+EDD6	60886	fa	Terminess Nerd Font Mono
	fa-galactic_senate	U+EDD7	60887	fa	Terminess Nerd Font Mono
	fa-jedi_order	U+EDD8	60888	fa	Terminess Nerd Font Mono
	fa-mandalorian	U+EDD9	60889	fa	Terminess Nerd Font Mono
	fa-old_republic	U+EDDA	60890	fa	Terminess Nerd Font Mono
	fa-phoenix_squadron	U+EDDB	60891	fa	Terminess Nerd Font Mono
	fa-sith	U+EDDC	60892	fa	Terminess Nerd Font Mono
	fa-trade_federation	U+EDDD	60893	fa	Terminess Nerd Font Mono
	fa-wolf_pack_battalion	U+EDDE	60894	fa	Terminess Nerd Font Mono
	fa-scale_unbalanced	U+EDDF	60895	fa	Terminess Nerd Font Mono
	fa-scale_unbalanced_flip	U+EDE0	60896	fa	Terminess Nerd Font Mono
	fa-blender	U+EDE1	60897	fa	Terminess Nerd Font Mono
	fa-book_open	U+EDE2	60898	fa	Terminess Nerd Font Mono
	fa-tower_broadcast	U+EDE3	60899	fa	Terminess Nerd Font Mono
	fa-broom	U+EDE4	60900	fa	Terminess Nerd Font Mono
	fa-chalkboard	U+EDE5	60901	fa	Terminess Nerd Font Mono
	fa-chalkboard_user	U+EDE6	60902	fa	Terminess Nerd Font Mono
	fa-church	U+EDE7	60903	fa	Terminess Nerd Font Mono
	fa-coins	U+EDE8	60904	fa	Terminess Nerd Font Mono
	fa-compact_disc	U+EDE9	60905	fa	Terminess Nerd Font Mono
	fa-crow	U+EDEA	60906	fa	Terminess Nerd Font Mono
	fa-crown	U+EDEB	60907	fa	Terminess Nerd Font Mono
	fa-dice	U+EDEC	60908	fa	Terminess Nerd Font Mono
	fa-dice_five	U+EDED	60909	fa	Terminess Nerd Font Mono
	fa-dice_four	U+EDEE	60910	fa	Terminess Nerd Font Mono
	fa-dice_one	U+EDEF	60911	fa	Terminess Nerd Font Mono
	fa-dice_six	U+EDF0	60912	fa	Terminess Nerd Font Mono
	fa-dice_three	U+EDF1	60913	fa	Terminess Nerd Font Mono
	fa-dice_two	U+EDF2	60914	fa	Terminess Nerd Font Mono
	fa-divide	U+EDF3	60915	fa	Terminess Nerd Font Mono
	fa-door_closed	U+EDF4	60916	fa	Terminess Nerd Font Mono
	fa-door_open	U+EDF5	60917	fa	Terminess Nerd Font Mono
	fa-equals	U+EDF6	60918	fa	Terminess Nerd Font Mono
	fa-feather	U+EDF7	60919	fa	Terminess Nerd Font Mono
	fa-frog	U+EDF8	60920	fa	Terminess Nerd Font Mono
	fa-gas_pump	U+EDF9	60921	fa	Terminess Nerd Font Mono
	fa-glasses	U+EDFA	60922	fa	Terminess Nerd Font Mono
	fa-greater_than	U+EDFB	60923	fa	Terminess Nerd Font Mono
	fa-greater_than_equal	U+EDFC	60924	fa	Terminess Nerd Font Mono
	fa-helicopter	U+EDFD	60925	fa	Terminess Nerd Font Mono
	fa-infinity	U+EDFE	60926	fa	Terminess Nerd Font Mono
	fa-kiwi_bird	U+EDFF	60927	fa	Terminess Nerd Font Mono
	extra-progress_empty_left	U+EE00	60928	nerd	Terminess Nerd Font Mono
	extra-progress_empty_mid	U+EE01	60929	nerd	Terminess Nerd Font Mono
	extra-progress_empty_right	U+EE02	60930	nerd	Terminess Nerd Font Mono
	extra-progress_full_left	U+EE03	60931	nerd	Terminess Nerd Font Mono
	extra-progress_full_mid	U+EE04	60932	nerd	Terminess Nerd Font Mono
	extra-progress_full_right	U+EE05	60933	nerd	Terminess Nerd Font Mono
	extra-progress_spinner_1	U+EE06	60934	nerd	Terminess Nerd Font Mono
	extra-progress_spinner_2	U+EE07	60935	nerd	Terminess Nerd Font Mono
	extra-progress_spinner_3	U+EE08	60936	nerd	Terminess Nerd Font Mono
	extra-progress_spinner_4	U+EE09	60937	nerd	Terminess Nerd Font Mono
	extra-progress_spinner_5	U+EE0A	60938	nerd	Terminess Nerd Font Mono
	extra-progress_spinner_6	U+EE0B	60939	nerd	Terminess Nerd Font Mono
	fa-receipt	U+EE0C	60940	fa	Terminess Nerd Font Mono
	fa-robot	U+EE0D	60941	fa	Terminess Nerd Font Mono
	fa-ruler	U+EE0E	60942	fa	Terminess Nerd Font Mono
	fa-ruler_combined	U+EE0F	60943	fa	Terminess Nerd Font Mono
	fa-ruler_horizontal	U+EE10	60944	fa	Terminess Nerd Font Mono
	fa-ruler_vertical	U+EE11	60945	fa	Terminess Nerd Font Mono
	fa-school	U+EE12	60946	fa	Terminess Nerd Font Mono
	fa-screwdriver	U+EE13	60947	fa	Terminess Nerd Font Mono
	fa-shoe_prints	U+EE14	60948	fa	Terminess Nerd Font Mono
	fa-skull	U+EE15	60949	fa	Terminess Nerd Font Mono
	fa-ban_smoking	U+EE16	60950	fa	Terminess Nerd Font Mono
	fa-store	U+EE17	60951	fa	Terminess Nerd Font Mono
	fa-shop	U+EE18	60952	fa	Terminess Nerd Font Mono
	fa-bars_staggered	U+EE19	60953	fa	Terminess Nerd Font Mono
	fa-stroopwafel	U+EE1A	60954	fa	Terminess Nerd Font Mono
	fa-toolbox	U+EE1B	60955	fa	Terminess Nerd Font Mono
	fa-shirt	U+EE1C	60956	fa	Terminess Nerd Font Mono
	fa-person_walking	U+EE1D	60957	fa	Terminess Nerd Font Mono
	fa-wallet	U+EE1E	60958	fa	Terminess Nerd Font Mono
	fa-face_angry	U+EE1F	60959	fa	Terminess Nerd Font Mono
	fa-archway	U+EE20	60960	fa	Terminess Nerd Font Mono
	fa-book_atlas	U+EE21	60961	fa	Terminess Nerd Font Mono
	fa-award	U+EE22	60962	fa	Terminess Nerd Font Mono
	fa-delete_left	U+EE23	60963	fa	Terminess Nerd Font Mono
	fa-bezier_curve	U+EE24	60964	fa	Terminess Nerd Font Mono
	fa-bong	U+EE25	60965	fa	Terminess Nerd Font Mono
	fa-brush	U+EE26	60966	fa	Terminess Nerd Font Mono
	fa-bus_simple	U+EE27	60967	fa	Terminess Nerd Font Mono
	fa-cannabis	U+EE28	60968	fa	Terminess Nerd Font Mono
	fa-check_double	U+EE29	60969	fa	Terminess Nerd Font Mono
	fa-martini_glass_citrus	U+EE2A	60970	fa	Terminess Nerd Font Mono
	fa-bell_concierge	U+EE2B	60971	fa	Terminess Nerd Font Mono
	fa-cookie	U+EE2C	60972	fa	Terminess Nerd Font Mono
	fa-cookie_bite	U+EE2D	60973	fa	Terminess Nerd Font Mono
	fa-crop_simple	U+EE2E	60974	fa	Terminess Nerd Font Mono
	fa-tachograph_digital	U+EE2F	60975	fa	Terminess Nerd Font Mono
	fa-face_dizzy	U+EE30	60976	fa	Terminess Nerd Font Mono
	fa-compass_drafting	U+EE31	60977	fa	Terminess Nerd Font Mono
	fa-drum	U+EE32	60978	fa	Terminess Nerd Font Mono
	fa-drum_steelpan	U+EE33	60979	fa	Terminess Nerd Font Mono
	fa-feather_pointed	U+EE34	60980	fa	Terminess Nerd Font Mono
	fa-file_contract	U+EE35	60981	fa	Terminess Nerd Font Mono
	fa-file_arrow_down	U+EE36	60982	fa	Terminess Nerd Font Mono
	fa-file_export	U+EE37	60983	fa	Terminess Nerd Font Mono
	fa-file_import	U+EE38	60984	fa	Terminess Nerd Font Mono
	fa-file_invoice	U+EE39	60985	fa	Terminess Nerd Font Mono
	fa-file_invoice_dollar	U+EE3A	60986	fa	Terminess Nerd Font Mono
	fa-file_prescription	U+EE3B	60987	fa	Terminess Nerd Font Mono
	fa-file_signature	U+EE3C	60988	fa	Terminess Nerd Font Mono
	fa-file_arrow_up	U+EE3D	60989	fa	Terminess Nerd Font Mono
	fa-fill	U+EE3E	60990	fa	Terminess Nerd Font Mono
	fa-fill_drip	U+EE3F	60991	fa	Terminess Nerd Font Mono
	fa-fingerprint	U+EE40	60992	fa	Terminess Nerd Font Mono
	fa-fish	U+EE41	60993	fa	Terminess Nerd Font Mono
	fa-face_flushed	U+EE42	60994	fa	Terminess Nerd Font Mono
	fa-face_frown_open	U+EE43	60995	fa	Terminess Nerd Font Mono
	fa-martini_glass	U+EE44	60996	fa	Terminess Nerd Font Mono
	fa-earth_africa	U+EE45	60997	fa	Terminess Nerd Font Mono
	fa-earth_americas	U+EE46	60998	fa	Terminess Nerd Font Mono
	fa-earth_asia	U+EE47	60999	fa	Terminess Nerd Font Mono
	fa-face_grimace	U+EE48	61000	fa	Terminess Nerd Font Mono
	fa-face_grin	U+EE49	61001	fa	Terminess Nerd Font Mono
	fa-face_grin_wide	U+EE4A	61002	fa	Terminess Nerd Font Mono
	fa-face_grin_beam	U+EE4B	61003	fa	Terminess Nerd Font Mono
	fa-face_grin_beam_sweat	U+EE4C	61004	fa	Terminess Nerd Font Mono
	fa-face_grin_hearts	U+EE4D	61005	fa	Terminess Nerd Font Mono
	fa-face_grin_squint	U+EE4E	61006	fa	Terminess Nerd Font Mono
	fa-face_grin_squint_tears	U+EE4F	61007	fa	Terminess Nerd Font Mono
	fa-face_grin_stars	U+EE50	61008	fa	Terminess Nerd Font Mono
	fa-face_grin_tears	U+EE51	61009	fa	Terminess Nerd Font Mono
	fa-face_grin_tongue	U+EE52	61010	fa	Terminess Nerd Font Mono
	fa-face_grin_tongue_squint	U+EE53	61011	fa	Terminess Nerd Font Mono
	fa-face_grin_tongue_wink	U+EE54	61012	fa	Terminess Nerd Font Mono
	fa-face_grin_wink	U+EE55	61013	fa	Terminess Nerd Font Mono
	fa-grip	U+EE56	61014	fa	Terminess Nerd Font Mono
	fa-grip_vertical	U+EE57	61015	fa	Terminess Nerd Font Mono
	fa-headphones_simple	U+EE58	61016	fa	Terminess Nerd Font Mono
	fa-headset	U+EE59	61017	fa	Terminess Nerd Font Mono
	fa-highlighter	U+EE5A	61018	fa	Terminess Nerd Font Mono
	fa-hornbill	U+EE5B	61019	fa	Terminess Nerd Font Mono
	fa-hot_tub_person	U+EE5C	61020	fa	Terminess Nerd Font Mono
	fa-hotel_building	U+EE5D	61021	fa	Terminess Nerd Font Mono
	fa-joint	U+EE5E	61022	fa	Terminess Nerd Font Mono
	fa-face_kiss	U+EE5F	61023	fa	Terminess Nerd Font Mono
	fa-face_kiss_beam	U+EE60	61024	fa	Terminess Nerd Font Mono
	fa-face_kiss_wink_heart	U+EE61	61025	fa	Terminess Nerd Font Mono
	fa-face_laugh	U+EE62	61026	fa	Terminess Nerd Font Mono
	fa-face_laugh_beam	U+EE63	61027	fa	Terminess Nerd Font Mono
	fa-face_laugh_squint	U+EE64	61028	fa	Terminess Nerd Font Mono
	fa-face_laugh_wink	U+EE65	61029	fa	Terminess Nerd Font Mono
	fa-cart_flatbed_suitcase	U+EE66	61030	fa	Terminess Nerd Font Mono
	fa-mailchimp	U+EE67	61031	fa	Terminess Nerd Font Mono
	fa-map_location	U+EE68	61032	fa	Terminess Nerd Font Mono
	fa-map_location_dot	U+EE69	61033	fa	Terminess Nerd Font Mono
	fa-marker	U+EE6A	61034	fa	Terminess Nerd Font Mono
	fa-medal	U+EE6B	61035	fa	Terminess Nerd Font Mono
	fa-megaport	U+EE6C	61036	fa	Terminess Nerd Font Mono
	fa-face_meh_blank	U+EE6D	61037	fa	Terminess Nerd Font Mono
	fa-face_rolling_eyes	U+EE6E	61038	fa	Terminess Nerd Font Mono
	fa-monument	U+EE6F	61039	fa	Terminess Nerd Font Mono
	fa-mortar_pestle	U+EE70	61040	fa	Terminess Nerd Font Mono
	fa-nimblr	U+EE71	61041	fa	Terminess Nerd Font Mono
	fa-paint_roller	U+EE72	61042	fa	Terminess Nerd Font Mono
	fa-passport	U+EE73	61043	fa	Terminess Nerd Font Mono
	fa-pen_fancy	U+EE74	61044	fa	Terminess Nerd Font Mono
	fa-pen_nib	U+EE75	61045	fa	Terminess Nerd Font Mono
	fa-pen_ruler	U+EE76	61046	fa	Terminess Nerd Font Mono
	fa-plane_arrival	U+EE77	61047	fa	Terminess Nerd Font Mono
	fa-plane_departure	U+EE78	61048	fa	Terminess Nerd Font Mono
	fa-prescription	U+EE79	61049	fa	Terminess Nerd Font Mono
	fa-rev	U+EE7A	61050	fa	Terminess Nerd Font Mono
	fa-face_sad_cry	U+EE7B	61051	fa	Terminess Nerd Font Mono
	fa-face_sad_tear	U+EE7C	61052	fa	Terminess Nerd Font Mono
	fa-shopware	U+EE7D	61053	fa	Terminess Nerd Font Mono
	fa-van_shuttle	U+EE7E	61054	fa	Terminess Nerd Font Mono
	fa-signature	U+EE7F	61055	fa	Terminess Nerd Font Mono
	fa-face_smile_beam	U+EE80	61056	fa	Terminess Nerd Font Mono
	fa-solar_panel	U+EE81	61057	fa	Terminess Nerd Font Mono
	fa-spa	U+EE82	61058	fa	Terminess Nerd Font Mono
	fa-splotch	U+EE83	61059	fa	Terminess Nerd Font Mono
	fa-spray_can	U+EE84	61060	fa	Terminess Nerd Font Mono
	fa-squarespace	U+EE85	61061	fa	Terminess Nerd Font Mono
	fa-stamp	U+EE86	61062	fa	Terminess Nerd Font Mono
	fa-star_half_stroke	U+EE87	61063	fa	Terminess Nerd Font Mono
	fa-suitcase_rolling	U+EE88	61064	fa	Terminess Nerd Font Mono
	fa-face_surprise	U+EE89	61065	fa	Terminess Nerd Font Mono
	fa-swatchbook	U+EE8A	61066	fa	Terminess Nerd Font Mono
	fa-person_swimming	U+EE8B	61067	fa	Terminess Nerd Font Mono
	fa-water_ladder	U+EE8C	61068	fa	Terminess Nerd Font Mono
	fa-themeco	U+EE8D	61069	fa	Terminess Nerd Font Mono
	fa-droplet_slash	U+EE8E	61070	fa	Terminess Nerd Font Mono
	fa-face_tired	U+EE8F	61071	fa	Terminess Nerd Font Mono
	fa-tooth	U+EE90	61072	fa	Terminess Nerd Font Mono
	fa-umbrella_beach	U+EE91	61073	fa	Terminess Nerd Font Mono
	fa-vector_square	U+EE92	61074	fa	Terminess Nerd Font Mono
	fa-weebly	U+EE93	61075	fa	Terminess Nerd Font Mono
	fa-weight_hanging	U+EE94	61076	fa	Terminess Nerd Font Mono
	fa-wine_glass_empty	U+EE95	61077	fa	Terminess Nerd Font Mono
	fa-wix	U+EE96	61078	fa	Terminess Nerd Font Mono
	fa-spray_can_sparkles	U+EE97	61079	fa	Terminess Nerd Font Mono
	fa-apple_whole	U+EE98	61080	fa	Terminess Nerd Font Mono
	fa-atom	U+EE99	61081	fa	Terminess Nerd Font Mono
	fa-bone	U+EE9A	61082	fa	Terminess Nerd Font Mono
	fa-book_open_reader	U+EE9B	61083	fa	Terminess Nerd Font Mono
	fa-brain	U+EE9C	61084	fa	Terminess Nerd Font Mono
	fa-car_rear	U+EE9D	61085	fa	Terminess Nerd Font Mono
	fa-car_battery	U+EE9E	61086	fa	Terminess Nerd Font Mono
	fa-car_burst	U+EE9F	61087	fa	Terminess Nerd Font Mono
	fa-car_side	U+EEA0	61088	fa	Terminess Nerd Font Mono
	fa-charging_station	U+EEA1	61089	fa	Terminess Nerd Font Mono
	fa-diamond_turn_right	U+EEA2	61090	fa	Terminess Nerd Font Mono
	fa-draw_polygon	U+EEA3	61091	fa	Terminess Nerd Font Mono
	fa-ello	U+EEA4	61092	fa	Terminess Nerd Font Mono
	fa-hackerrank	U+EEA5	61093	fa	Terminess Nerd Font Mono
	fa-kaggle	U+EEA6	61094	fa	Terminess Nerd Font Mono
	fa-laptop_code	U+EEA7	61095	fa	Terminess Nerd Font Mono
	fa-layer_group	U+EEA8	61096	fa	Terminess Nerd Font Mono
	fa-location_crosshairs	U+EEA9	61097	fa	Terminess Nerd Font Mono
	fa-lungs	U+EEAA	61098	fa	Terminess Nerd Font Mono
	fa-markdown	U+EEAB	61099	fa	Terminess Nerd Font Mono
	fa-microscope	U+EEAC	61100	fa	Terminess Nerd Font Mono
	fa-neos	U+EEAD	61101	fa	Terminess Nerd Font Mono
	fa-oil_can	U+EEAE	61102	fa	Terminess Nerd Font Mono
	fa-poop	U+EEAF	61103	fa	Terminess Nerd Font Mono
	fa-shapes	U+EEB0	61104	fa	Terminess Nerd Font Mono
	fa-star_of_life	U+EEB1	61105	fa	Terminess Nerd Font Mono
	fa-gauge	U+EEB2	61106	fa	Terminess Nerd Font Mono
	fa-gauge_simple	U+EEB3	61107	fa	Terminess Nerd Font Mono
	fa-teeth	U+EEB4	61108	fa	Terminess Nerd Font Mono
	fa-teeth_open	U+EEB5	61109	fa	Terminess Nerd Font Mono
	fa-masks_theater	U+EEB6	61110	fa	Terminess Nerd Font Mono
	fa-traffic_light	U+EEB7	61111	fa	Terminess Nerd Font Mono
	fa-truck_monster	U+EEB8	61112	fa	Terminess Nerd Font Mono
	fa-truck_pickup	U+EEB9	61113	fa	Terminess Nerd Font Mono
	fa-zhihu	U+EEBA	61114	fa	Terminess Nerd Font Mono
	fa-rectangle_ad	U+EEBB	61115	fa	Terminess Nerd Font Mono
	fa-alipay	U+EEBC	61116	fa	Terminess Nerd Font Mono
	fa-ankh	U+EEBD	61117	fa	Terminess Nerd Font Mono
	fa-book_bible	U+EEBE	61118	fa	Terminess Nerd Font Mono
	fa-business_time	U+EEBF	61119	fa	Terminess Nerd Font Mono
	fa-city	U+EEC0	61120	fa	Terminess Nerd Font Mono
	fa-comment_dollar	U+EEC1	61121	fa	Terminess Nerd Font Mono
	fa-comments_dollar	U+EEC2	61122	fa	Terminess Nerd Font Mono
	fa-cross	U+EEC3	61123	fa	Terminess Nerd Font Mono
	fa-dharmachakra	U+EEC4	61124	fa	Terminess Nerd Font Mono
	fa-envelope_open_text	U+EEC5	61125	fa	Terminess Nerd Font Mono
	fa-folder_minus	U+EEC6	61126	fa	Terminess Nerd Font Mono
	fa-folder_plus	U+EEC7	61127	fa	Terminess Nerd Font Mono
	fa-filter_circle_dollar	U+EEC8	61128	fa	Terminess Nerd Font Mono
	fa-gopuram	U+EEC9	61129	fa	Terminess Nerd Font Mono
	fa-hamsa	U+EECA	61130	fa	Terminess Nerd Font Mono
	fa-bahai	U+EECB	61131	fa	Terminess Nerd Font Mono
	fa-jedi	U+EECC	61132	fa	Terminess Nerd Font Mono
	fa-book_journal_whills	U+EECD	61133	fa	Terminess Nerd Font Mono
	fa-kaaba	U+EECE	61134	fa	Terminess Nerd Font Mono
	fa-khanda	U+EECF	61135	fa	Terminess Nerd Font Mono
	fa-landmark	U+EED0	61136	fa	Terminess Nerd Font Mono
	fa-envelopes_bulk	U+EED1	61137	fa	Terminess Nerd Font Mono
	fa-menorah	U+EED2	61138	fa	Terminess Nerd Font Mono
	fa-mosque	U+EED3	61139	fa	Terminess Nerd Font Mono
	fa-om	U+EED4	61140	fa	Terminess Nerd Font Mono
	fa-spaghetti_monster_flying	U+EED5	61141	fa	Terminess Nerd Font Mono
	fa-peace	U+EED6	61142	fa	Terminess Nerd Font Mono
	fa-place_of_worship	U+EED7	61143	fa	Terminess Nerd Font Mono
	fa-square_poll_vertical	U+EED8	61144	fa	Terminess Nerd Font Mono
	fa-square_poll_horizontal	U+EED9	61145	fa	Terminess Nerd Font Mono
	fa-person_praying	U+EEDA	61146	fa	Terminess Nerd Font Mono
	fa-hands_praying	U+EEDB	61147	fa	Terminess Nerd Font Mono
	fa-book_quran	U+EEDC	61148	fa	Terminess Nerd Font Mono
	fa-magnifying_glass_dollar	U+EEDD	61149	fa	Terminess Nerd Font Mono
	fa-magnifying_glass_location	U+EEDE	61150	fa	Terminess Nerd Font Mono
	fa-socks	U+EEDF	61151	fa	Terminess Nerd Font Mono
	fa-square_root_variable	U+EEE0	61152	fa	Terminess Nerd Font Mono
	fa-star_and_crescent	U+EEE1	61153	fa	Terminess Nerd Font Mono
	fa-star_of_david	U+EEE2	61154	fa	Terminess Nerd Font Mono
	fa-synagogue	U+EEE3	61155	fa	Terminess Nerd Font Mono
	fa-the_red_yeti	U+EEE4	61156	fa	Terminess Nerd Font Mono
	fa-scroll_torah	U+EEE5	61157	fa	Terminess Nerd Font Mono
	fa-torii_gate	U+EEE6	61158	fa	Terminess Nerd Font Mono
	fa-vihara	U+EEE7	61159	fa	Terminess Nerd Font Mono
	fa-volume_xmark	U+EEE8	61160	fa	Terminess Nerd Font Mono
	fa-yin_yang	U+EEE9	61161	fa	Terminess Nerd Font Mono
	fa-blender_phone	U+EEEA	61162	fa	Terminess Nerd Font Mono
	fa-book_skull	U+EEEB	61163	fa	Terminess Nerd Font Mono
	fa-campground	U+EEEC	61164	fa	Terminess Nerd Font Mono
	fa-cat	U+EEED	61165	fa	Terminess Nerd Font Mono
	fa-chair	U+EEEE	61166	fa	Terminess Nerd Font Mono
	fa-cloud_moon	U+EEEF	61167	fa	Terminess Nerd Font Mono
	fa-cloud_sun	U+EEF0	61168	fa	Terminess Nerd Font Mono
	fa-cow	U+EEF1	61169	fa	Terminess Nerd Font Mono
	fa-critical_role	U+EEF2	61170	fa	Terminess Nerd Font Mono
	fa-d_and_d_beyond	U+EEF3	61171	fa	Terminess Nerd Font Mono
	fa-dev	U+EEF4	61172	fa	Terminess Nerd Font Mono
	fa-dice_d20	U+EEF5	61173	fa	Terminess Nerd Font Mono
	fa-dice_d6	U+EEF6	61174	fa	Terminess Nerd Font Mono
	fa-dog	U+EEF7	61175	fa	Terminess Nerd Font Mono
	fa-dragon	U+EEF8	61176	fa	Terminess Nerd Font Mono
	fa-drumstick_bite	U+EEF9	61177	fa	Terminess Nerd Font Mono
	fa-dungeon	U+EEFA	61178	fa	Terminess Nerd Font Mono
	fa-fantasy_flight_games	U+EEFB	61179	fa	Terminess Nerd Font Mono
	fa-file_csv	U+EEFC	61180	fa	Terminess Nerd Font Mono
	fa-hand_fist	U+EEFD	61181	fa	Terminess Nerd Font Mono
	fa-ghost	U+EEFE	61182	fa	Terminess Nerd Font Mono
	fa-hammer	U+EEFF	61183	fa	Terminess Nerd Font Mono
	fa-hanukiah	U+EF00	61184	fa	Terminess Nerd Font Mono
	fa-hat_wizard	U+EF01	61185	fa	Terminess Nerd Font Mono
	fa-person_hiking	U+EF02	61186	fa	Terminess Nerd Font Mono
	fa-hippo	U+EF03	61187	fa	Terminess Nerd Font Mono
	fa-horse	U+EF04	61188	fa	Terminess Nerd Font Mono
	fa-house_chimney_crack	U+EF05	61189	fa	Terminess Nerd Font Mono
	fa-hryvnia_sign	U+EF06	61190	fa	Terminess Nerd Font Mono
	fa-mask	U+EF07	61191	fa	Terminess Nerd Font Mono
	fa-mountain	U+EF08	61192	fa	Terminess Nerd Font Mono
	fa-network_wired	U+EF09	61193	fa	Terminess Nerd Font Mono
	fa-otter	U+EF0A	61194	fa	Terminess Nerd Font Mono
	fa-ring	U+EF0B	61195	fa	Terminess Nerd Font Mono
	fa-person_running	U+EF0C	61196	fa	Terminess Nerd Font Mono
	fa-scroll	U+EF0D	61197	fa	Terminess Nerd Font Mono
	fa-skull_crossbones	U+EF0E	61198	fa	Terminess Nerd Font Mono
	fa-slash	U+EF0F	61199	fa	Terminess Nerd Font Mono
	fa-spider	U+EF10	61200	fa	Terminess Nerd Font Mono
	fa-toilet_paper	U+EF11	61201	fa	Terminess Nerd Font Mono
	fa-tractor	U+EF12	61202	fa	Terminess Nerd Font Mono
	fa-user_injured	U+EF13	61203	fa	Terminess Nerd Font Mono
	fa-vr_cardboard	U+EF14	61204	fa	Terminess Nerd Font Mono
	fa-wand_sparkles	U+EF15	61205	fa	Terminess Nerd Font Mono
	fa-wind	U+EF16	61206	fa	Terminess Nerd Font Mono
	fa-wine_bottle	U+EF17	61207	fa	Terminess Nerd Font Mono
	fa-wizards_of_the_coast	U+EF18	61208	fa	Terminess Nerd Font Mono
	fa-think_peaks	U+EF19	61209	fa	Terminess Nerd Font Mono
	fa-cloud_meatball	U+EF1A	61210	fa	Terminess Nerd Font Mono
	fa-cloud_moon_rain	U+EF1B	61211	fa	Terminess Nerd Font Mono
	fa-cloud_rain	U+EF1C	61212	fa	Terminess Nerd Font Mono
	fa-cloud_showers_heavy	U+EF1D	61213	fa	Terminess Nerd Font Mono
	fa-cloud_sun_rain	U+EF1E	61214	fa	Terminess Nerd Font Mono
	fa-democrat	U+EF1F	61215	fa	Terminess Nerd Font Mono
	fa-flag_usa	U+EF20	61216	fa	Terminess Nerd Font Mono
	fa-hurricane	U+EF21	61217	fa	Terminess Nerd Font Mono
	fa-landmark_dome	U+EF22	61218	fa	Terminess Nerd Font Mono
	fa-meteor	U+EF23	61219	fa	Terminess Nerd Font Mono
	fa-person_booth	U+EF24	61220	fa	Terminess Nerd Font Mono
	fa-poo_storm	U+EF25	61221	fa	Terminess Nerd Font Mono
	fa-rainbow	U+EF26	61222	fa	Terminess Nerd Font Mono
	fa-reacteurope	U+EF27	61223	fa	Terminess Nerd Font Mono
	fa-republican	U+EF28	61224	fa	Terminess Nerd Font Mono
	fa-smog	U+EF29	61225	fa	Terminess Nerd Font Mono
	fa-temperature_high	U+EF2A	61226	fa	Terminess Nerd Font Mono
	fa-temperature_low	U+EF2B	61227	fa	Terminess Nerd Font Mono
	fa-cloud_bolt	U+EF2C	61228	fa	Terminess Nerd Font Mono
	fa-tornado	U+EF2D	61229	fa	Terminess Nerd Font Mono
	fa-volcano	U+EF2E	61230	fa	Terminess Nerd Font Mono
	fa-check_to_slot	U+EF2F	61231	fa	Terminess Nerd Font Mono
	fa-water	U+EF30	61232	fa	Terminess Nerd Font Mono
	fa-artstation	U+EF31	61233	fa	Terminess Nerd Font Mono
	fa-atlassian	U+EF32	61234	fa	Terminess Nerd Font Mono
	fa-baby	U+EF33	61235	fa	Terminess Nerd Font Mono
	fa-baby_carriage	U+EF34	61236	fa	Terminess Nerd Font Mono
	fa-biohazard	U+EF35	61237	fa	Terminess Nerd Font Mono
	fa-blog	U+EF36	61238	fa	Terminess Nerd Font Mono
	fa-calendar_day	U+EF37	61239	fa	Terminess Nerd Font Mono
	fa-calendar_week	U+EF38	61240	fa	Terminess Nerd Font Mono
	fa-canadian_maple_leaf	U+EF39	61241	fa	Terminess Nerd Font Mono
	fa-candy_cane	U+EF3A	61242	fa	Terminess Nerd Font Mono
	fa-carrot	U+EF3B	61243	fa	Terminess Nerd Font Mono
	fa-cash_register	U+EF3C	61244	fa	Terminess Nerd Font Mono
	fa-centos	U+EF3D	61245	fa	Terminess Nerd Font Mono
	fa-minimize	U+EF3E	61246	fa	Terminess Nerd Font Mono
	fa-confluence	U+EF3F	61247	fa	Terminess Nerd Font Mono
	fa-dhl	U+EF40	61248	fa	Terminess Nerd Font Mono
	fa-diaspora	U+EF41	61249	fa	Terminess Nerd Font Mono
	fa-dumpster	U+EF42	61250	fa	Terminess Nerd Font Mono
	fa-dumpster_fire	U+EF43	61251	fa	Terminess Nerd Font Mono
	fa-ethernet	U+EF44	61252	fa	Terminess Nerd Font Mono
	fa-fedex	U+EF45	61253	fa	Terminess Nerd Font Mono
	fa-fedora	U+EF46	61254	fa	Terminess Nerd Font Mono
	fa-figma	U+EF47	61255	fa	Terminess Nerd Font Mono
	fa-gifts	U+EF48	61256	fa	Terminess Nerd Font Mono
	fa-champagne_glasses	U+EF49	61257	fa	Terminess Nerd Font Mono
	fa-whiskey_glass	U+EF4A	61258	fa	Terminess Nerd Font Mono
	fa-earth_europe	U+EF4B	61259	fa	Terminess Nerd Font Mono
	fa-grip_lines	U+EF4C	61260	fa	Terminess Nerd Font Mono
	fa-grip_lines_vertical	U+EF4D	61261	fa	Terminess Nerd Font Mono
	fa-guitar	U+EF4E	61262	fa	Terminess Nerd Font Mono
	fa-heart_crack	U+EF4F	61263	fa	Terminess Nerd Font Mono
	fa-holly_berry	U+EF50	61264	fa	Terminess Nerd Font Mono
	fa-horse_head	U+EF51	61265	fa	Terminess Nerd Font Mono
	fa-icicles	U+EF52	61266	fa	Terminess Nerd Font Mono
	fa-igloo	U+EF53	61267	fa	Terminess Nerd Font Mono
	fa-intercom	U+EF54	61268	fa	Terminess Nerd Font Mono
	fa-invision	U+EF55	61269	fa	Terminess Nerd Font Mono
	fa-jira	U+EF56	61270	fa	Terminess Nerd Font Mono
	fa-mendeley	U+EF57	61271	fa	Terminess Nerd Font Mono
	fa-mitten	U+EF58	61272	fa	Terminess Nerd Font Mono
	fa-mug_hot	U+EF59	61273	fa	Terminess Nerd Font Mono
	fa-radiation	U+EF5A	61274	fa	Terminess Nerd Font Mono
	fa-circle_radiation	U+EF5B	61275	fa	Terminess Nerd Font Mono
	fa-raspberry_pi	U+EF5C	61276	fa	Terminess Nerd Font Mono
	fa-redhat	U+EF5D	61277	fa	Terminess Nerd Font Mono
	fa-restroom	U+EF5E	61278	fa	Terminess Nerd Font Mono
	fa-satellite	U+EF5F	61279	fa	Terminess Nerd Font Mono
	fa-satellite_dish	U+EF60	61280	fa	Terminess Nerd Font Mono
	fa-sd_card	U+EF61	61281	fa	Terminess Nerd Font Mono
	fa-sim_card	U+EF62	61282	fa	Terminess Nerd Font Mono
	fa-person_skating	U+EF63	61283	fa	Terminess Nerd Font Mono
	fa-sketch	U+EF64	61284	fa	Terminess Nerd Font Mono
	fa-person_skiing	U+EF65	61285	fa	Terminess Nerd Font Mono
	fa-person_skiing_nordic	U+EF66	61286	fa	Terminess Nerd Font Mono
	fa-sleigh	U+EF67	61287	fa	Terminess Nerd Font Mono
	fa-comment_sms	U+EF68	61288	fa	Terminess Nerd Font Mono
	fa-person_snowboarding	U+EF69	61289	fa	Terminess Nerd Font Mono
	fa-snowman	U+EF6A	61290	fa	Terminess Nerd Font Mono
	fa-snowplow	U+EF6B	61291	fa	Terminess Nerd Font Mono
	fa-sourcetree	U+EF6C	61292	fa	Terminess Nerd Font Mono
	fa-suse	U+EF6D	61293	fa	Terminess Nerd Font Mono
	fa-tenge_sign	U+EF6E	61294	fa	Terminess Nerd Font Mono
	fa-toilet	U+EF6F	61295	fa	Terminess Nerd Font Mono
	fa-screwdriver_wrench	U+EF70	61296	fa	Terminess Nerd Font Mono
	fa-cable_car	U+EF71	61297	fa	Terminess Nerd Font Mono
	fa-ubuntu	U+EF72	61298	fa	Terminess Nerd Font Mono
	fa-ups	U+EF73	61299	fa	Terminess Nerd Font Mono
	fa-usps	U+EF74	61300	fa	Terminess Nerd Font Mono
	fa-yarn	U+EF75	61301	fa	Terminess Nerd Font Mono
	fa-fire_flame_curved	U+EF76	61302	fa	Terminess Nerd Font Mono
	fa-bacon	U+EF77	61303	fa	Terminess Nerd Font Mono
	fa-book_medical	U+EF78	61304	fa	Terminess Nerd Font Mono
	fa-bread_slice	U+EF79	61305	fa	Terminess Nerd Font Mono
	fa-cheese	U+EF7A	61306	fa	Terminess Nerd Font Mono
	fa-house_chimney_medical	U+EF7B	61307	fa	Terminess Nerd Font Mono
	fa-clipboard_user	U+EF7C	61308	fa	Terminess Nerd Font Mono
	fa-comment_medical	U+EF7D	61309	fa	Terminess Nerd Font Mono
	fa-crutch	U+EF7E	61310	fa	Terminess Nerd Font Mono
	fa-disease	U+EF7F	61311	fa	Terminess Nerd Font Mono
	fa-egg	U+EF80	61312	fa	Terminess Nerd Font Mono
	fa-folder_tree	U+EF81	61313	fa	Terminess Nerd Font Mono
	fa-burger	U+EF82	61314	fa	Terminess Nerd Font Mono
	fa-hand_middle_finger	U+EF83	61315	fa	Terminess Nerd Font Mono
	fa-helmet_safety	U+EF84	61316	fa	Terminess Nerd Font Mono
	fa-house_chimney	U+EF85	61317	fa	Terminess Nerd Font Mono
	fa-hospital_user	U+EF86	61318	fa	Terminess Nerd Font Mono
	fa-hotdog	U+EF87	61319	fa	Terminess Nerd Font Mono
	fa-ice_cream	U+EF88	61320	fa	Terminess Nerd Font Mono
	fa-laptop_medical	U+EF89	61321	fa	Terminess Nerd Font Mono
	fa-pager	U+EF8A	61322	fa	Terminess Nerd Font Mono
	fa-pepper_hot	U+EF8B	61323	fa	Terminess Nerd Font Mono
	fa-pizza_slice	U+EF8C	61324	fa	Terminess Nerd Font Mono
	fa-sack_dollar	U+EF8D	61325	fa	Terminess Nerd Font Mono
	fa-book_tanakh	U+EF8E	61326	fa	Terminess Nerd Font Mono
	fa-bars_progress	U+EF8F	61327	fa	Terminess Nerd Font Mono
	fa-trash_arrow_up	U+EF90	61328	fa	Terminess Nerd Font Mono
	fa-trash_can_arrow_up	U+EF91	61329	fa	Terminess Nerd Font Mono
	fa-user_nurse	U+EF92	61330	fa	Terminess Nerd Font Mono
	fa-airbnb	U+EF93	61331	fa	Terminess Nerd Font Mono
	fa-battle_net	U+EF94	61332	fa	Terminess Nerd Font Mono
	fa-bootstrap	U+EF95	61333	fa	Terminess Nerd Font Mono
	fa-buffer	U+EF96	61334	fa	Terminess Nerd Font Mono
	fa-chromecast	U+EF97	61335	fa	Terminess Nerd Font Mono
	fa-evernote	U+EF98	61336	fa	Terminess Nerd Font Mono
	fa-itch_io	U+EF99	61337	fa	Terminess Nerd Font Mono
	fa-salesforce	U+EF9A	61338	fa	Terminess Nerd Font Mono
	fa-speaker_deck	U+EF9B	61339	fa	Terminess Nerd Font Mono
	fa-symfony	U+EF9C	61340	fa	Terminess Nerd Font Mono
	fa-wave_square	U+EF9D	61341	fa	Terminess Nerd Font Mono
	fa-waze	U+EF9E	61342	fa	Terminess Nerd Font Mono
	fa-yammer	U+EF9F	61343	fa	Terminess Nerd Font Mono
	fa-git_alt	U+EFA0	61344	fa	Terminess Nerd Font Mono
	fa-stackpath	U+EFA1	61345	fa	Terminess Nerd Font Mono
	fa-person_biking	U+EFA2	61346	fa	Terminess Nerd Font Mono
	fa-border_all	U+EFA3	61347	fa	Terminess Nerd Font Mono
	fa-border_none	U+EFA4	61348	fa	Terminess Nerd Font Mono
	fa-border_top_left	U+EFA5	61349	fa	Terminess Nerd Font Mono
	fa-person_digging	U+EFA6	61350	fa	Terminess Nerd Font Mono
	fa-fan	U+EFA7	61351	fa	Terminess Nerd Font Mono
	fa-icons	U+EFA8	61352	fa	Terminess Nerd Font Mono
	fa-phone_flip	U+EFA9	61353	fa	Terminess Nerd Font Mono
	fa-square_phone_flip	U+EFAA	61354	fa	Terminess Nerd Font Mono
	fa-photo_film	U+EFAB	61355	fa	Terminess Nerd Font Mono
	fa-text_slash	U+EFAC	61356	fa	Terminess Nerd Font Mono
	fa-arrow_down_z_a	U+EFAD	61357	fa	Terminess Nerd Font Mono
	fa-arrow_up_z_a	U+EFAE	61358	fa	Terminess Nerd Font Mono
	fa-arrow_down_short_wide	U+EFAF	61359	fa	Terminess Nerd Font Mono
	fa-arrow_up_short_wide	U+EFB0	61360	fa	Terminess Nerd Font Mono
	fa-arrow_down_9_1	U+EFB1	61361	fa	Terminess Nerd Font Mono
	fa-arrow_up_9_1	U+EFB2	61362	fa	Terminess Nerd Font Mono
	fa-spell_check	U+EFB3	61363	fa	Terminess Nerd Font Mono
	fa-voicemail	U+EFB4	61364	fa	Terminess Nerd Font Mono
	fa-cotton_bureau	U+EFB5	61365	fa	Terminess Nerd Font Mono
	fa-buy_n_large	U+EFB6	61366	fa	Terminess Nerd Font Mono
	fa-hat_cowboy	U+EFB7	61367	fa	Terminess Nerd Font Mono
	fa-hat_cowboy_side	U+EFB8	61368	fa	Terminess Nerd Font Mono
	fa-mdb	U+EFB9	61369	fa	Terminess Nerd Font Mono
	fa-computer_mouse	U+EFBA	61370	fa	Terminess Nerd Font Mono
	fa-orcid	U+EFBB	61371	fa	Terminess Nerd Font Mono
	fa-radio	U+EFBC	61372	fa	Terminess Nerd Font Mono
	fa-record_vinyl	U+EFBD	61373	fa	Terminess Nerd Font Mono
	fa-swift	U+EFBE	61374	fa	Terminess Nerd Font Mono
	fa-umbraco	U+EFBF	61375	fa	Terminess Nerd Font Mono
	fa-walkie_talkie	U+EFC0	61376	fa	Terminess Nerd Font Mono
	fa-caravan	U+EFC1	61377	fa	Terminess Nerd Font Mono
	fa-avianex	U+EFC2	61378	fa	Terminess Nerd Font Mono
	fa-less_than	U+EFC3	61379	fa	Terminess Nerd Font Mono
	fa-less_than_equal	U+EFC4	61380	fa	Terminess Nerd Font Mono
	fa-memory	U+EFC5	61381	fa	Terminess Nerd Font Mono
	fa-microphone_lines_slash	U+EFC6	61382	fa	Terminess Nerd Font Mono
	fa-money_bill_wave	U+EFC7	61383	fa	Terminess Nerd Font Mono
	fa-money_bill_1_wave	U+EFC8	61384	fa	Terminess Nerd Font Mono
	fa-money_check	U+EFC9	61385	fa	Terminess Nerd Font Mono
	fa-money_check_dollar	U+EFCA	61386	fa	Terminess Nerd Font Mono
	fa-not_equal	U+EFCB	61387	fa	Terminess Nerd Font Mono
	fa-palette	U+EFCC	61388	fa	Terminess Nerd Font Mono
	fa-square_parking	U+EFCD	61389	fa	Terminess Nerd Font Mono
	fa-diagram_project	U+EFCE	61390	fa	Terminess Nerd Font Mono
	fa-martini_glass_empty	U+F000	61440	fa	Terminess Nerd Font Mono
	fa-music	U+F001	61441	fa	Terminess Nerd Font Mono
	fa-search	U+F002	61442	fa	Terminess Nerd Font Mono
	fa-envelope_o	U+F003	61443	fa	Terminess Nerd Font Mono
	fa-heart	U+F004	61444	fa	Terminess Nerd Font Mono
	fa-star	U+F005	61445	fa	Terminess Nerd Font Mono
	fa-star_o	U+F006	61446	fa	Terminess Nerd Font Mono
	fa-user	U+F007	61447	fa	Terminess Nerd Font Mono
	fa-film	U+F008	61448	fa	Terminess Nerd Font Mono
	fa-th_large	U+F009	61449	fa	Terminess Nerd Font Mono
	fa-th	U+F00A	61450	fa	Terminess Nerd Font Mono
	fa-th_list	U+F00B	61451	fa	Terminess Nerd Font Mono
	fa-check	U+F00C	61452	fa	Terminess Nerd Font Mono
	fa-xmark	U+F00D	61453	fa	Terminess Nerd Font Mono
	fa-search_plus	U+F00E	61454	fa	Terminess Nerd Font Mono
	fa-images	U+F00F	61455	fa	Terminess Nerd Font Mono
	fa-search_minus	U+F010	61456	fa	Terminess Nerd Font Mono
	fa-power_off	U+F011	61457	fa	Terminess Nerd Font Mono
	fa-signal	U+F012	61458	fa	Terminess Nerd Font Mono
	fa-gear	U+F013	61459	fa	Terminess Nerd Font Mono
	fa-trash_o	U+F014	61460	fa	Terminess Nerd Font Mono
	fa-house	U+F015	61461	fa	Terminess Nerd Font Mono
	fa-file_o	U+F016	61462	fa	Terminess Nerd Font Mono
	fa-clock_o	U+F017	61463	fa	Terminess Nerd Font Mono
	fa-road	U+F018	61464	fa	Terminess Nerd Font Mono
	fa-download	U+F019	61465	fa	Terminess Nerd Font Mono
	fa-circle_down	U+F01A	61466	fa	Terminess Nerd Font Mono
	fa-circle_up	U+F01B	61467	fa	Terminess Nerd Font Mono
	fa-inbox	U+F01C	61468	fa	Terminess Nerd Font Mono
	fa-play_circle_o	U+F01D	61469	fa	Terminess Nerd Font Mono
	fa-repeat	U+F01E	61470	fa	Terminess Nerd Font Mono
	fa-pen	U+F01F	61471	fa	Terminess Nerd Font Mono
	fa-pen_clip	U+F020	61472	fa	Terminess Nerd Font Mono
	fa-refresh	U+F021	61473	fa	Terminess Nerd Font Mono
	fa-rectangle_list	U+F022	61474	fa	Terminess Nerd Font Mono
	fa-lock	U+F023	61475	fa	Terminess Nerd Font Mono
	fa-flag	U+F024	61476	fa	Terminess Nerd Font Mono
	fa-headphones	U+F025	61477	fa	Terminess Nerd Font Mono
	fa-volume_off	U+F026	61478	fa	Terminess Nerd Font Mono
	fa-volume_low	U+F027	61479	fa	Terminess Nerd Font Mono
	fa-volume_up	U+F028	61480	fa	Terminess Nerd Font Mono
	fa-qrcode	U+F029	61481	fa	Terminess Nerd Font Mono
	fa-barcode	U+F02A	61482	fa	Terminess Nerd Font Mono
	fa-tag	U+F02B	61483	fa	Terminess Nerd Font Mono
	fa-tags	U+F02C	61484	fa	Terminess Nerd Font Mono
	fa-book	U+F02D	61485	fa	Terminess Nerd Font Mono
	fa-bookmark	U+F02E	61486	fa	Terminess Nerd Font Mono
	fa-print	U+F02F	61487	fa	Terminess Nerd Font Mono
	fa-camera	U+F030	61488	fa	Terminess Nerd Font Mono
	fa-font	U+F031	61489	fa	Terminess Nerd Font Mono
	fa-bold	U+F032	61490	fa	Terminess Nerd Font Mono
	fa-italic	U+F033	61491	fa	Terminess Nerd Font Mono
	fa-text_height	U+F034	61492	fa	Terminess Nerd Font Mono
	fa-text_width	U+F035	61493	fa	Terminess Nerd Font Mono
	fa-align_left	U+F036	61494	fa	Terminess Nerd Font Mono
	fa-align_center	U+F037	61495	fa	Terminess Nerd Font Mono
	fa-align_right	U+F038	61496	fa	Terminess Nerd Font Mono
	fa-align_justify	U+F039	61497	fa	Terminess Nerd Font Mono
	fa-list	U+F03A	61498	fa	Terminess Nerd Font Mono
	fa-outdent	U+F03B	61499	fa	Terminess Nerd Font Mono
	fa-indent	U+F03C	61500	fa	Terminess Nerd Font Mono
	fa-video_camera	U+F03D	61501	fa	Terminess Nerd Font Mono
	fa-picture_o	U+F03E	61502	fa	Terminess Nerd Font Mono
	fa-down_long	U+F03F	61503	fa	Terminess Nerd Font Mono
	fa-pencil	U+F040	61504	fa	Terminess Nerd Font Mono
	fa-map_marker	U+F041	61505	fa	Terminess Nerd Font Mono
	fa-circle_half_stroke	U+F042	61506	fa	Terminess Nerd Font Mono
	fa-tint	U+F043	61507	fa	Terminess Nerd Font Mono
	fa-pencil_square_o	U+F044	61508	fa	Terminess Nerd Font Mono
	fa-share_square_o	U+F045	61509	fa	Terminess Nerd Font Mono
	fa-check_square_o	U+F046	61510	fa	Terminess Nerd Font Mono
	fa-arrows_up_down_left_right	U+F047	61511	fa	Terminess Nerd Font Mono
	fa-step_backward	U+F048	61512	fa	Terminess Nerd Font Mono
	fa-fast_backward	U+F049	61513	fa	Terminess Nerd Font Mono
	fa-backward	U+F04A	61514	fa	Terminess Nerd Font Mono
	fa-play	U+F04B	61515	fa	Terminess Nerd Font Mono
	fa-pause	U+F04C	61516	fa	Terminess Nerd Font Mono
	fa-stop	U+F04D	61517	fa	Terminess Nerd Font Mono
	fa-forward	U+F04E	61518	fa	Terminess Nerd Font Mono
	fa-left_long	U+F04F	61519	fa	Terminess Nerd Font Mono
	fa-forward_fast	U+F050	61520	fa	Terminess Nerd Font Mono
	fa-step_forward	U+F051	61521	fa	Terminess Nerd Font Mono
	fa-eject	U+F052	61522	fa	Terminess Nerd Font Mono
	fa-chevron_left	U+F053	61523	fa	Terminess Nerd Font Mono
	fa-chevron_right	U+F054	61524	fa	Terminess Nerd Font Mono
	fa-plus_circle	U+F055	61525	fa	Terminess Nerd Font Mono
	fa-minus_circle	U+F056	61526	fa	Terminess Nerd Font Mono
	fa-times_circle	U+F057	61527	fa	Terminess Nerd Font Mono
	fa-ok_sign	U+F058	61528	fa	Terminess Nerd Font Mono
	fa-question_circle	U+F059	61529	fa	Terminess Nerd Font Mono
	fa-info_circle	U+F05A	61530	fa	Terminess Nerd Font Mono
	fa-crosshairs	U+F05B	61531	fa	Terminess Nerd Font Mono
	fa-times_circle_o	U+F05C	61532	fa	Terminess Nerd Font Mono
	fa-circle_check	U+F05D	61533	fa	Terminess Nerd Font Mono
	fa-ban	U+F05E	61534	fa	Terminess Nerd Font Mono
	fa-file_pen	U+F05F	61535	fa	Terminess Nerd Font Mono
	fa-arrow_left	U+F060	61536	fa	Terminess Nerd Font Mono
	fa-arrow_right	U+F061	61537	fa	Terminess Nerd Font Mono
	fa-arrow_up	U+F062	61538	fa	Terminess Nerd Font Mono
	fa-arrow_down	U+F063	61539	fa	Terminess Nerd Font Mono
	fa-share	U+F064	61540	fa	Terminess Nerd Font Mono
	fa-expand	U+F065	61541	fa	Terminess Nerd Font Mono
	fa-compress	U+F066	61542	fa	Terminess Nerd Font Mono
	fa-plus	U+F067	61543	fa	Terminess Nerd Font Mono
	fa-minus	U+F068	61544	fa	Terminess Nerd Font Mono
	fa-asterisk	U+F069	61545	fa	Terminess Nerd Font Mono
	fa-exclamation_circle	U+F06A	61546	fa	Terminess Nerd Font Mono
	fa-gift	U+F06B	61547	fa	Terminess Nerd Font Mono
	fa-leaf	U+F06C	61548	fa	Terminess Nerd Font Mono
	fa-fire	U+F06D	61549	fa	Terminess Nerd Font Mono
	fa-eye	U+F06E	61550	fa	Terminess Nerd Font Mono
	fa-maximize	U+F06F	61551	fa	Terminess Nerd Font Mono
	fa-eye_slash	U+F070	61552	fa	Terminess Nerd Font Mono
	fa-warning	U+F071	61553	fa	Terminess Nerd Font Mono
	fa-plane	U+F072	61554	fa	Terminess Nerd Font Mono
	fa-calendar_days	U+F073	61555	fa	Terminess Nerd Font Mono
	fa-shuffle	U+F074	61556	fa	Terminess Nerd Font Mono
	fa-comment	U+F075	61557	fa	Terminess Nerd Font Mono
	fa-magnet	U+F076	61558	fa	Terminess Nerd Font Mono
	fa-chevron_up	U+F077	61559	fa	Terminess Nerd Font Mono
	fa-chevron_down	U+F078	61560	fa	Terminess Nerd Font Mono
	fa-retweet	U+F079	61561	fa	Terminess Nerd Font Mono
	fa-shopping_cart	U+F07A	61562	fa	Terminess Nerd Font Mono
	fa-folder	U+F07B	61563	fa	Terminess Nerd Font Mono
	fa-folder_open	U+F07C	61564	fa	Terminess Nerd Font Mono
	fa-arrows_v	U+F07D	61565	fa	Terminess Nerd Font Mono
	fa-arrows_left_right	U+F07E	61566	fa	Terminess Nerd Font Mono
	fa-clipboard_alt	U+F07F	61567	fa	Terminess Nerd Font Mono
	fa-chart_bar	U+F080	61568	fa	Terminess Nerd Font Mono
	fa-twitter_square	U+F081	61569	fa	Terminess Nerd Font Mono
	fa-square_facebook	U+F082	61570	fa	Terminess Nerd Font Mono
	fa-camera_retro	U+F083	61571	fa	Terminess Nerd Font Mono
	fa-key	U+F084	61572	fa	Terminess Nerd Font Mono
	fa-gears	U+F085	61573	fa	Terminess Nerd Font Mono
	fa-comments	U+F086	61574	fa	Terminess Nerd Font Mono
	fa-thumbs_o_up	U+F087	61575	fa	Terminess Nerd Font Mono
	fa-thumbs_o_down	U+F088	61576	fa	Terminess Nerd Font Mono
	fa-star_half	U+F089	61577	fa	Terminess Nerd Font Mono
	fa-heart_o	U+F08A	61578	fa	Terminess Nerd Font Mono
	fa-sign_out	U+F08B	61579	fa	Terminess Nerd Font Mono
	fa-linkedin_square	U+F08C	61580	fa	Terminess Nerd Font Mono
	fa-thumbtack	U+F08D	61581	fa	Terminess Nerd Font Mono
	fa-external_link	U+F08E	61582	fa	Terminess Nerd Font Mono
	fa-left_right	U+F08F	61583	fa	Terminess Nerd Font Mono
	fa-sign_in	U+F090	61584	fa	Terminess Nerd Font Mono
	fa-trophy	U+F091	61585	fa	Terminess Nerd Font Mono
	fa-square_github	U+F092	61586	fa	Terminess Nerd Font Mono
	fa-upload	U+F093	61587	fa	Terminess Nerd Font Mono
	fa-lemon_o	U+F094	61588	fa	Terminess Nerd Font Mono
	fa-phone	U+F095	61589	fa	Terminess Nerd Font Mono
	fa-square_o	U+F096	61590	fa	Terminess Nerd Font Mono
	fa-bookmark_o	U+F097	61591	fa	Terminess Nerd Font Mono
	fa-square_phone	U+F098	61592	fa	Terminess Nerd Font Mono
	fa-twitter	U+F099	61593	fa	Terminess Nerd Font Mono
	fa-facebook	U+F09A	61594	fa	Terminess Nerd Font Mono
	fa-github	U+F09B	61595	fa	Terminess Nerd Font Mono
	fa-unlock	U+F09C	61596	fa	Terminess Nerd Font Mono
	fa-credit_card	U+F09D	61597	fa	Terminess Nerd Font Mono
	fa-rss	U+F09E	61598	fa	Terminess Nerd Font Mono
	fa-up_down	U+F09F	61599	fa	Terminess Nerd Font Mono
	fa-hdd_o	U+F0A0	61600	fa	Terminess Nerd Font Mono
	fa-bullhorn	U+F0A1	61601	fa	Terminess Nerd Font Mono
	fa-bell_o	U+F0A2	61602	fa	Terminess Nerd Font Mono
	fa-certificate	U+F0A3	61603	fa	Terminess Nerd Font Mono
	fa-hand_point_right	U+F0A4	61604	fa	Terminess Nerd Font Mono
	fa-hand_point_left	U+F0A5	61605	fa	Terminess Nerd Font Mono
	fa-hand_point_up	U+F0A6	61606	fa	Terminess Nerd Font Mono
	fa-hand_point_down	U+F0A7	61607	fa	Terminess Nerd Font Mono
	fa-circle_arrow_left	U+F0A8	61608	fa	Terminess Nerd Font Mono
	fa-circle_arrow_right	U+F0A9	61609	fa	Terminess Nerd Font Mono
	fa-circle_arrow_up	U+F0AA	61610	fa	Terminess Nerd Font Mono
	fa-circle_arrow_down	U+F0AB	61611	fa	Terminess Nerd Font Mono
	fa-globe	U+F0AC	61612	fa	Terminess Nerd Font Mono
	fa-wrench	U+F0AD	61613	fa	Terminess Nerd Font Mono
	fa-tasks	U+F0AE	61614	fa	Terminess Nerd Font Mono
	fa-square_font_awesome_stroke	U+F0AF	61615	fa	Terminess Nerd Font Mono
	fa-filter	U+F0B0	61616	fa	Terminess Nerd Font Mono
	fa-briefcase	U+F0B1	61617	fa	Terminess Nerd Font Mono
	fa-up_down_left_right	U+F0B2	61618	fa	Terminess Nerd Font Mono
	fa-up_right_from_square	U+F0B3	61619	fa	Terminess Nerd Font Mono
	fa-square_up_right	U+F0B4	61620	fa	Terminess Nerd Font Mono
	fa-right_left	U+F0B5	61621	fa	Terminess Nerd Font Mono
	fa-repeat_alt	U+F0B6	61622	fa	Terminess Nerd Font Mono
	fa-accusoft	U+F0B7	61623	fa	Terminess Nerd Font Mono
	fa-adversal	U+F0B8	61624	fa	Terminess Nerd Font Mono
	fa-affiliatetheme	U+F0B9	61625	fa	Terminess Nerd Font Mono
	fa-algolia	U+F0BA	61626	fa	Terminess Nerd Font Mono
	fa-amilia	U+F0BB	61627	fa	Terminess Nerd Font Mono
	fa-angrycreative	U+F0BC	61628	fa	Terminess Nerd Font Mono
	fa-app_store	U+F0BD	61629	fa	Terminess Nerd Font Mono
	fa-app_store_ios	U+F0BE	61630	fa	Terminess Nerd Font Mono
	fa-apper	U+F0BF	61631	fa	Terminess Nerd Font Mono
	fa-users	U+F0C0	61632	fa	Terminess Nerd Font Mono
	fa-link	U+F0C1	61633	fa	Terminess Nerd Font Mono
	fa-cloud	U+F0C2	61634	fa	Terminess Nerd Font Mono
	fa-flask	U+F0C3	61635	fa	Terminess Nerd Font Mono
	fa-scissors	U+F0C4	61636	fa	Terminess Nerd Font Mono
	fa-files_o	U+F0C5	61637	fa	Terminess Nerd Font Mono
	fa-paperclip	U+F0C6	61638	fa	Terminess Nerd Font Mono
	fa-save	U+F0C7	61639	fa	Terminess Nerd Font Mono
	fa-square	U+F0C8	61640	fa	Terminess Nerd Font Mono
	fa-reorder	U+F0C9	61641	fa	Terminess Nerd Font Mono
	fa-list_ul	U+F0CA	61642	fa	Terminess Nerd Font Mono
	fa-list_ol	U+F0CB	61643	fa	Terminess Nerd Font Mono
	fa-strikethrough	U+F0CC	61644	fa	Terminess Nerd Font Mono
	fa-underline	U+F0CD	61645	fa	Terminess Nerd Font Mono
	fa-table	U+F0CE	61646	fa	Terminess Nerd Font Mono
	fa-asymmetrik	U+F0CF	61647	fa	Terminess Nerd Font Mono
	fa-wand_magic	U+F0D0	61648	fa	Terminess Nerd Font Mono
	fa-truck	U+F0D1	61649	fa	Terminess Nerd Font Mono
	fa-pinterest	U+F0D2	61650	fa	Terminess Nerd Font Mono
	fa-square_pinterest	U+F0D3	61651	fa	Terminess Nerd Font Mono
	fa-square_google_plus	U+F0D4	61652	fa	Terminess Nerd Font Mono
	fa-google_plus	U+F0D5	61653	fa	Terminess Nerd Font Mono
	fa-money_bill	U+F0D6	61654	fa	Terminess Nerd Font Mono
	fa-caret_down	U+F0D7	61655	fa	Terminess Nerd Font Mono
	fa-caret_up	U+F0D8	61656	fa	Terminess Nerd Font Mono
	fa-caret_left	U+F0D9	61657	fa	Terminess Nerd Font Mono
	fa-caret_right	U+F0DA	61658	fa	Terminess Nerd Font Mono
	fa-table_columns	U+F0DB	61659	fa	Terminess Nerd Font Mono
	fa-unsorted	U+F0DC	61660	fa	Terminess Nerd Font Mono
	fa-sort_down	U+F0DD	61661	fa	Terminess Nerd Font Mono
	fa-sort_up	U+F0DE	61662	fa	Terminess Nerd Font Mono
	fa-audible	U+F0DF	61663	fa	Terminess Nerd Font Mono
	fa-envelope	U+F0E0	61664	fa	Terminess Nerd Font Mono
	fa-linkedin_in	U+F0E1	61665	fa	Terminess Nerd Font Mono
	fa-undo	U+F0E2	61666	fa	Terminess Nerd Font Mono
	fa-legal	U+F0E3	61667	fa	Terminess Nerd Font Mono
	fa-tachometer	U+F0E4	61668	fa	Terminess Nerd Font Mono
	fa-comment_o	U+F0E5	61669	fa	Terminess Nerd Font Mono
	fa-comments_o	U+F0E6	61670	fa	Terminess Nerd Font Mono
	fa-flash	U+F0E7	61671	fa	Terminess Nerd Font Mono
	fa-sitemap	U+F0E8	61672	fa	Terminess Nerd Font Mono
	fa-umbrella	U+F0E9	61673	fa	Terminess Nerd Font Mono
	fa-paste	U+F0EA	61674	fa	Terminess Nerd Font Mono
	fa-lightbulb_o	U+F0EB	61675	fa	Terminess Nerd Font Mono
	fa-exchange	U+F0EC	61676	fa	Terminess Nerd Font Mono
	fa-cloud_download	U+F0ED	61677	fa	Terminess Nerd Font Mono
	fa-cloud_upload	U+F0EE	61678	fa	Terminess Nerd Font Mono
	fa-aws	U+F0EF	61679	fa	Terminess Nerd Font Mono
	fa-user_md	U+F0F0	61680	fa	Terminess Nerd Font Mono
	fa-stethoscope	U+F0F1	61681	fa	Terminess Nerd Font Mono
	fa-suitcase	U+F0F2	61682	fa	Terminess Nerd Font Mono
	fa-bell	U+F0F3	61683	fa	Terminess Nerd Font Mono
	fa-mug_saucer	U+F0F4	61684	fa	Terminess Nerd Font Mono
	fa-utensils	U+F0F5	61685	fa	Terminess Nerd Font Mono
	fa-file_text_o	U+F0F6	61686	fa	Terminess Nerd Font Mono
	fa-building_o	U+F0F7	61687	fa	Terminess Nerd Font Mono
	fa-hospital_o	U+F0F8	61688	fa	Terminess Nerd Font Mono
	fa-truck_medical	U+F0F9	61689	fa	Terminess Nerd Font Mono
	fa-suitcase_medical	U+F0FA	61690	fa	Terminess Nerd Font Mono
	fa-jet_fighter	U+F0FB	61691	fa	Terminess Nerd Font Mono
	fa-beer_mug_empty	U+F0FC	61692	fa	Terminess Nerd Font Mono
	fa-square_h	U+F0FD	61693	fa	Terminess Nerd Font Mono
	fa-square_plus	U+F0FE	61694	fa	Terminess Nerd Font Mono
	fa-bimobject	U+F0FF	61695	fa	Terminess Nerd Font Mono
	fa-angles_left	U+F100	61696	fa	Terminess Nerd Font Mono
	fa-angles_right	U+F101	61697	fa	Terminess Nerd Font Mono
	fa-angles_up	U+F102	61698	fa	Terminess Nerd Font Mono
	fa-angles_down	U+F103	61699	fa	Terminess Nerd Font Mono
	fa-angle_left	U+F104	61700	fa	Terminess Nerd Font Mono
	fa-angle_right	U+F105	61701	fa	Terminess Nerd Font Mono
	fa-angle_up	U+F106	61702	fa	Terminess Nerd Font Mono
	fa-angle_down	U+F107	61703	fa	Terminess Nerd Font Mono
	fa-desktop	U+F108	61704	fa	Terminess Nerd Font Mono
	fa-laptop	U+F109	61705	fa	Terminess Nerd Font Mono
	fa-tablet_screen_button	U+F10A	61706	fa	Terminess Nerd Font Mono
	fa-mobile_screen_button	U+F10B	61707	fa	Terminess Nerd Font Mono
	fa-circle_o	U+F10C	61708	fa	Terminess Nerd Font Mono
	fa-quote_left	U+F10D	61709	fa	Terminess Nerd Font Mono
	fa-quote_right	U+F10E	61710	fa	Terminess Nerd Font Mono
	fa-bitcoin	U+F10F	61711	fa	Terminess Nerd Font Mono
	fa-spinner	U+F110	61712	fa	Terminess Nerd Font Mono
	fa-circle	U+F111	61713	fa	Terminess Nerd Font Mono
	fa-reply	U+F112	61714	fa	Terminess Nerd Font Mono
	fa-github_alt	U+F113	61715	fa	Terminess Nerd Font Mono
	fa-folder_o	U+F114	61716	fa	Terminess Nerd Font Mono
	fa-folder_open_o	U+F115	61717	fa	Terminess Nerd Font Mono
	fa-bity	U+F116	61718	fa	Terminess Nerd Font Mono
	fa-blackberry	U+F117	61719	fa	Terminess Nerd Font Mono
	fa-smile_o	U+F118	61720	fa	Terminess Nerd Font Mono
	fa-frown_o	U+F119	61721	fa	Terminess Nerd Font Mono
	fa-meh_o	U+F11A	61722	fa	Terminess Nerd Font Mono
	fa-gamepad	U+F11B	61723	fa	Terminess Nerd Font Mono
	fa-keyboard_o	U+F11C	61724	fa	Terminess Nerd Font Mono
	fa-flag_o	U+F11D	61725	fa	Terminess Nerd Font Mono
	fa-flag_checkered	U+F11E	61726	fa	Terminess Nerd Font Mono
	fa-blogger	U+F11F	61727	fa	Terminess Nerd Font Mono
	fa-terminal	U+F120	61728	fa	Terminess Nerd Font Mono
	fa-code	U+F121	61729	fa	Terminess Nerd Font Mono
	fa-reply_all	U+F122	61730	fa	Terminess Nerd Font Mono
	fa-star_half_o	U+F123	61731	fa	Terminess Nerd Font Mono
	fa-location_arrow	U+F124	61732	fa	Terminess Nerd Font Mono
	fa-crop	U+F125	61733	fa	Terminess Nerd Font Mono
	fa-code_fork	U+F126	61734	fa	Terminess Nerd Font Mono
	fa-unlink	U+F127	61735	fa	Terminess Nerd Font Mono
	fa-question	U+F128	61736	fa	Terminess Nerd Font Mono
	fa-info	U+F129	61737	fa	Terminess Nerd Font Mono
	fa-exclamation	U+F12A	61738	fa	Terminess Nerd Font Mono
	fa-superscript	U+F12B	61739	fa	Terminess Nerd Font Mono
	fa-subscript	U+F12C	61740	fa	Terminess Nerd Font Mono
	fa-eraser	U+F12D	61741	fa	Terminess Nerd Font Mono
	fa-puzzle_piece	U+F12E	61742	fa	Terminess Nerd Font Mono
	fa-blogger_b	U+F12F	61743	fa	Terminess Nerd Font Mono
	fa-microphone	U+F130	61744	fa	Terminess Nerd Font Mono
	fa-microphone_slash	U+F131	61745	fa	Terminess Nerd Font Mono
	fa-shield	U+F132	61746	fa	Terminess Nerd Font Mono
	fa-calendar_o	U+F133	61747	fa	Terminess Nerd Font Mono
	fa-fire_extinguisher	U+F134	61748	fa	Terminess Nerd Font Mono
	fa-rocket	U+F135	61749	fa	Terminess Nerd Font Mono
	fa-maxcdn	U+F136	61750	fa	Terminess Nerd Font Mono
	fa-circle_chevron_left	U+F137	61751	fa	Terminess Nerd Font Mono
	fa-circle_chevron_right	U+F138	61752	fa	Terminess Nerd Font Mono
	fa-circle_chevron_up	U+F139	61753	fa	Terminess Nerd Font Mono
	fa-circle_chevron_down	U+F13A	61754	fa	Terminess Nerd Font Mono
	fa-html5	U+F13B	61755	fa	Terminess Nerd Font Mono
	fa-css3	U+F13C	61756	fa	Terminess Nerd Font Mono
	fa-anchor	U+F13D	61757	fa	Terminess Nerd Font Mono
	fa-unlock_keyhole	U+F13E	61758	fa	Terminess Nerd Font Mono
	fa-buromobelexperte	U+F13F	61759	fa	Terminess Nerd Font Mono
	fa-bullseye	U+F140	61760	fa	Terminess Nerd Font Mono
	fa-ellipsis_h	U+F141	61761	fa	Terminess Nerd Font Mono
	fa-ellipsis_vertical	U+F142	61762	fa	Terminess Nerd Font Mono
	fa-square_rss	U+F143	61763	fa	Terminess Nerd Font Mono
	fa-play_circle	U+F144	61764	fa	Terminess Nerd Font Mono
	fa-ticket	U+F145	61765	fa	Terminess Nerd Font Mono
	fa-square_minus	U+F146	61766	fa	Terminess Nerd Font Mono
	fa-minus_square_o	U+F147	61767	fa	Terminess Nerd Font Mono
	fa-level_up	U+F148	61768	fa	Terminess Nerd Font Mono
	fa-level_down	U+F149	61769	fa	Terminess Nerd Font Mono
	fa-square_check	U+F14A	61770	fa	Terminess Nerd Font Mono
	fa-square_pen	U+F14B	61771	fa	Terminess Nerd Font Mono
	fa-square_arrow_up_right	U+F14C	61772	fa	Terminess Nerd Font Mono
	fa-share_square	U+F14D	61773	fa	Terminess Nerd Font Mono
	fa-compass	U+F14E	61774	fa	Terminess Nerd Font Mono
	fa-centercode	U+F14F	61775	fa	Terminess Nerd Font Mono
	fa-toggle_down	U+F150	61776	fa	Terminess Nerd Font Mono
	fa-toggle_up	U+F151	61777	fa	Terminess Nerd Font Mono
	fa-toggle_right	U+F152	61778	fa	Terminess Nerd Font Mono
	fa-euro_sign	U+F153	61779	fa	Terminess Nerd Font Mono
	fa-sterling_sign	U+F154	61780	fa	Terminess Nerd Font Mono
	fa-usd	U+F155	61781	fa	Terminess Nerd Font Mono
	fa-rupee_sign	U+F156	61782	fa	Terminess Nerd Font Mono
	fa-yen_sign	U+F157	61783	fa	Terminess Nerd Font Mono
	fa-ruble_sign	U+F158	61784	fa	Terminess Nerd Font Mono
	fa-won_sign	U+F159	61785	fa	Terminess Nerd Font Mono
	fa-btc	U+F15A	61786	fa	Terminess Nerd Font Mono
	fa-file	U+F15B	61787	fa	Terminess Nerd Font Mono
	fa-file_text	U+F15C	61788	fa	Terminess Nerd Font Mono
	fa-sort_alpha_asc	U+F15D	61789	fa	Terminess Nerd Font Mono
	fa-sort_alpha_desc	U+F15E	61790	fa	Terminess Nerd Font Mono
	fa-cloudscale	U+F15F	61791	fa	Terminess Nerd Font Mono
	fa-sort_amount_asc	U+F160	61792	fa	Terminess Nerd Font Mono
	fa-sort_amount_desc	U+F161	61793	fa	Terminess Nerd Font Mono
	fa-sort_numeric_asc	U+F162	61794	fa	Terminess Nerd Font Mono
	fa-sort_numeric_desc	U+F163	61795	fa	Terminess Nerd Font Mono
	fa-thumbs_up	U+F164	61796	fa	Terminess Nerd Font Mono
	fa-thumbs_down	U+F165	61797	fa	Terminess Nerd Font Mono
	fa-youtube_square	U+F166	61798	fa	Terminess Nerd Font Mono
	fa-cloudsmith	U+F167	61799	fa	Terminess Nerd Font Mono
	fa-xing	U+F168	61800	fa	Terminess Nerd Font Mono
	fa-xing_square	U+F169	61801	fa	Terminess Nerd Font Mono
	fa-youtube_play	U+F16A	61802	fa	Terminess Nerd Font Mono
	fa-dropbox	U+F16B	61803	fa	Terminess Nerd Font Mono
	fa-stack_overflow	U+F16C	61804	fa	Terminess Nerd Font Mono
	fa-instagram	U+F16D	61805	fa	Terminess Nerd Font Mono
	fa-flickr	U+F16E	61806	fa	Terminess Nerd Font Mono
	fa-cloudversify	U+F16F	61807	fa	Terminess Nerd Font Mono
	fa-adn	U+F170	61808	fa	Terminess Nerd Font Mono
	fa-bitbucket	U+F171	61809	fa	Terminess Nerd Font Mono
	fa-code_commit	U+F172	61810	fa	Terminess Nerd Font Mono
	fa-tumblr	U+F173	61811	fa	Terminess Nerd Font Mono
	fa-tumblr_square	U+F174	61812	fa	Terminess Nerd Font Mono
	fa-long_arrow_down	U+F175	61813	fa	Terminess Nerd Font Mono
	fa-long_arrow_up	U+F176	61814	fa	Terminess Nerd Font Mono
	fa-long_arrow_left	U+F177	61815	fa	Terminess Nerd Font Mono
	fa-long_arrow_right	U+F178	61816	fa	Terminess Nerd Font Mono
	fa-apple	U+F179	61817	fa	Terminess Nerd Font Mono
	fa-windows	U+F17A	61818	fa	Terminess Nerd Font Mono
	fa-android	U+F17B	61819	fa	Terminess Nerd Font Mono
	fa-linux	U+F17C	61820	fa	Terminess Nerd Font Mono
	fa-dribbble	U+F17D	61821	fa	Terminess Nerd Font Mono
	fa-skype	U+F17E	61822	fa	Terminess Nerd Font Mono
	fa-code_merge	U+F17F	61823	fa	Terminess Nerd Font Mono
	fa-foursquare	U+F180	61824	fa	Terminess Nerd Font Mono
	fa-trello	U+F181	61825	fa	Terminess Nerd Font Mono
	fa-person_dress	U+F182	61826	fa	Terminess Nerd Font Mono
	fa-person	U+F183	61827	fa	Terminess Nerd Font Mono
	fa-gratipay	U+F184	61828	fa	Terminess Nerd Font Mono
	fa-sun_o	U+F185	61829	fa	Terminess Nerd Font Mono
	fa-moon_o	U+F186	61830	fa	Terminess Nerd Font Mono
	fa-box_archive	U+F187	61831	fa	Terminess Nerd Font Mono
	fa-bug	U+F188	61832	fa	Terminess Nerd Font Mono
	fa-vk	U+F189	61833	fa	Terminess Nerd Font Mono
	fa-weibo	U+F18A	61834	fa	Terminess Nerd Font Mono
	fa-renren	U+F18B	61835	fa	Terminess Nerd Font Mono
	fa-pagelines	U+F18C	61836	fa	Terminess Nerd Font Mono
	fa-stack_exchange	U+F18D	61837	fa	Terminess Nerd Font Mono
	fa-circle_right	U+F18E	61838	fa	Terminess Nerd Font Mono
	fa-cpanel	U+F18F	61839	fa	Terminess Nerd Font Mono
	fa-circle_left	U+F190	61840	fa	Terminess Nerd Font Mono
	fa-toggle_left	U+F191	61841	fa	Terminess Nerd Font Mono
	fa-dot_circle_o	U+F192	61842	fa	Terminess Nerd Font Mono
	fa-wheelchair	U+F193	61843	fa	Terminess Nerd Font Mono
	fa-vimeo_square	U+F194	61844	fa	Terminess Nerd Font Mono
	fa-turkish_lira	U+F195	61845	fa	Terminess Nerd Font Mono
	fa-plus_square_o	U+F196	61846	fa	Terminess Nerd Font Mono
	fa-space_shuttle	U+F197	61847	fa	Terminess Nerd Font Mono
	fa-slack	U+F198	61848	fa	Terminess Nerd Font Mono
	fa-square_envelope	U+F199	61849	fa	Terminess Nerd Font Mono
	fa-wordpress	U+F19A	61850	fa	Terminess Nerd Font Mono
	fa-openid	U+F19B	61851	fa	Terminess Nerd Font Mono
	fa-university	U+F19C	61852	fa	Terminess Nerd Font Mono
	fa-mortar_board	U+F19D	61853	fa	Terminess Nerd Font Mono
	fa-yahoo	U+F19E	61854	fa	Terminess Nerd Font Mono
	fa-css3_alt	U+F19F	61855	fa	Terminess Nerd Font Mono
	fa-google	U+F1A0	61856	fa	Terminess Nerd Font Mono
	fa-reddit	U+F1A1	61857	fa	Terminess Nerd Font Mono
	fa-square_reddit	U+F1A2	61858	fa	Terminess Nerd Font Mono
	fa-stumbleupon_circle	U+F1A3	61859	fa	Terminess Nerd Font Mono
	fa-stumbleupon	U+F1A4	61860	fa	Terminess Nerd Font Mono
	fa-delicious	U+F1A5	61861	fa	Terminess Nerd Font Mono
	fa-digg	U+F1A6	61862	fa	Terminess Nerd Font Mono
	fa-pied_piper_pp	U+F1A7	61863	fa	Terminess Nerd Font Mono
	fa-pied_piper_alt	U+F1A8	61864	fa	Terminess Nerd Font Mono
	fa-drupal	U+F1A9	61865	fa	Terminess Nerd Font Mono
	fa-joomla	U+F1AA	61866	fa	Terminess Nerd Font Mono
	fa-language	U+F1AB	61867	fa	Terminess Nerd Font Mono
	fa-fax	U+F1AC	61868	fa	Terminess Nerd Font Mono
	fa-building	U+F1AD	61869	fa	Terminess Nerd Font Mono
	fa-child	U+F1AE	61870	fa	Terminess Nerd Font Mono
	fa-cuttlefish	U+F1AF	61871	fa	Terminess Nerd Font Mono
	fa-paw	U+F1B0	61872	fa	Terminess Nerd Font Mono
	fa-spoon	U+F1B1	61873	fa	Terminess Nerd Font Mono
	fa-cube	U+F1B2	61874	fa	Terminess Nerd Font Mono
	fa-cubes	U+F1B3	61875	fa	Terminess Nerd Font Mono
	fa-behance	U+F1B4	61876	fa	Terminess Nerd Font Mono
	fa-square_behance	U+F1B5	61877	fa	Terminess Nerd Font Mono
	fa-steam	U+F1B6	61878	fa	Terminess Nerd Font Mono
	fa-steam_square	U+F1B7	61879	fa	Terminess Nerd Font Mono
	fa-recycle	U+F1B8	61880	fa	Terminess Nerd Font Mono
	fa-car	U+F1B9	61881	fa	Terminess Nerd Font Mono
	fa-taxi	U+F1BA	61882	fa	Terminess Nerd Font Mono
	fa-tree	U+F1BB	61883	fa	Terminess Nerd Font Mono
	fa-spotify	U+F1BC	61884	fa	Terminess Nerd Font Mono
	fa-deviantart	U+F1BD	61885	fa	Terminess Nerd Font Mono
	fa-soundcloud	U+F1BE	61886	fa	Terminess Nerd Font Mono
	fa-d_and_d	U+F1BF	61887	fa	Terminess Nerd Font Mono
	fa-database	U+F1C0	61888	fa	Terminess Nerd Font Mono
	fa-file_pdf_o	U+F1C1	61889	fa	Terminess Nerd Font Mono
	fa-file_word_o	U+F1C2	61890	fa	Terminess Nerd Font Mono
	fa-file_excel_o	U+F1C3	61891	fa	Terminess Nerd Font Mono
	fa-file_powerpoint_o	U+F1C4	61892	fa	Terminess Nerd Font Mono
	fa-file_picture_o	U+F1C5	61893	fa	Terminess Nerd Font Mono
	fa-file_zipper	U+F1C6	61894	fa	Terminess Nerd Font Mono
	fa-file_sound_o	U+F1C7	61895	fa	Terminess Nerd Font Mono
	fa-file_video_o	U+F1C8	61896	fa	Terminess Nerd Font Mono
	fa-file_code_o	U+F1C9	61897	fa	Terminess Nerd Font Mono
	fa-vine	U+F1CA	61898	fa	Terminess Nerd Font Mono
	fa-codepen	U+F1CB	61899	fa	Terminess Nerd Font Mono
	fa-jsfiddle	U+F1CC	61900	fa	Terminess Nerd Font Mono
	fa-support	U+F1CD	61901	fa	Terminess Nerd Font Mono
	fa-circle_o_notch	U+F1CE	61902	fa	Terminess Nerd Font Mono
	fa-deploydog	U+F1CF	61903	fa	Terminess Nerd Font Mono
	fa-resistance	U+F1D0	61904	fa	Terminess Nerd Font Mono
	fa-ge	U+F1D1	61905	fa	Terminess Nerd Font Mono
	fa-square_git	U+F1D2	61906	fa	Terminess Nerd Font Mono
	fa-git	U+F1D3	61907	fa	Terminess Nerd Font Mono
	fa-yc_square	U+F1D4	61908	fa	Terminess Nerd Font Mono
	fa-tencent_weibo	U+F1D5	61909	fa	Terminess Nerd Font Mono
	fa-qq	U+F1D6	61910	fa	Terminess Nerd Font Mono
	fa-weixin	U+F1D7	61911	fa	Terminess Nerd Font Mono
	fa-send	U+F1D8	61912	fa	Terminess Nerd Font Mono
	fa-send_o	U+F1D9	61913	fa	Terminess Nerd Font Mono
	fa-history	U+F1DA	61914	fa	Terminess Nerd Font Mono
	fa-circle_thin	U+F1DB	61915	fa	Terminess Nerd Font Mono
	fa-heading	U+F1DC	61916	fa	Terminess Nerd Font Mono
	fa-paragraph	U+F1DD	61917	fa	Terminess Nerd Font Mono
	fa-sliders	U+F1DE	61918	fa	Terminess Nerd Font Mono
	fa-deskpro	U+F1DF	61919	fa	Terminess Nerd Font Mono
	fa-share_nodes	U+F1E0	61920	fa	Terminess Nerd Font Mono
	fa-square_share_nodes	U+F1E1	61921	fa	Terminess Nerd Font Mono
	fa-bomb	U+F1E2	61922	fa	Terminess Nerd Font Mono
	fa-soccer_ball_o	U+F1E3	61923	fa	Terminess Nerd Font Mono
	fa-tty	U+F1E4	61924	fa	Terminess Nerd Font Mono
	fa-binoculars	U+F1E5	61925	fa	Terminess Nerd Font Mono
	fa-plug	U+F1E6	61926	fa	Terminess Nerd Font Mono
	fa-slideshare	U+F1E7	61927	fa	Terminess Nerd Font Mono
	fa-twitch	U+F1E8	61928	fa	Terminess Nerd Font Mono
	fa-yelp	U+F1E9	61929	fa	Terminess Nerd Font Mono
	fa-newspaper_o	U+F1EA	61930	fa	Terminess Nerd Font Mono
	fa-wifi	U+F1EB	61931	fa	Terminess Nerd Font Mono
	fa-calculator	U+F1EC	61932	fa	Terminess Nerd Font Mono
	fa-paypal	U+F1ED	61933	fa	Terminess Nerd Font Mono
	fa-google_wallet	U+F1EE	61934	fa	Terminess Nerd Font Mono
	fa-digital_ocean	U+F1EF	61935	fa	Terminess Nerd Font Mono
	fa-cc_visa	U+F1F0	61936	fa	Terminess Nerd Font Mono
	fa-cc_mastercard	U+F1F1	61937	fa	Terminess Nerd Font Mono
	fa-cc_discover	U+F1F2	61938	fa	Terminess Nerd Font Mono
	fa-cc_amex	U+F1F3	61939	fa	Terminess Nerd Font Mono
	fa-cc_paypal	U+F1F4	61940	fa	Terminess Nerd Font Mono
	fa-cc_stripe	U+F1F5	61941	fa	Terminess Nerd Font Mono
	fa-bell_slash	U+F1F6	61942	fa	Terminess Nerd Font Mono
	fa-bell_slash_o	U+F1F7	61943	fa	Terminess Nerd Font Mono
	fa-trash	U+F1F8	61944	fa	Terminess Nerd Font Mono
	fa-copyright	U+F1F9	61945	fa	Terminess Nerd Font Mono
	fa-at	U+F1FA	61946	fa	Terminess Nerd Font Mono
	fa-eyedropper	U+F1FB	61947	fa	Terminess Nerd Font Mono
	fa-paintbrush	U+F1FC	61948	fa	Terminess Nerd Font Mono
	fa-cake_candles	U+F1FD	61949	fa	Terminess Nerd Font Mono
	fa-chart_area	U+F1FE	61950	fa	Terminess Nerd Font Mono
	fa-discord	U+F1FF	61951	fa	Terminess Nerd Font Mono
	fa-pie_chart	U+F200	61952	fa	Terminess Nerd Font Mono
	fa-line_chart	U+F201	61953	fa	Terminess Nerd Font Mono
	fa-lastfm	U+F202	61954	fa	Terminess Nerd Font Mono
	fa-square_lastfm	U+F203	61955	fa	Terminess Nerd Font Mono
	fa-toggle_off	U+F204	61956	fa	Terminess Nerd Font Mono
	fa-toggle_on	U+F205	61957	fa	Terminess Nerd Font Mono
	fa-bicycle	U+F206	61958	fa	Terminess Nerd Font Mono
	fa-bus	U+F207	61959	fa	Terminess Nerd Font Mono
	fa-ioxhost	U+F208	61960	fa	Terminess Nerd Font Mono
	fa-angellist	U+F209	61961	fa	Terminess Nerd Font Mono
	fa-closed_captioning	U+F20A	61962	fa	Terminess Nerd Font Mono
	fa-sheqel	U+F20B	61963	fa	Terminess Nerd Font Mono
	fa-meanpath	U+F20C	61964	fa	Terminess Nerd Font Mono
	fa-buysellads	U+F20D	61965	fa	Terminess Nerd Font Mono
	fa-connectdevelop	U+F20E	61966	fa	Terminess Nerd Font Mono
	fa-dochub	U+F20F	61967	fa	Terminess Nerd Font Mono
	fa-dashcube	U+F210	61968	fa	Terminess Nerd Font Mono
	fa-forumbee	U+F211	61969	fa	Terminess Nerd Font Mono
	fa-leanpub	U+F212	61970	fa	Terminess Nerd Font Mono
	fa-sellsy	U+F213	61971	fa	Terminess Nerd Font Mono
	fa-shirtsinbulk	U+F214	61972	fa	Terminess Nerd Font Mono
	fa-simplybuilt	U+F215	61973	fa	Terminess Nerd Font Mono
	fa-skyatlas	U+F216	61974	fa	Terminess Nerd Font Mono
	fa-cart_plus	U+F217	61975	fa	Terminess Nerd Font Mono
	fa-cart_arrow_down	U+F218	61976	fa	Terminess Nerd Font Mono
	fa-gem	U+F219	61977	fa	Terminess Nerd Font Mono
	fa-ship	U+F21A	61978	fa	Terminess Nerd Font Mono
	fa-user_secret	U+F21B	61979	fa	Terminess Nerd Font Mono
	fa-motorcycle	U+F21C	61980	fa	Terminess Nerd Font Mono
	fa-street_view	U+F21D	61981	fa	Terminess Nerd Font Mono
	fa-heartbeat	U+F21E	61982	fa	Terminess Nerd Font Mono
	fa-docker	U+F21F	61983	fa	Terminess Nerd Font Mono
	fa-draft2digital	U+F220	61984	fa	Terminess Nerd Font Mono
	fa-venus	U+F221	61985	fa	Terminess Nerd Font Mono
	fa-mars	U+F222	61986	fa	Terminess Nerd Font Mono
	fa-mercury	U+F223	61987	fa	Terminess Nerd Font Mono
	fa-transgender	U+F224	61988	fa	Terminess Nerd Font Mono
	fa-transgender_alt	U+F225	61989	fa	Terminess Nerd Font Mono
	fa-venus_double	U+F226	61990	fa	Terminess Nerd Font Mono
	fa-mars_double	U+F227	61991	fa	Terminess Nerd Font Mono
	fa-venus_mars	U+F228	61992	fa	Terminess Nerd Font Mono
	fa-mars_stroke	U+F229	61993	fa	Terminess Nerd Font Mono
	fa-mars_stroke_v	U+F22A	61994	fa	Terminess Nerd Font Mono
	fa-mars_stroke_right	U+F22B	61995	fa	Terminess Nerd Font Mono
	fa-neuter	U+F22C	61996	fa	Terminess Nerd Font Mono
	fa-genderless	U+F22D	61997	fa	Terminess Nerd Font Mono
	fa-square_dribbble	U+F22E	61998	fa	Terminess Nerd Font Mono
	fa-dyalog	U+F22F	61999	fa	Terminess Nerd Font Mono
	fa-facebook_official	U+F230	62000	fa	Terminess Nerd Font Mono
	fa-pinterest_p	U+F231	62001	fa	Terminess Nerd Font Mono
	fa-whatsapp	U+F232	62002	fa	Terminess Nerd Font Mono
	fa-server	U+F233	62003	fa	Terminess Nerd Font Mono
	fa-user_plus	U+F234	62004	fa	Terminess Nerd Font Mono
	fa-user_xmark	U+F235	62005	fa	Terminess Nerd Font Mono
	fa-hotel	U+F236	62006	fa	Terminess Nerd Font Mono
	fa-viacoin	U+F237	62007	fa	Terminess Nerd Font Mono
	fa-train	U+F238	62008	fa	Terminess Nerd Font Mono
	fa-train_subway	U+F239	62009	fa	Terminess Nerd Font Mono
	fa-medium	U+F23A	62010	fa	Terminess Nerd Font Mono
	fa-yc	U+F23B	62011	fa	Terminess Nerd Font Mono
	fa-optin_monster	U+F23C	62012	fa	Terminess Nerd Font Mono
	fa-opencart	U+F23D	62013	fa	Terminess Nerd Font Mono
	fa-expeditedssl	U+F23E	62014	fa	Terminess Nerd Font Mono
	fa-erlang	U+F23F	62015	fa	Terminess Nerd Font Mono
	fa-battery_full	U+F240	62016	fa	Terminess Nerd Font Mono
	fa-battery_three_quarters	U+F241	62017	fa	Terminess Nerd Font Mono
	fa-battery_half	U+F242	62018	fa	Terminess Nerd Font Mono
	fa-battery_quarter	U+F243	62019	fa	Terminess Nerd Font Mono
	fa-battery_empty	U+F244	62020	fa	Terminess Nerd Font Mono
	fa-mouse_pointer	U+F245	62021	fa	Terminess Nerd Font Mono
	fa-i_cursor	U+F246	62022	fa	Terminess Nerd Font Mono
	fa-object_group	U+F247	62023	fa	Terminess Nerd Font Mono
	fa-object_ungroup	U+F248	62024	fa	Terminess Nerd Font Mono
	fa-sticky_note	U+F249	62025	fa	Terminess Nerd Font Mono
	fa-sticky_note_o	U+F24A	62026	fa	Terminess Nerd Font Mono
	fa-cc_jcb	U+F24B	62027	fa	Terminess Nerd Font Mono
	fa-cc_diners_club	U+F24C	62028	fa	Terminess Nerd Font Mono
	fa-clone	U+F24D	62029	fa	Terminess Nerd Font Mono
	fa-scale_balanced	U+F24E	62030	fa	Terminess Nerd Font Mono
	fa-facebook_f	U+F24F	62031	fa	Terminess Nerd Font Mono
	fa-hourglass_o	U+F250	62032	fa	Terminess Nerd Font Mono
	fa-hourglass_start	U+F251	62033	fa	Terminess Nerd Font Mono
	fa-hourglass_half	U+F252	62034	fa	Terminess Nerd Font Mono
	fa-hourglass_end	U+F253	62035	fa	Terminess Nerd Font Mono
	fa-hourglass	U+F254	62036	fa	Terminess Nerd Font Mono
	fa-hand_rock_o	U+F255	62037	fa	Terminess Nerd Font Mono
	fa-hand_stop_o	U+F256	62038	fa	Terminess Nerd Font Mono
	fa-hand_scissors_o	U+F257	62039	fa	Terminess Nerd Font Mono
	fa-hand_lizard_o	U+F258	62040	fa	Terminess Nerd Font Mono
	fa-hand_spock_o	U+F259	62041	fa	Terminess Nerd Font Mono
	fa-hand_pointer_o	U+F25A	62042	fa	Terminess Nerd Font Mono
	fa-hand_peace_o	U+F25B	62043	fa	Terminess Nerd Font Mono
	fa-trademark	U+F25C	62044	fa	Terminess Nerd Font Mono
	fa-registered	U+F25D	62045	fa	Terminess Nerd Font Mono
	fa-creative_commons	U+F25E	62046	fa	Terminess Nerd Font Mono
	fa-facebook_messenger	U+F25F	62047	fa	Terminess Nerd Font Mono
	fa-gg	U+F260	62048	fa	Terminess Nerd Font Mono
	fa-gg_circle	U+F261	62049	fa	Terminess Nerd Font Mono
	fa-tripadvisor	U+F262	62050	fa	Terminess Nerd Font Mono
	fa-odnoklassniki	U+F263	62051	fa	Terminess Nerd Font Mono
	fa-square_odnoklassniki	U+F264	62052	fa	Terminess Nerd Font Mono
	fa-get_pocket	U+F265	62053	fa	Terminess Nerd Font Mono
	fa-wikipedia_w	U+F266	62054	fa	Terminess Nerd Font Mono
	fa-safari	U+F267	62055	fa	Terminess Nerd Font Mono
	fa-chrome	U+F268	62056	fa	Terminess Nerd Font Mono
	fa-firefox	U+F269	62057	fa	Terminess Nerd Font Mono
	fa-opera	U+F26A	62058	fa	Terminess Nerd Font Mono
	fa-internet_explorer	U+F26B	62059	fa	Terminess Nerd Font Mono
	fa-tv	U+F26C	62060	fa	Terminess Nerd Font Mono
	fa-contao	U+F26D	62061	fa	Terminess Nerd Font Mono
	fa-500px	U+F26E	62062	fa	Terminess Nerd Font Mono
	fa-fonticons_fi	U+F26F	62063	fa	Terminess Nerd Font Mono
	fa-amazon	U+F270	62064	fa	Terminess Nerd Font Mono
	fa-calendar_plus_o	U+F271	62065	fa	Terminess Nerd Font Mono
	fa-calendar_minus_o	U+F272	62066	fa	Terminess Nerd Font Mono
	fa-calendar_xmark	U+F273	62067	fa	Terminess Nerd Font Mono
	fa-calendar_check_o	U+F274	62068	fa	Terminess Nerd Font Mono
	fa-industry	U+F275	62069	fa	Terminess Nerd Font Mono
	fa-map_pin	U+F276	62070	fa	Terminess Nerd Font Mono
	fa-signs_post	U+F277	62071	fa	Terminess Nerd Font Mono
	fa-map_o	U+F278	62072	fa	Terminess Nerd Font Mono
	fa-map	U+F279	62073	fa	Terminess Nerd Font Mono
	fa-message	U+F27A	62074	fa	Terminess Nerd Font Mono
	fa-commenting_o	U+F27B	62075	fa	Terminess Nerd Font Mono
	fa-houzz	U+F27C	62076	fa	Terminess Nerd Font Mono
	fa-vimeo_v	U+F27D	62077	fa	Terminess Nerd Font Mono
	fa-black_tie	U+F27E	62078	fa	Terminess Nerd Font Mono
	fa-fort_awesome_alt	U+F27F	62079	fa	Terminess Nerd Font Mono
	fa-fonticons	U+F280	62080	fa	Terminess Nerd Font Mono
	fa-reddit_alien	U+F281	62081	fa	Terminess Nerd Font Mono
	fa-edge	U+F282	62082	fa	Terminess Nerd Font Mono
	fa-credit_card_alt	U+F283	62083	fa	Terminess Nerd Font Mono
	fa-codiepie	U+F284	62084	fa	Terminess Nerd Font Mono
	fa-modx	U+F285	62085	fa	Terminess Nerd Font Mono
	fa-fort_awesome	U+F286	62086	fa	Terminess Nerd Font Mono
	fa-usb	U+F287	62087	fa	Terminess Nerd Font Mono
	fa-product_hunt	U+F288	62088	fa	Terminess Nerd Font Mono
	fa-mixcloud	U+F289	62089	fa	Terminess Nerd Font Mono
	fa-scribd	U+F28A	62090	fa	Terminess Nerd Font Mono
	fa-pause_circle	U+F28B	62091	fa	Terminess Nerd Font Mono
	fa-pause_circle_o	U+F28C	62092	fa	Terminess Nerd Font Mono
	fa-stop_circle	U+F28D	62093	fa	Terminess Nerd Font Mono
	fa-stop_circle_o	U+F28E	62094	fa	Terminess Nerd Font Mono
	fa-freebsd	U+F28F	62095	fa	Terminess Nerd Font Mono
	fa-shopping_bag	U+F290	62096	fa	Terminess Nerd Font Mono
	fa-shopping_basket	U+F291	62097	fa	Terminess Nerd Font Mono
	fa-hashtag	U+F292	62098	fa	Terminess Nerd Font Mono
	fa-bluetooth	U+F293	62099	fa	Terminess Nerd Font Mono
	fa-bluetooth_b	U+F294	62100	fa	Terminess Nerd Font Mono
	fa-percent	U+F295	62101	fa	Terminess Nerd Font Mono
	fa-gitlab	U+F296	62102	fa	Terminess Nerd Font Mono
	fa-wpbeginner	U+F297	62103	fa	Terminess Nerd Font Mono
	fa-wpforms	U+F298	62104	fa	Terminess Nerd Font Mono
	fa-envira	U+F299	62105	fa	Terminess Nerd Font Mono
	fa-universal_access	U+F29A	62106	fa	Terminess Nerd Font Mono
	fa-wheelchair_alt	U+F29B	62107	fa	Terminess Nerd Font Mono
	fa-question_circle_o	U+F29C	62108	fa	Terminess Nerd Font Mono
	fa-person_walking_with_cane	U+F29D	62109	fa	Terminess Nerd Font Mono
	fa-audio_description	U+F29E	62110	fa	Terminess Nerd Font Mono
	fa-diamond	U+F29F	62111	fa	Terminess Nerd Font Mono
	fa-volume_control_phone	U+F2A0	62112	fa	Terminess Nerd Font Mono
	fa-braille	U+F2A1	62113	fa	Terminess Nerd Font Mono
	fa-ear_listen	U+F2A2	62114	fa	Terminess Nerd Font Mono
	fa-hands_asl_interpreting	U+F2A3	62115	fa	Terminess Nerd Font Mono
	fa-hard_of_hearing	U+F2A4	62116	fa	Terminess Nerd Font Mono
	fa-glide	U+F2A5	62117	fa	Terminess Nerd Font Mono
	fa-glide_g	U+F2A6	62118	fa	Terminess Nerd Font Mono
	fa-signing	U+F2A7	62119	fa	Terminess Nerd Font Mono
	fa-low_vision	U+F2A8	62120	fa	Terminess Nerd Font Mono
	fa-viadeo	U+F2A9	62121	fa	Terminess Nerd Font Mono
	fa-viadeo_square	U+F2AA	62122	fa	Terminess Nerd Font Mono
	fa-snapchat	U+F2AB	62123	fa	Terminess Nerd Font Mono
	fa-snapchat_ghost	U+F2AC	62124	fa	Terminess Nerd Font Mono
	fa-square_snapchat	U+F2AD	62125	fa	Terminess Nerd Font Mono
	fa-pied_piper	U+F2AE	62126	fa	Terminess Nerd Font Mono
	fa-gofore	U+F2AF	62127	fa	Terminess Nerd Font Mono
	fa-first_order	U+F2B0	62128	fa	Terminess Nerd Font Mono
	fa-yoast	U+F2B1	62129	fa	Terminess Nerd Font Mono
	fa-themeisle	U+F2B2	62130	fa	Terminess Nerd Font Mono
	fa-google_plus_official	U+F2B3	62131	fa	Terminess Nerd Font Mono
	fa-font_awesome	U+F2B4	62132	fa	Terminess Nerd Font Mono
	fa-handshake_o	U+F2B5	62133	fa	Terminess Nerd Font Mono
	fa-envelope_open	U+F2B6	62134	fa	Terminess Nerd Font Mono
	fa-envelope_open_o	U+F2B7	62135	fa	Terminess Nerd Font Mono
	fa-linode	U+F2B8	62136	fa	Terminess Nerd Font Mono
	fa-address_book	U+F2B9	62137	fa	Terminess Nerd Font Mono
	fa-address_book_o	U+F2BA	62138	fa	Terminess Nerd Font Mono
	fa-vcard	U+F2BB	62139	fa	Terminess Nerd Font Mono
	fa-vcard_o	U+F2BC	62140	fa	Terminess Nerd Font Mono
	fa-user_circle	U+F2BD	62141	fa	Terminess Nerd Font Mono
	fa-user_circle_o	U+F2BE	62142	fa	Terminess Nerd Font Mono
	fa-goodreads	U+F2BF	62143	fa	Terminess Nerd Font Mono
	fa-user_o	U+F2C0	62144	fa	Terminess Nerd Font Mono
	fa-id_badge	U+F2C1	62145	fa	Terminess Nerd Font Mono
	fa-id_card	U+F2C2	62146	fa	Terminess Nerd Font Mono
	fa-id_card_o	U+F2C3	62147	fa	Terminess Nerd Font Mono
	fa-quora	U+F2C4	62148	fa	Terminess Nerd Font Mono
	fa-free_code_camp	U+F2C5	62149	fa	Terminess Nerd Font Mono
	fa-telegram	U+F2C6	62150	fa	Terminess Nerd Font Mono
	fa-thermometer_full	U+F2C7	62151	fa	Terminess Nerd Font Mono
	fa-thermometer_three_quarters	U+F2C8	62152	fa	Terminess Nerd Font Mono
	fa-thermometer_half	U+F2C9	62153	fa	Terminess Nerd Font Mono
	fa-thermometer_quarter	U+F2CA	62154	fa	Terminess Nerd Font Mono
	fa-thermometer_empty	U+F2CB	62155	fa	Terminess Nerd Font Mono
	fa-shower	U+F2CC	62156	fa	Terminess Nerd Font Mono
	fa-s15	U+F2CD	62157	fa	Terminess Nerd Font Mono
	fa-podcast	U+F2CE	62158	fa	Terminess Nerd Font Mono
	fa-goodreads_g	U+F2CF	62159	fa	Terminess Nerd Font Mono
	fa-window_maximize	U+F2D0	62160	fa	Terminess Nerd Font Mono
	fa-window_minimize	U+F2D1	62161	fa	Terminess Nerd Font Mono
	fa-window_restore	U+F2D2	62162	fa	Terminess Nerd Font Mono
	fa-window_close	U+F2D3	62163	fa	Terminess Nerd Font Mono
	fa-window_close_o	U+F2D4	62164	fa	Terminess Nerd Font Mono
	fa-bandcamp	U+F2D5	62165	fa	Terminess Nerd Font Mono
	fa-grav	U+F2D6	62166	fa	Terminess Nerd Font Mono
	fa-etsy	U+F2D7	62167	fa	Terminess Nerd Font Mono
	fa-imdb	U+F2D8	62168	fa	Terminess Nerd Font Mono
	fa-ravelry	U+F2D9	62169	fa	Terminess Nerd Font Mono
	fa-sellcast	U+F2DA	62170	fa	Terminess Nerd Font Mono
	fa-microchip	U+F2DB	62171	fa	Terminess Nerd Font Mono
	fa-snowflake_o	U+F2DC	62172	fa	Terminess Nerd Font Mono
	fa-superpowers	U+F2DD	62173	fa	Terminess Nerd Font Mono
	fa-wpexplorer	U+F2DE	62174	fa	Terminess Nerd Font Mono
	fa-google_drive	U+F2DF	62175	fa	Terminess Nerd Font Mono
	fa-meetup	U+F2E0	62176	fa	Terminess Nerd Font Mono
	fa-google_play	U+F2E1	62177	fa	Terminess Nerd Font Mono
	fa-gripfire	U+F2E2	62178	fa	Terminess Nerd Font Mono
	fa-grunt	U+F2E3	62179	fa	Terminess Nerd Font Mono
	fa-gulp	U+F2E4	62180	fa	Terminess Nerd Font Mono
	fa-square_hacker_news	U+F2E5	62181	fa	Terminess Nerd Font Mono
	fa-hire_a_helper	U+F2E6	62182	fa	Terminess Nerd Font Mono
	fa-hotjar	U+F2E7	62183	fa	Terminess Nerd Font Mono
	fa-hubspot	U+F2E8	62184	fa	Terminess Nerd Font Mono
	fa-itunes	U+F2E9	62185	fa	Terminess Nerd Font Mono
	fa-rotate_left	U+F2EA	62186	fa	Terminess Nerd Font Mono
	fa-itunes_note	U+F2EB	62187	fa	Terminess Nerd Font Mono
	fa-jenkins	U+F2EC	62188	fa	Terminess Nerd Font Mono
	fa-joget	U+F2ED	62189	fa	Terminess Nerd Font Mono
	fa-js	U+F2EE	62190	fa	Terminess Nerd Font Mono
	fa-square_js	U+F2EF	62191	fa	Terminess Nerd Font Mono
	fa-keycdn	U+F2F0	62192	fa	Terminess Nerd Font Mono
	fa-rotate	U+F2F1	62193	fa	Terminess Nerd Font Mono
	fa-stopwatch	U+F2F2	62194	fa	Terminess Nerd Font Mono
	fa-kickstarter	U+F2F3	62195	fa	Terminess Nerd Font Mono
	fa-kickstarter_k	U+F2F4	62196	fa	Terminess Nerd Font Mono
	fa-right_from_bracket	U+F2F5	62197	fa	Terminess Nerd Font Mono
	fa-right_to_bracket	U+F2F6	62198	fa	Terminess Nerd Font Mono
	fa-laravel	U+F2F7	62199	fa	Terminess Nerd Font Mono
	fa-turn_down	U+F2F8	62200	fa	Terminess Nerd Font Mono
	fa-rotate_right	U+F2F9	62201	fa	Terminess Nerd Font Mono
	fa-turn_up	U+F2FA	62202	fa	Terminess Nerd Font Mono
	fa-line	U+F2FB	62203	fa	Terminess Nerd Font Mono
	fa-lock_open	U+F2FC	62204	fa	Terminess Nerd Font Mono
	fa-lyft	U+F2FD	62205	fa	Terminess Nerd Font Mono
	fa-poo	U+F2FE	62206	fa	Terminess Nerd Font Mono
	fa-magento	U+F2FF	62207	fa	Terminess Nerd Font Mono
	linux-alpine	U+F300	62208	fa	Terminess Nerd Font Mono
	linux-aosc	U+F301	62209	fa	Terminess Nerd Font Mono
	linux-apple	U+F302	62210	fa	Terminess Nerd Font Mono
	linux-archlinux	U+F303	62211	fa	Terminess Nerd Font Mono
	linux-centos	U+F304	62212	fa	Terminess Nerd Font Mono
	linux-coreos	U+F305	62213	fa	Terminess Nerd Font Mono
	linux-debian	U+F306	62214	fa	Terminess Nerd Font Mono
	linux-devuan	U+F307	62215	fa	Terminess Nerd Font Mono
	linux-docker	U+F308	62216	fa	Terminess Nerd Font Mono
	linux-elementary	U+F309	62217	fa	Terminess Nerd Font Mono
	linux-fedora	U+F30A	62218	fa	Terminess Nerd Font Mono
	linux-fedora_inverse	U+F30B	62219	fa	Terminess Nerd Font Mono
	linux-freebsd	U+F30C	62220	fa	Terminess Nerd Font Mono
	linux-gentoo	U+F30D	62221	fa	Terminess Nerd Font Mono
	linux-linuxmint	U+F30E	62222	fa	Terminess Nerd Font Mono
	linux-linuxmint_inverse	U+F30F	62223	fa	Terminess Nerd Font Mono
	linux-mageia	U+F310	62224	fa	Terminess Nerd Font Mono
	linux-mandriva	U+F311	62225	fa	Terminess Nerd Font Mono
	linux-manjaro	U+F312	62226	fa	Terminess Nerd Font Mono
	linux-nixos	U+F313	62227	fa	Terminess Nerd Font Mono
	linux-opensuse	U+F314	62228	fa	Terminess Nerd Font Mono
	linux-raspberry_pi	U+F315	62229	fa	Terminess Nerd Font Mono
	linux-redhat	U+F316	62230	fa	Terminess Nerd Font Mono
	linux-sabayon	U+F317	62231	fa	Terminess Nerd Font Mono
	linux-slackware	U+F318	62232	fa	Terminess Nerd Font Mono
	linux-slackware_inverse	U+F319	62233	fa	Terminess Nerd Font Mono
	linux-tux	U+F31A	62234	fa	Terminess Nerd Font Mono
	linux-ubuntu	U+F31B	62235	fa	Terminess Nerd Font Mono
	linux-ubuntu_inverse	U+F31C	62236	fa	Terminess Nerd Font Mono
	linux-almalinux	U+F31D	62237	fa	Terminess Nerd Font Mono
	linux-archlabs	U+F31E	62238	fa	Terminess Nerd Font Mono
	linux-artix	U+F31F	62239	fa	Terminess Nerd Font Mono
	linux-budgie	U+F320	62240	fa	Terminess Nerd Font Mono
	linux-deepin	U+F321	62241	fa	Terminess Nerd Font Mono
	linux-endeavour	U+F322	62242	fa	Terminess Nerd Font Mono
	linux-ferris	U+F323	62243	fa	Terminess Nerd Font Mono
	linux-flathub	U+F324	62244	fa	Terminess Nerd Font Mono
	linux-gnu_guix	U+F325	62245	fa	Terminess Nerd Font Mono
	linux-illumos	U+F326	62246	fa	Terminess Nerd Font Mono
	linux-kali_linux	U+F327	62247	fa	Terminess Nerd Font Mono
	linux-openbsd	U+F328	62248	fa	Terminess Nerd Font Mono
	linux-parrot	U+F329	62249	fa	Terminess Nerd Font Mono
	linux-pop_os	U+F32A	62250	fa	Terminess Nerd Font Mono
	linux-rocky_linux	U+F32B	62251	fa	Terminess Nerd Font Mono
	linux-snappy	U+F32C	62252	fa	Terminess Nerd Font Mono
	linux-solus	U+F32D	62253	fa	Terminess Nerd Font Mono
	linux-void	U+F32E	62254	fa	Terminess Nerd Font Mono
	linux-zorin	U+F32F	62255	fa	Terminess Nerd Font Mono
	linux-codeberg	U+F330	62256	fa	Terminess Nerd Font Mono
	linux-kde_neon	U+F331	62257	fa	Terminess Nerd Font Mono
	linux-kde_plasma	U+F332	62258	fa	Terminess Nerd Font Mono
	linux-kubuntu	U+F333	62259	fa	Terminess Nerd Font Mono
	linux-kubuntu_inverse	U+F334	62260	fa	Terminess Nerd Font Mono
	linux-forgejo	U+F335	62261	fa	Terminess Nerd Font Mono
	linux-freecad	U+F336	62262	fa	Terminess Nerd Font Mono
	linux-garuda	U+F337	62263	fa	Terminess Nerd Font Mono
	linux-gimp	U+F338	62264	fa	Terminess Nerd Font Mono
	linux-gitea	U+F339	62265	fa	Terminess Nerd Font Mono
	linux-hyperbola	U+F33A	62266	fa	Terminess Nerd Font Mono
	linux-inkscape	U+F33B	62267	fa	Terminess Nerd Font Mono
	linux-kdenlive	U+F33C	62268	fa	Terminess Nerd Font Mono
	linux-krita	U+F33D	62269	fa	Terminess Nerd Font Mono
	linux-lxle	U+F33E	62270	fa	Terminess Nerd Font Mono
	linux-mxlinux	U+F33F	62271	fa	Terminess Nerd Font Mono
	linux-parabola	U+F340	62272	fa	Terminess Nerd Font Mono
	linux-puppy	U+F341	62273	fa	Terminess Nerd Font Mono
	linux-qubesos	U+F342	62274	fa	Terminess Nerd Font Mono
	linux-tails	U+F343	62275	fa	Terminess Nerd Font Mono
	linux-trisquel	U+F344	62276	fa	Terminess Nerd Font Mono
	linux-archcraft	U+F345	62277	fa	Terminess Nerd Font Mono
	linux-arcolinux	U+F346	62278	fa	Terminess Nerd Font Mono
	linux-biglinux	U+F347	62279	fa	Terminess Nerd Font Mono
	linux-crystal	U+F348	62280	fa	Terminess Nerd Font Mono
	linux-locos	U+F349	62281	fa	Terminess Nerd Font Mono
	linux-xerolinux	U+F34A	62282	fa	Terminess Nerd Font Mono
	linux-arduino	U+F34B	62283	fa	Terminess Nerd Font Mono
	linux-kicad	U+F34C	62284	fa	Terminess Nerd Font Mono
	linux-octoprint	U+F34D	62285	fa	Terminess Nerd Font Mono
	linux-openscad	U+F34E	62286	fa	Terminess Nerd Font Mono
	linux-osh	U+F34F	62287	fa	Terminess Nerd Font Mono
	linux-oshwa	U+F350	62288	fa	Terminess Nerd Font Mono
	linux-prusaslicer	U+F351	62289	fa	Terminess Nerd Font Mono
	linux-reprap	U+F352	62290	fa	Terminess Nerd Font Mono
	linux-riscv	U+F353	62291	fa	Terminess Nerd Font Mono
	linux-awesome	U+F354	62292	fa	Terminess Nerd Font Mono
	linux-bspwm	U+F355	62293	fa	Terminess Nerd Font Mono
	linux-dwm	U+F356	62294	fa	Terminess Nerd Font Mono
	linux-enlightenment	U+F357	62295	fa	Terminess Nerd Font Mono
	linux-fluxbox	U+F358	62296	fa	Terminess Nerd Font Mono
	linux-hyprland	U+F359	62297	fa	Terminess Nerd Font Mono
	linux-i3	U+F35A	62298	fa	Terminess Nerd Font Mono
	linux-jwm	U+F35B	62299	fa	Terminess Nerd Font Mono
	linux-qtile	U+F35C	62300	fa	Terminess Nerd Font Mono
	linux-sway	U+F35D	62301	fa	Terminess Nerd Font Mono
	linux-xmonad	U+F35E	62302	fa	Terminess Nerd Font Mono
	linux-cinnamon	U+F35F	62303	fa	Terminess Nerd Font Mono
	linux-freedesktop	U+F360	62304	fa	Terminess Nerd Font Mono
	linux-gnome	U+F361	62305	fa	Terminess Nerd Font Mono
	linux-gtk	U+F362	62306	fa	Terminess Nerd Font Mono
	linux-lxde	U+F363	62307	fa	Terminess Nerd Font Mono
	linux-lxqt	U+F364	62308	fa	Terminess Nerd Font Mono
	linux-mate	U+F365	62309	fa	Terminess Nerd Font Mono
	linux-vanilla	U+F366	62310	fa	Terminess Nerd Font Mono
	linux-wayland	U+F367	62311	fa	Terminess Nerd Font Mono
	linux-xfce	U+F368	62312	fa	Terminess Nerd Font Mono
	linux-xorg	U+F369	62313	fa	Terminess Nerd Font Mono
	linux-fdroid	U+F36A	62314	fa	Terminess Nerd Font Mono
	linux-fosdem	U+F36B	62315	fa	Terminess Nerd Font Mono
	linux-osi	U+F36C	62316	fa	Terminess Nerd Font Mono
	linux-wikimedia	U+F36D	62317	fa	Terminess Nerd Font Mono
	linux-mpv	U+F36E	62318	fa	Terminess Nerd Font Mono
	linux-neovim	U+F36F	62319	fa	Terminess Nerd Font Mono
	linux-thunderbird	U+F370	62320	fa	Terminess Nerd Font Mono
	linux-tor	U+F371	62321	fa	Terminess Nerd Font Mono
	linux-vscodium	U+F372	62322	fa	Terminess Nerd Font Mono
	linux-kde	U+F373	62323	fa	Terminess Nerd Font Mono
	linux-postmarketos	U+F374	62324	fa	Terminess Nerd Font Mono
	linux-qt	U+F375	62325	fa	Terminess Nerd Font Mono
	linux-libreoffice	U+F376	62326	fa	Terminess Nerd Font Mono
	linux-libreofficebase	U+F377	62327	fa	Terminess Nerd Font Mono
	linux-libreofficecalc	U+F378	62328	fa	Terminess Nerd Font Mono
	linux-libreofficedraw	U+F379	62329	fa	Terminess Nerd Font Mono
	linux-libreofficeimpress	U+F37A	62330	fa	Terminess Nerd Font Mono
	linux-libreofficemath	U+F37B	62331	fa	Terminess Nerd Font Mono
	linux-libreofficewriter	U+F37C	62332	fa	Terminess Nerd Font Mono
	linux-tumbleweed	U+F37D	62333	fa	Terminess Nerd Font Mono
	linux-leap	U+F37E	62334	fa	Terminess Nerd Font Mono
	linux-typst	U+F37F	62335	fa	Terminess Nerd Font Mono
	linux-nobara	U+F380	62336	fa	Terminess Nerd Font Mono
	linux-river	U+F381	62337	fa	Terminess Nerd Font Mono
	oct-light_bulb	U+F400	62464	fa	Terminess Nerd Font Mono
	oct-repo	U+F401	62465	fa	Terminess Nerd Font Mono
	oct-repo_forked	U+F402	62466	fa	Terminess Nerd Font Mono
	oct-repo_push	U+F403	62467	fa	Terminess Nerd Font Mono
	oct-repo_pull	U+F404	62468	fa	Terminess Nerd Font Mono
	oct-book	U+F405	62469	fa	Terminess Nerd Font Mono
	oct-accessibility	U+F406	62470	fa	Terminess Nerd Font Mono
	oct-git_pull_request	U+F407	62471	fa	Terminess Nerd Font Mono
	oct-mark_github	U+F408	62472	fa	Terminess Nerd Font Mono
	oct-download	U+F409	62473	fa	Terminess Nerd Font Mono
	oct-upload	U+F40A	62474	fa	Terminess Nerd Font Mono
	oct-accessibility_inset	U+F40B	62475	fa	Terminess Nerd Font Mono
	oct-alert_fill	U+F40C	62476	fa	Terminess Nerd Font Mono
	oct-file_code	U+F40D	62477	fa	Terminess Nerd Font Mono
	oct-apps	U+F40E	62478	fa	Terminess Nerd Font Mono
	oct-file_media	U+F40F	62479	fa	Terminess Nerd Font Mono
	oct-file_zip	U+F410	62480	fa	Terminess Nerd Font Mono
	oct-archive	U+F411	62481	fa	Terminess Nerd Font Mono
	oct-tag	U+F412	62482	fa	Terminess Nerd Font Mono
	oct-file_directory	U+F413	62483	fa	Terminess Nerd Font Mono
	oct-file_submodule	U+F414	62484	fa	Terminess Nerd Font Mono
	oct-person	U+F415	62485	fa	Terminess Nerd Font Mono
	oct-arrow_both	U+F416	62486	fa	Terminess Nerd Font Mono
	oct-git_commit	U+F417	62487	fa	Terminess Nerd Font Mono
	oct-git_branch	U+F418	62488	fa	Terminess Nerd Font Mono
	oct-git_merge	U+F419	62489	fa	Terminess Nerd Font Mono
	oct-mirror	U+F41A	62490	fa	Terminess Nerd Font Mono
	oct-issue_opened	U+F41B	62491	fa	Terminess Nerd Font Mono
	oct-issue_reopened	U+F41C	62492	fa	Terminess Nerd Font Mono
	oct-issue_closed	U+F41D	62493	fa	Terminess Nerd Font Mono
	oct-star	U+F41E	62494	fa	Terminess Nerd Font Mono
	oct-comment	U+F41F	62495	fa	Terminess Nerd Font Mono
	oct-question	U+F420	62496	fa	Terminess Nerd Font Mono
	oct-alert	U+F421	62497	fa	Terminess Nerd Font Mono
	oct-search	U+F422	62498	fa	Terminess Nerd Font Mono
	oct-gear	U+F423	62499	fa	Terminess Nerd Font Mono
	oct-arrow_down_left	U+F424	62500	fa	Terminess Nerd Font Mono
	oct-tools	U+F425	62501	fa	Terminess Nerd Font Mono
	oct-sign_out	U+F426	62502	fa	Terminess Nerd Font Mono
	oct-rocket	U+F427	62503	fa	Terminess Nerd Font Mono
	oct-rss	U+F428	62504	fa	Terminess Nerd Font Mono
	oct-paste	U+F429	62505	fa	Terminess Nerd Font Mono
	oct-sign_in	U+F42A	62506	fa	Terminess Nerd Font Mono
	oct-organization	U+F42B	62507	fa	Terminess Nerd Font Mono
	oct-device_mobile	U+F42C	62508	fa	Terminess Nerd Font Mono
	oct-unfold	U+F42D	62509	fa	Terminess Nerd Font Mono
	oct-check	U+F42E	62510	fa	Terminess Nerd Font Mono
	oct-mail	U+F42F	62511	fa	Terminess Nerd Font Mono
	oct-read	U+F430	62512	fa	Terminess Nerd Font Mono
	oct-arrow_up	U+F431	62513	fa	Terminess Nerd Font Mono
	oct-arrow_right	U+F432	62514	fa	Terminess Nerd Font Mono
	oct-arrow_down	U+F433	62515	fa	Terminess Nerd Font Mono
	oct-arrow_left	U+F434	62516	fa	Terminess Nerd Font Mono
	oct-pin	U+F435	62517	fa	Terminess Nerd Font Mono
	oct-gift	U+F436	62518	fa	Terminess Nerd Font Mono
	oct-graph	U+F437	62519	fa	Terminess Nerd Font Mono
	oct-triangle_left	U+F438	62520	fa	Terminess Nerd Font Mono
	oct-credit_card	U+F439	62521	fa	Terminess Nerd Font Mono
	oct-clock	U+F43A	62522	fa	Terminess Nerd Font Mono
	oct-ruby	U+F43B	62523	fa	Terminess Nerd Font Mono
	oct-broadcast	U+F43C	62524	fa	Terminess Nerd Font Mono
	oct-key	U+F43D	62525	fa	Terminess Nerd Font Mono
	oct-arrow_down_right	U+F43E	62526	fa	Terminess Nerd Font Mono
	oct-repo_clone	U+F43F	62527	fa	Terminess Nerd Font Mono
	oct-diff	U+F440	62528	fa	Terminess Nerd Font Mono
	oct-eye	U+F441	62529	fa	Terminess Nerd Font Mono
	oct-comment_discussion	U+F442	62530	fa	Terminess Nerd Font Mono
	oct-arrow_switch	U+F443	62531	fa	Terminess Nerd Font Mono
	oct-dot_fill	U+F444	62532	fa	Terminess Nerd Font Mono
	oct-square_fill	U+F445	62533	fa	Terminess Nerd Font Mono
	oct-device_camera	U+F446	62534	fa	Terminess Nerd Font Mono
	oct-device_camera_video	U+F447	62535	fa	Terminess Nerd Font Mono
	oct-pencil	U+F448	62536	fa	Terminess Nerd Font Mono
	oct-info	U+F449	62537	fa	Terminess Nerd Font Mono
	oct-triangle_right	U+F44A	62538	fa	Terminess Nerd Font Mono
	oct-triangle_down	U+F44B	62539	fa	Terminess Nerd Font Mono
	oct-link	U+F44C	62540	fa	Terminess Nerd Font Mono
	oct-plus	U+F44D	62541	fa	Terminess Nerd Font Mono
	oct-three_bars	U+F44E	62542	fa	Terminess Nerd Font Mono
	oct-code	U+F44F	62543	fa	Terminess Nerd Font Mono
	oct-location	U+F450	62544	fa	Terminess Nerd Font Mono
	oct-list_unordered	U+F451	62545	fa	Terminess Nerd Font Mono
	oct-list_ordered	U+F452	62546	fa	Terminess Nerd Font Mono
	oct-quote	U+F453	62547	fa	Terminess Nerd Font Mono
	oct-versions	U+F454	62548	fa	Terminess Nerd Font Mono
	oct-calendar	U+F455	62549	fa	Terminess Nerd Font Mono
	oct-lock	U+F456	62550	fa	Terminess Nerd Font Mono
	oct-diff_added	U+F457	62551	fa	Terminess Nerd Font Mono
	oct-diff_removed	U+F458	62552	fa	Terminess Nerd Font Mono
	oct-diff_modified	U+F459	62553	fa	Terminess Nerd Font Mono
	oct-diff_renamed	U+F45A	62554	fa	Terminess Nerd Font Mono
	oct-horizontal_rule	U+F45B	62555	fa	Terminess Nerd Font Mono
	oct-arrow_up_left	U+F45C	62556	fa	Terminess Nerd Font Mono
	oct-milestone	U+F45D	62557	fa	Terminess Nerd Font Mono
	oct-checklist	U+F45E	62558	fa	Terminess Nerd Font Mono
	oct-megaphone	U+F45F	62559	fa	Terminess Nerd Font Mono
	oct-chevron_right	U+F460	62560	fa	Terminess Nerd Font Mono
	oct-bookmark	U+F461	62561	fa	Terminess Nerd Font Mono
	oct-sliders	U+F462	62562	fa	Terminess Nerd Font Mono
	oct-meter	U+F463	62563	fa	Terminess Nerd Font Mono
	oct-history	U+F464	62564	fa	Terminess Nerd Font Mono
	oct-link_external	U+F465	62565	fa	Terminess Nerd Font Mono
	oct-mute	U+F466	62566	fa	Terminess Nerd Font Mono
	oct-x	U+F467	62567	fa	Terminess Nerd Font Mono
	oct-circle_slash	U+F468	62568	fa	Terminess Nerd Font Mono
	oct-pulse	U+F469	62569	fa	Terminess Nerd Font Mono
	oct-sync	U+F46A	62570	fa	Terminess Nerd Font Mono
	oct-telescope	U+F46B	62571	fa	Terminess Nerd Font Mono
	oct-arrow_up_right	U+F46C	62572	fa	Terminess Nerd Font Mono
	oct-home	U+F46D	62573	fa	Terminess Nerd Font Mono
	oct-stop	U+F46E	62574	fa	Terminess Nerd Font Mono
	oct-bug	U+F46F	62575	fa	Terminess Nerd Font Mono
	oct-logo_github	U+F470	62576	fa	Terminess Nerd Font Mono
	oct-file_binary	U+F471	62577	fa	Terminess Nerd Font Mono
	oct-database	U+F472	62578	fa	Terminess Nerd Font Mono
	oct-server	U+F473	62579	fa	Terminess Nerd Font Mono
	oct-diff_ignored	U+F474	62580	fa	Terminess Nerd Font Mono
	oct-ellipsis	U+F475	62581	fa	Terminess Nerd Font Mono
	oct-bell_fill	U+F476	62582	fa	Terminess Nerd Font Mono
	oct-hubot	U+F477	62583	fa	Terminess Nerd Font Mono
	oct-bell_slash	U+F478	62584	fa	Terminess Nerd Font Mono
	oct-blocked	U+F479	62585	fa	Terminess Nerd Font Mono
	oct-bookmark_fill	U+F47A	62586	fa	Terminess Nerd Font Mono
	oct-chevron_up	U+F47B	62587	fa	Terminess Nerd Font Mono
	oct-chevron_down	U+F47C	62588	fa	Terminess Nerd Font Mono
	oct-chevron_left	U+F47D	62589	fa	Terminess Nerd Font Mono
	oct-triangle_up	U+F47E	62590	fa	Terminess Nerd Font Mono
	oct-git_compare	U+F47F	62591	fa	Terminess Nerd Font Mono
	oct-logo_gist	U+F480	62592	fa	Terminess Nerd Font Mono
	oct-file_symlink_file	U+F481	62593	fa	Terminess Nerd Font Mono
	oct-file_symlink_directory	U+F482	62594	fa	Terminess Nerd Font Mono
	oct-squirrel	U+F483	62595	fa	Terminess Nerd Font Mono
	oct-globe	U+F484	62596	fa	Terminess Nerd Font Mono
	oct-unmute	U+F485	62597	fa	Terminess Nerd Font Mono
	oct-mention	U+F486	62598	fa	Terminess Nerd Font Mono
	oct-package	U+F487	62599	fa	Terminess Nerd Font Mono
	oct-browser	U+F488	62600	fa	Terminess Nerd Font Mono
	oct-terminal	U+F489	62601	fa	Terminess Nerd Font Mono
	oct-markdown	U+F48A	62602	fa	Terminess Nerd Font Mono
	oct-dash	U+F48B	62603	fa	Terminess Nerd Font Mono
	oct-fold	U+F48C	62604	fa	Terminess Nerd Font Mono
	oct-inbox	U+F48D	62605	fa	Terminess Nerd Font Mono
	oct-trash	U+F48E	62606	fa	Terminess Nerd Font Mono
	oct-paintbrush	U+F48F	62607	fa	Terminess Nerd Font Mono
	oct-flame	U+F490	62608	fa	Terminess Nerd Font Mono
	oct-briefcase	U+F491	62609	fa	Terminess Nerd Font Mono
	oct-plug	U+F492	62610	fa	Terminess Nerd Font Mono
	oct-bookmark_slash_fill	U+F493	62611	fa	Terminess Nerd Font Mono
	oct-mortar_board	U+F494	62612	fa	Terminess Nerd Font Mono
	oct-law	U+F495	62613	fa	Terminess Nerd Font Mono
	oct-thumbsup	U+F496	62614	fa	Terminess Nerd Font Mono
	oct-thumbsdown	U+F497	62615	fa	Terminess Nerd Font Mono
	oct-desktop_download	U+F498	62616	fa	Terminess Nerd Font Mono
	oct-beaker	U+F499	62617	fa	Terminess Nerd Font Mono
	oct-bell	U+F49A	62618	fa	Terminess Nerd Font Mono
	oct-cache	U+F49B	62619	fa	Terminess Nerd Font Mono
	oct-shield	U+F49C	62620	fa	Terminess Nerd Font Mono
	oct-bold	U+F49D	62621	fa	Terminess Nerd Font Mono
	oct-check_circle	U+F49E	62622	fa	Terminess Nerd Font Mono
	oct-italic	U+F49F	62623	fa	Terminess Nerd Font Mono
	oct-tasklist	U+F4A0	62624	fa	Terminess Nerd Font Mono
	oct-verified	U+F4A1	62625	fa	Terminess Nerd Font Mono
	oct-smiley	U+F4A2	62626	fa	Terminess Nerd Font Mono
	oct-unverified	U+F4A3	62627	fa	Terminess Nerd Font Mono
	oct-check_circle_fill	U+F4A4	62628	fa	Terminess Nerd Font Mono
	oct-file	U+F4A5	62629	fa	Terminess Nerd Font Mono
	oct-grabber	U+F4A6	62630	fa	Terminess Nerd Font Mono
	oct-checkbox	U+F4A7	62631	fa	Terminess Nerd Font Mono
	oct-reply	U+F4A8	62632	fa	Terminess Nerd Font Mono
	oct-device_desktop	U+F4A9	62633	fa	Terminess Nerd Font Mono
	oct-circle	U+F4AA	62634	fa	Terminess Nerd Font Mono
	oct-clock_fill	U+F4AB	62635	fa	Terminess Nerd Font Mono
	oct-cloud	U+F4AC	62636	fa	Terminess Nerd Font Mono
	oct-cloud_offline	U+F4AD	62637	fa	Terminess Nerd Font Mono
	oct-code_of_conduct	U+F4AE	62638	fa	Terminess Nerd Font Mono
	oct-code_review	U+F4AF	62639	fa	Terminess Nerd Font Mono
	oct-code_square	U+F4B0	62640	fa	Terminess Nerd Font Mono
	oct-codescan	U+F4B1	62641	fa	Terminess Nerd Font Mono
	oct-codescan_checkmark	U+F4B2	62642	fa	Terminess Nerd Font Mono
	oct-codespaces	U+F4B3	62643	fa	Terminess Nerd Font Mono
	oct-columns	U+F4B4	62644	fa	Terminess Nerd Font Mono
	oct-command_palette	U+F4B5	62645	fa	Terminess Nerd Font Mono
	oct-commit	U+F4B6	62646	fa	Terminess Nerd Font Mono
	oct-container	U+F4B7	62647	fa	Terminess Nerd Font Mono
	oct-copilot	U+F4B8	62648	fa	Terminess Nerd Font Mono
	oct-copilot_error	U+F4B9	62649	fa	Terminess Nerd Font Mono
	oct-copilot_warning	U+F4BA	62650	fa	Terminess Nerd Font Mono
	oct-copy	U+F4BB	62651	fa	Terminess Nerd Font Mono
	oct-cpu	U+F4BC	62652	fa	Terminess Nerd Font Mono
	oct-cross_reference	U+F4BD	62653	fa	Terminess Nerd Font Mono
	oct-dependabot	U+F4BE	62654	fa	Terminess Nerd Font Mono
	oct-diamond	U+F4BF	62655	fa	Terminess Nerd Font Mono
	oct-discussion_closed	U+F4C0	62656	fa	Terminess Nerd Font Mono
	oct-discussion_duplicate	U+F4C1	62657	fa	Terminess Nerd Font Mono
	oct-discussion_outdated	U+F4C2	62658	fa	Terminess Nerd Font Mono
	oct-dot	U+F4C3	62659	fa	Terminess Nerd Font Mono
	oct-duplicate	U+F4C4	62660	fa	Terminess Nerd Font Mono
	oct-eye_closed	U+F4C5	62661	fa	Terminess Nerd Font Mono
	oct-feed_discussion	U+F4C6	62662	fa	Terminess Nerd Font Mono
	oct-feed_forked	U+F4C7	62663	fa	Terminess Nerd Font Mono
	oct-feed_heart	U+F4C8	62664	fa	Terminess Nerd Font Mono
	oct-feed_merged	U+F4C9	62665	fa	Terminess Nerd Font Mono
	oct-feed_person	U+F4CA	62666	fa	Terminess Nerd Font Mono
	oct-feed_repo	U+F4CB	62667	fa	Terminess Nerd Font Mono
	oct-feed_rocket	U+F4CC	62668	fa	Terminess Nerd Font Mono
	oct-feed_star	U+F4CD	62669	fa	Terminess Nerd Font Mono
	oct-feed_tag	U+F4CE	62670	fa	Terminess Nerd Font Mono
	oct-feed_trophy	U+F4CF	62671	fa	Terminess Nerd Font Mono
	oct-file_added	U+F4D0	62672	fa	Terminess Nerd Font Mono
	oct-file_badge	U+F4D1	62673	fa	Terminess Nerd Font Mono
	oct-file_diff	U+F4D2	62674	fa	Terminess Nerd Font Mono
	oct-file_directory_fill	U+F4D3	62675	fa	Terminess Nerd Font Mono
	oct-file_directory_open_fill	U+F4D4	62676	fa	Terminess Nerd Font Mono
	oct-file_moved	U+F4D5	62677	fa	Terminess Nerd Font Mono
	oct-file_removed	U+F4D6	62678	fa	Terminess Nerd Font Mono
	oct-filter	U+F4D7	62679	fa	Terminess Nerd Font Mono
	oct-fiscal_host	U+F4D8	62680	fa	Terminess Nerd Font Mono
	oct-fold_down	U+F4D9	62681	fa	Terminess Nerd Font Mono
	oct-fold_up	U+F4DA	62682	fa	Terminess Nerd Font Mono
	oct-git_merge_queue	U+F4DB	62683	fa	Terminess Nerd Font Mono
	oct-git_pull_request_closed	U+F4DC	62684	fa	Terminess Nerd Font Mono
	oct-git_pull_request_draft	U+F4DD	62685	fa	Terminess Nerd Font Mono
	oct-goal	U+F4DE	62686	fa	Terminess Nerd Font Mono
	oct-hash	U+F4DF	62687	fa	Terminess Nerd Font Mono
	oct-heading	U+F4E0	62688	fa	Terminess Nerd Font Mono
	oct-heart_fill	U+F4E1	62689	fa	Terminess Nerd Font Mono
	oct-home_fill	U+F4E2	62690	fa	Terminess Nerd Font Mono
	oct-hourglass	U+F4E3	62691	fa	Terminess Nerd Font Mono
	oct-id_badge	U+F4E4	62692	fa	Terminess Nerd Font Mono
	oct-image	U+F4E5	62693	fa	Terminess Nerd Font Mono
	oct-infinity	U+F4E6	62694	fa	Terminess Nerd Font Mono
	oct-issue_draft	U+F4E7	62695	fa	Terminess Nerd Font Mono
	oct-issue_tracked_by	U+F4E8	62696	fa	Terminess Nerd Font Mono
	oct-issue_tracks	U+F4E9	62697	fa	Terminess Nerd Font Mono
	oct-iterations	U+F4EA	62698	fa	Terminess Nerd Font Mono
	oct-kebab_horizontal	U+F4EB	62699	fa	Terminess Nerd Font Mono
	oct-key_asterisk	U+F4EC	62700	fa	Terminess Nerd Font Mono
	oct-log	U+F4ED	62701	fa	Terminess Nerd Font Mono
	oct-moon	U+F4EE	62702	fa	Terminess Nerd Font Mono
	oct-move_to_bottom	U+F4EF	62703	fa	Terminess Nerd Font Mono
	oct-move_to_end	U+F4F0	62704	fa	Terminess Nerd Font Mono
	oct-move_to_start	U+F4F1	62705	fa	Terminess Nerd Font Mono
	oct-move_to_top	U+F4F2	62706	fa	Terminess Nerd Font Mono
	oct-multi_select	U+F4F3	62707	fa	Terminess Nerd Font Mono
	oct-no_entry	U+F4F4	62708	fa	Terminess Nerd Font Mono
	oct-north_star	U+F4F5	62709	fa	Terminess Nerd Font Mono
	oct-note	U+F4F6	62710	fa	Terminess Nerd Font Mono
	oct-number	U+F4F7	62711	fa	Terminess Nerd Font Mono
	oct-package_dependencies	U+F4F8	62712	fa	Terminess Nerd Font Mono
	oct-package_dependents	U+F4F9	62713	fa	Terminess Nerd Font Mono
	oct-paper_airplane	U+F4FA	62714	fa	Terminess Nerd Font Mono
	oct-paperclip	U+F4FB	62715	fa	Terminess Nerd Font Mono
	oct-passkey_fill	U+F4FC	62716	fa	Terminess Nerd Font Mono
	oct-people	U+F4FD	62717	fa	Terminess Nerd Font Mono
	oct-person_add	U+F4FE	62718	fa	Terminess Nerd Font Mono
	oct-person_fill	U+F4FF	62719	fa	Terminess Nerd Font Mono
	oct-play	U+F500	62720	fa	Terminess Nerd Font Mono
	oct-plus_circle	U+F501	62721	fa	Terminess Nerd Font Mono
	oct-project	U+F502	62722	fa	Terminess Nerd Font Mono
	oct-project_roadmap	U+F503	62723	fa	Terminess Nerd Font Mono
	oct-project_symlink	U+F504	62724	fa	Terminess Nerd Font Mono
	oct-project_template	U+F505	62725	fa	Terminess Nerd Font Mono
	oct-rel_file_path	U+F506	62726	fa	Terminess Nerd Font Mono
	oct-repo_deleted	U+F507	62727	fa	Terminess Nerd Font Mono
	oct-repo_locked	U+F508	62728	fa	Terminess Nerd Font Mono
	oct-repo_template	U+F509	62729	fa	Terminess Nerd Font Mono
	oct-report	U+F50A	62730	fa	Terminess Nerd Font Mono
	oct-rows	U+F50B	62731	fa	Terminess Nerd Font Mono
	oct-screen_full	U+F50C	62732	fa	Terminess Nerd Font Mono
	oct-screen_normal	U+F50D	62733	fa	Terminess Nerd Font Mono
	oct-share	U+F50E	62734	fa	Terminess Nerd Font Mono
	oct-share_android	U+F50F	62735	fa	Terminess Nerd Font Mono
	oct-shield_check	U+F510	62736	fa	Terminess Nerd Font Mono
	oct-shield_lock	U+F511	62737	fa	Terminess Nerd Font Mono
	oct-shield_slash	U+F512	62738	fa	Terminess Nerd Font Mono
	oct-shield_x	U+F513	62739	fa	Terminess Nerd Font Mono
	oct-sidebar_collapse	U+F514	62740	fa	Terminess Nerd Font Mono
	oct-sidebar_expand	U+F515	62741	fa	Terminess Nerd Font Mono
	oct-single_select	U+F516	62742	fa	Terminess Nerd Font Mono
	oct-skip	U+F517	62743	fa	Terminess Nerd Font Mono
	oct-skip_fill	U+F518	62744	fa	Terminess Nerd Font Mono
	oct-sort_asc	U+F519	62745	fa	Terminess Nerd Font Mono
	oct-sort_desc	U+F51A	62746	fa	Terminess Nerd Font Mono
	oct-sparkle_fill	U+F51B	62747	fa	Terminess Nerd Font Mono
	oct-sponsor_tiers	U+F51C	62748	fa	Terminess Nerd Font Mono
	oct-square	U+F51D	62749	fa	Terminess Nerd Font Mono
	oct-stack	U+F51E	62750	fa	Terminess Nerd Font Mono
	oct-star_fill	U+F51F	62751	fa	Terminess Nerd Font Mono
	oct-stopwatch	U+F520	62752	fa	Terminess Nerd Font Mono
	oct-strikethrough	U+F521	62753	fa	Terminess Nerd Font Mono
	oct-sun	U+F522	62754	fa	Terminess Nerd Font Mono
	oct-tab	U+F523	62755	fa	Terminess Nerd Font Mono
	oct-tab_external	U+F524	62756	fa	Terminess Nerd Font Mono
	oct-table	U+F525	62757	fa	Terminess Nerd Font Mono
	oct-telescope_fill	U+F526	62758	fa	Terminess Nerd Font Mono
	oct-trophy	U+F527	62759	fa	Terminess Nerd Font Mono
	oct-typography	U+F528	62760	fa	Terminess Nerd Font Mono
	oct-unlink	U+F529	62761	fa	Terminess Nerd Font Mono
	oct-unlock	U+F52A	62762	fa	Terminess Nerd Font Mono
	oct-unread	U+F52B	62763	fa	Terminess Nerd Font Mono
	oct-video	U+F52C	62764	fa	Terminess Nerd Font Mono
	oct-webhook	U+F52D	62765	fa	Terminess Nerd Font Mono
	oct-workflow	U+F52E	62766	fa	Terminess Nerd Font Mono
	oct-x_circle	U+F52F	62767	fa	Terminess Nerd Font Mono
	oct-x_circle_fill	U+F530	62768	fa	Terminess Nerd Font Mono
	oct-zoom_in	U+F531	62769	fa	Terminess Nerd Font Mono
	oct-zoom_out	U+F532	62770	fa	Terminess Nerd Font Mono
	oct-bookmark_slash	U+F533	62771	fa	Terminess Nerd Font Mono
	uniF6BE	U+F6BE	63166	fa	Terminess Nerd Font Mono
	uniE0AE.NWID	U+E0AE	57518	nerd	IosevkaTerm Nerd Font Propo
	uniE0AF.NWID	U+E0AF	57519	nerd	IosevkaTerm Nerd Font Propo
	uniEE00	U+EE00	60928	nerd	IosevkaTerm Nerd Font Propo
	uniEE01	U+EE01	60929	nerd	IosevkaTerm Nerd Font Propo
	uniEE02	U+EE02	60930	nerd	IosevkaTerm Nerd Font Propo
	uniEE03	U+EE03	60931	nerd	IosevkaTerm Nerd Font Propo
	uniEE04	U+EE04	60932	nerd	IosevkaTerm Nerd Font Propo
	uniEE05	U+EE05	60933	nerd	IosevkaTerm Nerd Font Propo
	uniEE06.NWID	U+EE06	60934	nerd	IosevkaTerm Nerd Font Propo
	uniEE07.NWID	U+EE07	60935	nerd	IosevkaTerm Nerd Font Propo
	uniEE08.NWID	U+EE08	60936	nerd	IosevkaTerm Nerd Font Propo
	uniEE09.NWID	U+EE09	60937	nerd	IosevkaTerm Nerd Font Propo
	uniEE0A.NWID	U+EE0A	60938	nerd	IosevkaTerm Nerd Font Propo
	uniEE0B.NWID	U+EE0B	60939	nerd	IosevkaTerm Nerd Font Propo
	dieresisacute	U+F6D7	63191	fa	BlexMono Nerd Font Propo
	dieresisgrave	U+F6D8	63192	fa	BlexMono Nerd Font Propo
	commaaccent	U+F6C3	63171	fa	AnonymicePro Nerd Font Propo
	apple	U+F8FF	63743	fa	AnonymicePro Nerd Font Propo
	uniE0AE	U+E0AE	57518	nerd	AdwaitaMono Nerd Font Propo
	uniE0AF	U+E0AF	57519	nerd	AdwaitaMono Nerd Font Propo
	uniEE06	U+EE06	60934	nerd	AdwaitaMono Nerd Font Propo
	uniEE07	U+EE07	60935	nerd	AdwaitaMono Nerd Font Propo
	uniEE08	U+EE08	60936	nerd	AdwaitaMono Nerd Font Propo
	uniEE09	U+EE09	60937	nerd	AdwaitaMono Nerd Font Propo
	uniEE0A	U+EE0A	60938	nerd	AdwaitaMono Nerd Font Propo
	uniEE0B	U+EE0B	60939	nerd	AdwaitaMono Nerd Font Propo
	uniE0C9	U+E0C9	57545	nerd	MonaspiceAr Nerd Font Propo
	uniE123	U+E123	57635	nerd	MonaspiceAr Nerd Font Propo
	uniE00B	U+E00B	57355	nerd	ZedMono Nerd Font Mono
	uniE00C	U+E00C	57356	nerd	ZedMono Nerd Font Mono
	uniE00D	U+E00D	57357	nerd	ZedMono Nerd Font Mono
	uniE00E	U+E00E	57358	nerd	ZedMono Nerd Font Mono
	uniE00F	U+E00F	57359	nerd	ZedMono Nerd Font Mono
	uniE010	U+E010	57360	nerd	ZedMono Nerd Font Mono
	uniE100	U+E100	57600	nerd	Hasklug Nerd Font Mono
	uniE101	U+E101	57601	nerd	Hasklug Nerd Font Mono
	uniE102	U+E102	57602	nerd	Hasklug Nerd Font Mono
	uniE103	U+E103	57603	nerd	Hasklug Nerd Font Mono
	uniE104	U+E104	57604	nerd	Hasklug Nerd Font Mono
	uniE105	U+E105	57605	nerd	Hasklug Nerd Font Mono
	uniE106	U+E106	57606	nerd	Hasklug Nerd Font Mono
	uniE107	U+E107	57607	nerd	Hasklug Nerd Font Mono
	uniE108	U+E108	57608	nerd	Hasklug Nerd Font Mono
	uniE109	U+E109	57609	nerd	Hasklug Nerd Font Mono
	uniE10A	U+E10A	57610	nerd	Hasklug Nerd Font Mono
	uniE10B	U+E10B	57611	nerd	Hasklug Nerd Font Mono
	uniE10C	U+E10C	57612	nerd	Hasklug Nerd Font Mono
	uniE10D	U+E10D	57613	nerd	Hasklug Nerd Font Mono
	uniE10E	U+E10E	57614	nerd	Hasklug Nerd Font Mono
	uniE10F	U+E10F	57615	nerd	Hasklug Nerd Font Mono
	uniE110	U+E110	57616	nerd	Hasklug Nerd Font Mono
	uniE111	U+E111	57617	nerd	Hasklug Nerd Font Mono
	uniE112	U+E112	57618	nerd	Hasklug Nerd Font Mono
	uniE113	U+E113	57619	nerd	Hasklug Nerd Font Mono
	uniE114	U+E114	57620	nerd	Hasklug Nerd Font Mono
	uniE115	U+E115	57621	nerd	Hasklug Nerd Font Mono
	uniE116	U+E116	57622	nerd	Hasklug Nerd Font Mono
	uniE117	U+E117	57623	nerd	Hasklug Nerd Font Mono
	uniE118	U+E118	57624	nerd	Hasklug Nerd Font Mono
	uniE119	U+E119	57625	nerd	Hasklug Nerd Font Mono
	uniE11A	U+E11A	57626	nerd	Hasklug Nerd Font Mono
	uniE11B	U+E11B	57627	nerd	Hasklug Nerd Font Mono
	uniE11C	U+E11C	57628	nerd	Hasklug Nerd Font Mono
	uniE11D	U+E11D	57629	nerd	Hasklug Nerd Font Mono
	uniE11E	U+E11E	57630	nerd	Hasklug Nerd Font Mono
	uniE11F	U+E11F	57631	nerd	Hasklug Nerd Font Mono
	uniE120	U+E120	57632	nerd	Hasklug Nerd Font Mono
	uniE121	U+E121	57633	nerd	Hasklug Nerd Font Mono
	uniE122	U+E122	57634	nerd	Hasklug Nerd Font Mono
	uniE124	U+E124	57636	nerd	Hasklug Nerd Font Mono
	uniE125	U+E125	57637	nerd	Hasklug Nerd Font Mono
	uniE126	U+E126	57638	nerd	Hasklug Nerd Font Mono
	uniE127	U+E127	57639	nerd	Hasklug Nerd Font Mono
	uniE128	U+E128	57640	nerd	Hasklug Nerd Font Mono
	uniE129	U+E129	57641	nerd	Hasklug Nerd Font Mono
	uniF6C5	U+F6C5	63173	fa	MesloLGM Nerd Font Propo
	uniEE06.WWID	U+EE06	60934	nerd	Iosevka Nerd Font
	uniEE07.WWID	U+EE07	60935	nerd	Iosevka Nerd Font
	uniEE08.WWID	U+EE08	60936	nerd	Iosevka Nerd Font
	uniEE09.WWID	U+EE09	60937	nerd	Iosevka Nerd Font
	uniEE0A.WWID	U+EE0A	60938	nerd	Iosevka Nerd Font
	uniEE0B.WWID	U+EE0B	60939	nerd	Iosevka Nerd Font
	uniE0CB	U+E0CB	57547	nerd	D2CodingLigature Nerd Font Propo
	uniE0D3	U+E0D3	57555	nerd	D2CodingLigature Nerd Font Propo
	uni2986	U+E0D5	57557	nerd	D2CodingLigature Nerd Font Propo
	uniE0D8	U+E0D8	57560	nerd	D2CodingLigature Nerd Font Propo
	uniE0D9	U+E0D9	57561	nerd	D2CodingLigature Nerd Font Propo
	uniE0DA	U+E0DA	57562	nerd	D2CodingLigature Nerd Font Propo
	uniE0DB	U+E0DB	57563	nerd	D2CodingLigature Nerd Font Propo
	uniE0DC	U+E0DC	57564	nerd	D2CodingLigature Nerd Font Propo
	uniE0DD	U+E0DD	57565	nerd	D2CodingLigature Nerd Font Propo
	uniE0DE	U+E0DE	57566	nerd	D2CodingLigature Nerd Font Propo
	uniE0DF	U+E0DF	57567	nerd	D2CodingLigature Nerd Font Propo
	uniE0E0	U+E0E0	57568	nerd	D2CodingLigature Nerd Font Propo
	uniE0E1	U+E0E1	57569	nerd	D2CodingLigature Nerd Font Propo
	uniE0E2	U+E0E2	57570	nerd	D2CodingLigature Nerd Font Propo
	uniE0E3	U+E0E3	57571	nerd	D2CodingLigature Nerd Font Propo
	uni2051	U+E0E4	57572	nerd	D2CodingLigature Nerd Font Propo
	uniE0E5	U+E0E5	57573	nerd	D2CodingLigature Nerd Font Propo
	uniE0E6	U+E0E6	57574	nerd	D2CodingLigature Nerd Font Propo
	uniE0E7	U+E0E7	57575	nerd	D2CodingLigature Nerd Font Propo
	uniE0E8	U+E0E8	57576	nerd	D2CodingLigature Nerd Font Propo
	uniE0E9	U+E0E9	57577	nerd	D2CodingLigature Nerd Font Propo
	uniE0EA	U+E0EA	57578	nerd	D2CodingLigature Nerd Font Propo
	uniE0EB	U+E0EB	57579	nerd	D2CodingLigature Nerd Font Propo
	uniE0EC	U+E0EC	57580	nerd	D2CodingLigature Nerd Font Propo
	uniE0ED	U+E0ED	57581	nerd	D2CodingLigature Nerd Font Propo
	uniE0EE	U+E0EE	57582	nerd	D2CodingLigature Nerd Font Propo
	uniE0EF	U+E0EF	57583	nerd	D2CodingLigature Nerd Font Propo
	uniE0F0	U+E0F0	57584	nerd	D2CodingLigature Nerd Font Propo
	uniE0F1	U+E0F1	57585	nerd	D2CodingLigature Nerd Font Propo
	uniE0F2	U+E0F2	57586	nerd	D2CodingLigature Nerd Font Propo
	uniE0F3	U+E0F3	57587	nerd	D2CodingLigature Nerd Font Propo
	uniE0F4	U+E0F4	57588	nerd	D2CodingLigature Nerd Font Propo
	uniE0F5	U+E0F5	57589	nerd	D2CodingLigature Nerd Font Propo
	uniE0F6	U+E0F6	57590	nerd	D2CodingLigature Nerd Font Propo
	uniE0F7	U+E0F7	57591	nerd	D2CodingLigature Nerd Font Propo
	uniE0F8	U+E0F8	57592	nerd	D2CodingLigature Nerd Font Propo
	uniE0F9	U+E0F9	57593	nerd	D2CodingLigature Nerd Font Propo
	uniE0FA	U+E0FA	57594	nerd	D2CodingLigature Nerd Font Propo
	uniE0FB	U+E0FB	57595	nerd	D2CodingLigature Nerd Font Propo
	uniE0FC	U+E0FC	57596	nerd	D2CodingLigature Nerd Font Propo
	uniE0FD	U+E0FD	57597	nerd	D2CodingLigature Nerd Font Propo
	uniE0FE	U+E0FE	57598	nerd	D2CodingLigature Nerd Font Propo
	uniE0FF	U+E0FF	57599	nerd	D2CodingLigature Nerd Font Propo
	uni204C	U+E103	57603	nerd	D2CodingLigature Nerd Font Propo
	uni204D	U+E104	57604	nerd	D2CodingLigature Nerd Font Propo
	uni2997	U+E105	57605	nerd	D2CodingLigature Nerd Font Propo
	uni2998	U+E106	57606	nerd	D2CodingLigature Nerd Font Propo
	uniE12A	U+E12A	57642	nerd	D2CodingLigature Nerd Font Propo
	uniE12B	U+E12B	57643	nerd	D2CodingLigature Nerd Font Propo
	uniE12C	U+E12C	57644	nerd	D2CodingLigature Nerd Font Propo
	uniE12D	U+E12D	57645	nerd	D2CodingLigature Nerd Font Propo
	uniE12E	U+E12E	57646	nerd	D2CodingLigature Nerd Font Propo
	uniE12F	U+E12F	57647	nerd	D2CodingLigature Nerd Font Propo
	uni22EE	U+E130	57648	nerd	D2CodingLigature Nerd Font Propo
	uni2237	U+E131	57649	nerd	D2CodingLigature Nerd Font Propo
	uniE132	U+E132	57650	nerd	D2CodingLigature Nerd Font Propo
	uniE133	U+E133	57651	nerd	D2CodingLigature Nerd Font Propo
	uniE134	U+E134	57652	nerd	D2CodingLigature Nerd Font Propo
	uniE135	U+E135	57653	nerd	D2CodingLigature Nerd Font Propo
	uniE136	U+E136	57654	nerd	D2CodingLigature Nerd Font Propo
	uniE137	U+E137	57655	nerd	D2CodingLigature Nerd Font Propo
	uniE138	U+E138	57656	nerd	D2CodingLigature Nerd Font Propo
	uniE139	U+E139	57657	nerd	D2CodingLigature Nerd Font Propo
	uniE13A	U+E13A	57658	nerd	D2CodingLigature Nerd Font Propo
	uniE13B	U+E13B	57659	nerd	D2CodingLigature Nerd Font Propo
	uniE13C	U+E13C	57660	nerd	D2CodingLigature Nerd Font Propo
	uniE13D	U+E13D	57661	nerd	D2CodingLigature Nerd Font Propo
	uniE13E	U+E13E	57662	nerd	D2CodingLigature Nerd Font Propo
	uniE13F	U+E13F	57663	nerd	D2CodingLigature Nerd Font Propo
	uniE140	U+E140	57664	nerd	D2CodingLigature Nerd Font Propo
	uniE141	U+E141	57665	nerd	D2CodingLigature Nerd Font Propo
	uniE142	U+E142	57666	nerd	D2CodingLigature Nerd Font Propo
	uniE143	U+E143	57667	nerd	D2CodingLigature Nerd Font Propo
	uniE144	U+E144	57668	nerd	D2CodingLigature Nerd Font Propo
	uniE145	U+E145	57669	nerd	D2CodingLigature Nerd Font Propo
	uniE146	U+E146	57670	nerd	D2CodingLigature Nerd Font Propo
	uniE147	U+E147	57671	nerd	D2CodingLigature Nerd Font Propo
	uniE148	U+E148	57672	nerd	D2CodingLigature Nerd Font Propo
	uniE149	U+E149	57673	nerd	D2CodingLigature Nerd Font Propo
	uniE14A	U+E14A	57674	nerd	D2CodingLigature Nerd Font Propo
	uniE14B	U+E14B	57675	nerd	D2CodingLigature Nerd Font Propo
	uniE14C	U+E14C	57676	nerd	D2CodingLigature Nerd Font Propo
	uniE14D	U+E14D	57677	nerd	D2CodingLigature Nerd Font Propo
	uniE14E	U+E14E	57678	nerd	D2CodingLigature Nerd Font Propo
	uniE14F	U+E14F	57679	nerd	D2CodingLigature Nerd Font Propo
	uniE150	U+E150	57680	nerd	D2CodingLigature Nerd Font Propo
	uniE151	U+E151	57681	nerd	D2CodingLigature Nerd Font Propo
	uniE152	U+E152	57682	nerd	D2CodingLigature Nerd Font Propo
	uniE153	U+E153	57683	nerd	D2CodingLigature Nerd Font Propo
	uniE154	U+E154	57684	nerd	D2CodingLigature Nerd Font Propo
	uniE155	U+E155	57685	nerd	D2CodingLigature Nerd Font Propo
	uniE156	U+E156	57686	nerd	D2CodingLigature Nerd Font Propo
	uniE157	U+E157	57687	nerd	D2CodingLigature Nerd Font Propo
	uniE158	U+E158	57688	nerd	D2CodingLigature Nerd Font Propo
	uniE159	U+E159	57689	nerd	D2CodingLigature Nerd Font Propo
	uniE15A	U+E15A	57690	nerd	D2CodingLigature Nerd Font Propo
	uniE15B	U+E15B	57691	nerd	D2CodingLigature Nerd Font Propo
	uniE15C	U+E15C	57692	nerd	D2CodingLigature Nerd Font Propo
	uniE15D	U+E15D	57693	nerd	D2CodingLigature Nerd Font Propo
	uniE15E	U+E15E	57694	nerd	D2CodingLigature Nerd Font Propo
	uniE15F	U+E15F	57695	nerd	D2CodingLigature Nerd Font Propo
	uniE160	U+E160	57696	nerd	D2CodingLigature Nerd Font Propo
	uniE161	U+E161	57697	nerd	D2CodingLigature Nerd Font Propo
	uniE162	U+E162	57698	nerd	D2CodingLigature Nerd Font Propo
	uniE163	U+E163	57699	nerd	D2CodingLigature Nerd Font Propo
	uniE164	U+E164	57700	nerd	D2CodingLigature Nerd Font Propo
	uniE165	U+E165	57701	nerd	D2CodingLigature Nerd Font Propo
	uniE166	U+E166	57702	nerd	D2CodingLigature Nerd Font Propo
	uniE167	U+E167	57703	nerd	D2CodingLigature Nerd Font Propo
	uniE168	U+E168	57704	nerd	D2CodingLigature Nerd Font Propo
	uniE169	U+E169	57705	nerd	D2CodingLigature Nerd Font Propo
	uniE16A	U+E16A	57706	nerd	D2CodingLigature Nerd Font Propo
	uniE16B	U+E16B	57707	nerd	D2CodingLigature Nerd Font Propo
	uniE16C	U+E16C	57708	nerd	D2CodingLigature Nerd Font Propo
	uniE16D	U+E16D	57709	nerd	D2CodingLigature Nerd Font Propo
	uniE16E	U+E16E	57710	nerd	D2CodingLigature Nerd Font Propo
	uniE16F	U+E16F	57711	nerd	D2CodingLigature Nerd Font Propo
	uniE170	U+E170	57712	nerd	D2CodingLigature Nerd Font Propo
	uniE171	U+E171	57713	nerd	D2CodingLigature Nerd Font Propo
	uniE172	U+E172	57714	nerd	D2CodingLigature Nerd Font Propo
	uniE173	U+E173	57715	nerd	D2CodingLigature Nerd Font Propo
	uniE174	U+E174	57716	nerd	D2CodingLigature Nerd Font Propo
	uniE175	U+E175	57717	nerd	D2CodingLigature Nerd Font Propo
	uniE176	U+E176	57718	nerd	D2CodingLigature Nerd Font Propo
	uniE177	U+E177	57719	nerd	D2CodingLigature Nerd Font Propo
	uniE178	U+E178	57720	nerd	D2CodingLigature Nerd Font Propo
	uniE179	U+E179	57721	nerd	D2CodingLigature Nerd Font Propo
	uniE17A	U+E17A	57722	nerd	D2CodingLigature Nerd Font Propo
	uniE17B	U+E17B	57723	nerd	D2CodingLigature Nerd Font Propo
	uniE17C	U+E17C	57724	nerd	D2CodingLigature Nerd Font Propo
	uniE17D	U+E17D	57725	nerd	D2CodingLigature Nerd Font Propo
	uniE17E	U+E17E	57726	nerd	D2CodingLigature Nerd Font Propo
	uniE17F	U+E17F	57727	nerd	D2CodingLigature Nerd Font Propo
	uniE180	U+E180	57728	nerd	D2CodingLigature Nerd Font Propo
	uniE181	U+E181	57729	nerd	D2CodingLigature Nerd Font Propo
	uniE182	U+E182	57730	nerd	D2CodingLigature Nerd Font Propo
	uniE183	U+E183	57731	nerd	D2CodingLigature Nerd Font Propo
	uniE184	U+E184	57732	nerd	D2CodingLigature Nerd Font Propo
	uniE185	U+E185	57733	nerd	D2CodingLigature Nerd Font Propo
	uniE186	U+E186	57734	nerd	D2CodingLigature Nerd Font Propo
	uniE187	U+E187	57735	nerd	D2CodingLigature Nerd Font Propo
	uniE188	U+E188	57736	nerd	D2CodingLigature Nerd Font Propo
	uniE189	U+E189	57737	nerd	D2CodingLigature Nerd Font Propo
	uniE18A	U+E18A	57738	nerd	D2CodingLigature Nerd Font Propo
	uniE18B	U+E18B	57739	nerd	D2CodingLigature Nerd Font Propo
	uniE18C	U+E18C	57740	nerd	D2CodingLigature Nerd Font Propo
	uniE18D	U+E18D	57741	nerd	D2CodingLigature Nerd Font Propo
	uniE18E	U+E18E	57742	nerd	D2CodingLigature Nerd Font Propo
	uniE18F	U+E18F	57743	nerd	D2CodingLigature Nerd Font Propo
	uniE190	U+E190	57744	nerd	D2CodingLigature Nerd Font Propo
	uniE191	U+E191	57745	nerd	D2CodingLigature Nerd Font Propo
	uniE192	U+E192	57746	nerd	D2CodingLigature Nerd Font Propo
	uniE193	U+E193	57747	nerd	D2CodingLigature Nerd Font Propo
	uniE194	U+E194	57748	nerd	D2CodingLigature Nerd Font Propo
	uniE195	U+E195	57749	nerd	D2CodingLigature Nerd Font Propo
	uniE196	U+E196	57750	nerd	D2CodingLigature Nerd Font Propo
	uniE197	U+E197	57751	nerd	D2CodingLigature Nerd Font Propo
	uniE198	U+E198	57752	nerd	D2CodingLigature Nerd Font Propo
	uniE199	U+E199	57753	nerd	D2CodingLigature Nerd Font Propo
	uniE19A	U+E19A	57754	nerd	D2CodingLigature Nerd Font Propo
	uniE19B	U+E19B	57755	nerd	D2CodingLigature Nerd Font Propo
	uniE19C	U+E19C	57756	nerd	D2CodingLigature Nerd Font Propo
	uniE19D	U+E19D	57757	nerd	D2CodingLigature Nerd Font Propo
	uniE19E	U+E19E	57758	nerd	D2CodingLigature Nerd Font Propo
	uniE19F	U+E19F	57759	nerd	D2CodingLigature Nerd Font Propo
	uniE1A0	U+E1A0	57760	nerd	D2CodingLigature Nerd Font Propo
	uniE1A1	U+E1A1	57761	nerd	D2CodingLigature Nerd Font Propo
	uniE1A2	U+E1A2	57762	nerd	D2CodingLigature Nerd Font Propo
	uniE1A3	U+E1A3	57763	nerd	D2CodingLigature Nerd Font Propo
	uniE1A4	U+E1A4	57764	nerd	D2CodingLigature Nerd Font Propo
	uniE1A5	U+E1A5	57765	nerd	D2CodingLigature Nerd Font Propo
	uni2A26	U+E1A6	57766	nerd	D2CodingLigature Nerd Font Propo
	uni2AC5	U+E1A7	57767	nerd	D2CodingLigature Nerd Font Propo
	uni2AC6	U+E1A8	57768	nerd	D2CodingLigature Nerd Font Propo
	uni2A8B	U+E1A9	57769	nerd	D2CodingLigature Nerd Font Propo
	uni2A8C	U+E1AA	57770	nerd	D2CodingLigature Nerd Font Propo
	uni2A91	U+E1AB	57771	nerd	D2CodingLigature Nerd Font Propo
	uni2A92	U+E1AC	57772	nerd	D2CodingLigature Nerd Font Propo
	uniE1AD	U+E1AD	57773	nerd	D2CodingLigature Nerd Font Propo
	uni29A3	U+E1AE	57774	nerd	D2CodingLigature Nerd Font Propo
	uniE1AF	U+E1AF	57775	nerd	D2CodingLigature Nerd Font Propo
	uniE1B0	U+E1B0	57776	nerd	D2CodingLigature Nerd Font Propo
	uniE1B1	U+E1B1	57777	nerd	D2CodingLigature Nerd Font Propo
	uniE1B2	U+E1B2	57778	nerd	D2CodingLigature Nerd Font Propo
	uniE1B3	U+E1B3	57779	nerd	D2CodingLigature Nerd Font Propo
	uniE1B4	U+E1B4	57780	nerd	D2CodingLigature Nerd Font Propo
	uniE1B5	U+E1B5	57781	nerd	D2CodingLigature Nerd Font Propo
	uniE1B6	U+E1B6	57782	nerd	D2CodingLigature Nerd Font Propo
	uniE1B7	U+E1B7	57783	nerd	D2CodingLigature Nerd Font Propo
	uniE1B8	U+E1B8	57784	nerd	D2CodingLigature Nerd Font Propo
	uniE1B9	U+E1B9	57785	nerd	D2CodingLigature Nerd Font Propo
	uniE1BA	U+E1BA	57786	nerd	D2CodingLigature Nerd Font Propo
	uniE1BB	U+E1BB	57787	nerd	D2CodingLigature Nerd Font Propo
	uniE1BC	U+E1BC	57788	nerd	D2CodingLigature Nerd Font Propo
	uniE1BD	U+E1BD	57789	nerd	D2CodingLigature Nerd Font Propo
	uniE1BE	U+E1BE	57790	nerd	D2CodingLigature Nerd Font Propo
	uniE1BF	U+E1BF	57791	nerd	D2CodingLigature Nerd Font Propo
	uniE1C0	U+E1C0	57792	nerd	D2CodingLigature Nerd Font Propo
	uniE1C1	U+E1C1	57793	nerd	D2CodingLigature Nerd Font Propo
	uniE1C2	U+E1C2	57794	nerd	D2CodingLigature Nerd Font Propo
	uniE1C3	U+E1C3	57795	nerd	D2CodingLigature Nerd Font Propo
	uniE1C4	U+E1C4	57796	nerd	D2CodingLigature Nerd Font Propo
	uniE1C5	U+E1C5	57797	nerd	D2CodingLigature Nerd Font Propo
	uniE1C6	U+E1C6	57798	nerd	D2CodingLigature Nerd Font Propo
	uniE1C7	U+E1C7	57799	nerd	D2CodingLigature Nerd Font Propo
	uniE1C8	U+E1C8	57800	nerd	D2CodingLigature Nerd Font Propo
	uniE1C9	U+E1C9	57801	nerd	D2CodingLigature Nerd Font Propo
	uniE1CA	U+E1CA	57802	nerd	D2CodingLigature Nerd Font Propo
	uniE1CB	U+E1CB	57803	nerd	D2CodingLigature Nerd Font Propo
	uniE1CC	U+E1CC	57804	nerd	D2CodingLigature Nerd Font Propo
	uniE1CD	U+E1CD	57805	nerd	D2CodingLigature Nerd Font Propo
	uniE1CE	U+E1CE	57806	nerd	D2CodingLigature Nerd Font Propo
	uniE1CF	U+E1CF	57807	nerd	D2CodingLigature Nerd Font Propo
	uniE1D0	U+E1D0	57808	nerd	D2CodingLigature Nerd Font Propo
	uniE1D1	U+E1D1	57809	nerd	D2CodingLigature Nerd Font Propo
	uniE1D2	U+E1D2	57810	nerd	D2CodingLigature Nerd Font Propo
	uniE1D3	U+E1D3	57811	nerd	D2CodingLigature Nerd Font Propo
	uniE1D4	U+E1D4	57812	nerd	D2CodingLigature Nerd Font Propo
	uniE1D5	U+E1D5	57813	nerd	D2CodingLigature Nerd Font Propo
	uniE1D6	U+E1D6	57814	nerd	D2CodingLigature Nerd Font Propo
	uniE1D7	U+E1D7	57815	nerd	D2CodingLigature Nerd Font Propo
	uniE1D8	U+E1D8	57816	nerd	D2CodingLigature Nerd Font Propo
	uniE1D9	U+E1D9	57817	nerd	D2CodingLigature Nerd Font Propo
	uniE1DA	U+E1DA	57818	nerd	D2CodingLigature Nerd Font Propo
	uniE1DB	U+E1DB	57819	nerd	D2CodingLigature Nerd Font Propo
	uniE1DC	U+E1DC	57820	nerd	D2CodingLigature Nerd Font Propo
	uniE1DD	U+E1DD	57821	nerd	D2CodingLigature Nerd Font Propo
	uniE1DE	U+E1DE	57822	nerd	D2CodingLigature Nerd Font Propo
	uniE1DF	U+E1DF	57823	nerd	D2CodingLigature Nerd Font Propo
	uniE1E0	U+E1E0	57824	nerd	D2CodingLigature Nerd Font Propo
	uniE1E1	U+E1E1	57825	nerd	D2CodingLigature Nerd Font Propo
	uniE1E2	U+E1E2	57826	nerd	D2CodingLigature Nerd Font Propo
	uniE1E3	U+E1E3	57827	nerd	D2CodingLigature Nerd Font Propo
	uniE1E4	U+E1E4	57828	nerd	D2CodingLigature Nerd Font Propo
	uniE1E5	U+E1E5	57829	nerd	D2CodingLigature Nerd Font Propo
	uniE1E6	U+E1E6	57830	nerd	D2CodingLigature Nerd Font Propo
	uniE1E7	U+E1E7	57831	nerd	D2CodingLigature Nerd Font Propo
	uniE1E8	U+E1E8	57832	nerd	D2CodingLigature Nerd Font Propo
	uniE1E9	U+E1E9	57833	nerd	D2CodingLigature Nerd Font Propo
	uniE1EA	U+E1EA	57834	nerd	D2CodingLigature Nerd Font Propo
	uniE1EB	U+E1EB	57835	nerd	D2CodingLigature Nerd Font Propo
	uniE1EC	U+E1EC	57836	nerd	D2CodingLigature Nerd Font Propo
	uniE1ED	U+E1ED	57837	nerd	D2CodingLigature Nerd Font Propo
	uniE1EE	U+E1EE	57838	nerd	D2CodingLigature Nerd Font Propo
	uniE1EF	U+E1EF	57839	nerd	D2CodingLigature Nerd Font Propo
	uniE1F0	U+E1F0	57840	nerd	D2CodingLigature Nerd Font Propo
	uniE1F1	U+E1F1	57841	nerd	D2CodingLigature Nerd Font Propo
	uniE1F2	U+E1F2	57842	nerd	D2CodingLigature Nerd Font Propo
	uniE1F3	U+E1F3	57843	nerd	D2CodingLigature Nerd Font Propo
	uniE1F4	U+E1F4	57844	nerd	D2CodingLigature Nerd Font Propo
	uniE1F5	U+E1F5	57845	nerd	D2CodingLigature Nerd Font Propo
	uniE1F6	U+E1F6	57846	nerd	D2CodingLigature Nerd Font Propo
	uniE1F7	U+E1F7	57847	nerd	D2CodingLigature Nerd Font Propo
	uniE1F8	U+E1F8	57848	nerd	D2CodingLigature Nerd Font Propo
	uniE1F9	U+E1F9	57849	nerd	D2CodingLigature Nerd Font Propo
	uniE1FA	U+E1FA	57850	nerd	D2CodingLigature Nerd Font Propo
	uniE1FB	U+E1FB	57851	nerd	D2CodingLigature Nerd Font Propo
	uniE1FC	U+E1FC	57852	nerd	D2CodingLigature Nerd Font Propo
	uniE1FD	U+E1FD	57853	nerd	D2CodingLigature Nerd Font Propo
	uniE1FE	U+E1FE	57854	nerd	D2CodingLigature Nerd Font Propo
	uniE1FF	U+E1FF	57855	nerd	D2CodingLigature Nerd Font Propo
	uniE2AA	U+E2AA	58026	nerd	D2CodingLigature Nerd Font Propo
	uniE2AB	U+E2AB	58027	nerd	D2CodingLigature Nerd Font Propo
	uniE2AC	U+E2AC	58028	nerd	D2CodingLigature Nerd Font Propo
	uniE2AD	U+E2AD	58029	nerd	D2CodingLigature Nerd Font Propo
	uniE2AE	U+E2AE	58030	nerd	D2CodingLigature Nerd Font Propo
	uniE2AF	U+E2AF	58031	nerd	D2CodingLigature Nerd Font Propo
	uniE2B0	U+E2B0	58032	nerd	D2CodingLigature Nerd Font Propo
	uniE2B1	U+E2B1	58033	nerd	D2CodingLigature Nerd Font Propo
	uniE2B2	U+E2B2	58034	nerd	D2CodingLigature Nerd Font Propo
	uniE2B3	U+E2B3	58035	nerd	D2CodingLigature Nerd Font Propo
	uniE2B4	U+E2B4	58036	nerd	D2CodingLigature Nerd Font Propo
	uniE2B5	U+E2B5	58037	nerd	D2CodingLigature Nerd Font Propo
	uniE2B6	U+E2B6	58038	nerd	D2CodingLigature Nerd Font Propo
	uniE2B7	U+E2B7	58039	nerd	D2CodingLigature Nerd Font Propo
	uniE2B8	U+E2B8	58040	nerd	D2CodingLigature Nerd Font Propo
	uniE2B9	U+E2B9	58041	nerd	D2CodingLigature Nerd Font Propo
	uniE2BA	U+E2BA	58042	nerd	D2CodingLigature Nerd Font Propo
	uniE2BB	U+E2BB	58043	nerd	D2CodingLigature Nerd Font Propo
	uniE2BC	U+E2BC	58044	nerd	D2CodingLigature Nerd Font Propo
	uniE2BD	U+E2BD	58045	nerd	D2CodingLigature Nerd Font Propo
	uniE2BE	U+E2BE	58046	nerd	D2CodingLigature Nerd Font Propo
	uniE2BF	U+E2BF	58047	nerd	D2CodingLigature Nerd Font Propo
	uniE2C0	U+E2C0	58048	nerd	D2CodingLigature Nerd Font Propo
	uniE2C1	U+E2C1	58049	nerd	D2CodingLigature Nerd Font Propo
	uniE2C2	U+E2C2	58050	nerd	D2CodingLigature Nerd Font Propo
	uniE2C3	U+E2C3	58051	nerd	D2CodingLigature Nerd Font Propo
	uniE2C4	U+E2C4	58052	nerd	D2CodingLigature Nerd Font Propo
	uniE2C5	U+E2C5	58053	nerd	D2CodingLigature Nerd Font Propo
	uniE2C6	U+E2C6	58054	nerd	D2CodingLigature Nerd Font Propo
	uniE2C7	U+E2C7	58055	nerd	D2CodingLigature Nerd Font Propo
	uniE2C8	U+E2C8	58056	nerd	D2CodingLigature Nerd Font Propo
	uniE2C9	U+E2C9	58057	nerd	D2CodingLigature Nerd Font Propo
	uniE2CA	U+E2CA	58058	nerd	D2CodingLigature Nerd Font Propo
	uniE2CB	U+E2CB	58059	nerd	D2CodingLigature Nerd Font Propo
	uniE2CC	U+E2CC	58060	nerd	D2CodingLigature Nerd Font Propo
	uniE2CD	U+E2CD	58061	nerd	D2CodingLigature Nerd Font Propo
	uniE2CE	U+E2CE	58062	nerd	D2CodingLigature Nerd Font Propo
	uniE2CF	U+E2CF	58063	nerd	D2CodingLigature Nerd Font Propo
	uniE2D0	U+E2D0	58064	nerd	D2CodingLigature Nerd Font Propo
	uniE2D1	U+E2D1	58065	nerd	D2CodingLigature Nerd Font Propo
	uniE2D2	U+E2D2	58066	nerd	D2CodingLigature Nerd Font Propo
	uniE2D3	U+E2D3	58067	nerd	D2CodingLigature Nerd Font Propo
	uniE2D4	U+E2D4	58068	nerd	D2CodingLigature Nerd Font Propo
	uniE2D5	U+E2D5	58069	nerd	D2CodingLigature Nerd Font Propo
	uniE2D6	U+E2D6	58070	nerd	D2CodingLigature Nerd Font Propo
	uniE2D7	U+E2D7	58071	nerd	D2CodingLigature Nerd Font Propo
	uniE2D8	U+E2D8	58072	nerd	D2CodingLigature Nerd Font Propo
	uniE2D9	U+E2D9	58073	nerd	D2CodingLigature Nerd Font Propo
	uniE2DA	U+E2DA	58074	nerd	D2CodingLigature Nerd Font Propo
	uniE2DB	U+E2DB	58075	nerd	D2CodingLigature Nerd Font Propo
	uniE2DC	U+E2DC	58076	nerd	D2CodingLigature Nerd Font Propo
	uniE2DD	U+E2DD	58077	nerd	D2CodingLigature Nerd Font Propo
	uniE2DE	U+E2DE	58078	nerd	D2CodingLigature Nerd Font Propo
	uniE2DF	U+E2DF	58079	nerd	D2CodingLigature Nerd Font Propo
	uniE2E0	U+E2E0	58080	nerd	D2CodingLigature Nerd Font Propo
	uniE2E1	U+E2E1	58081	nerd	D2CodingLigature Nerd Font Propo
	uniE2E2	U+E2E2	58082	nerd	D2CodingLigature Nerd Font Propo
	uniE2E3	U+E2E3	58083	nerd	D2CodingLigature Nerd Font Propo
	uniE2E4	U+E2E4	58084	nerd	D2CodingLigature Nerd Font Propo
	uniE2E5	U+E2E5	58085	nerd	D2CodingLigature Nerd Font Propo
	uniE2E6	U+E2E6	58086	nerd	D2CodingLigature Nerd Font Propo
	uniE2E7	U+E2E7	58087	nerd	D2CodingLigature Nerd Font Propo
	uniE2E8	U+E2E8	58088	nerd	D2CodingLigature Nerd Font Propo
	uniE2E9	U+E2E9	58089	nerd	D2CodingLigature Nerd Font Propo
	uniE2EA	U+E2EA	58090	nerd	D2CodingLigature Nerd Font Propo
	uniE2EB	U+E2EB	58091	nerd	D2CodingLigature Nerd Font Propo
	uniE2EC	U+E2EC	58092	nerd	D2CodingLigature Nerd Font Propo
	uniE2ED	U+E2ED	58093	nerd	D2CodingLigature Nerd Font Propo
	uniE2EE	U+E2EE	58094	nerd	D2CodingLigature Nerd Font Propo
	uniE2EF	U+E2EF	58095	nerd	D2CodingLigature Nerd Font Propo
	uniE2F0	U+E2F0	58096	nerd	D2CodingLigature Nerd Font Propo
	uniE2F1	U+E2F1	58097	nerd	D2CodingLigature Nerd Font Propo
	uniE2F2	U+E2F2	58098	nerd	D2CodingLigature Nerd Font Propo
	uniE2F3	U+E2F3	58099	nerd	D2CodingLigature Nerd Font Propo
	uniE2F4	U+E2F4	58100	nerd	D2CodingLigature Nerd Font Propo
	uniE2F5	U+E2F5	58101	nerd	D2CodingLigature Nerd Font Propo
	uniE2F6	U+E2F6	58102	nerd	D2CodingLigature Nerd Font Propo
	uniE2F7	U+E2F7	58103	nerd	D2CodingLigature Nerd Font Propo
	uniE2F8	U+E2F8	58104	nerd	D2CodingLigature Nerd Font Propo
	uniE2F9	U+E2F9	58105	nerd	D2CodingLigature Nerd Font Propo
	uniE2FA	U+E2FA	58106	nerd	D2CodingLigature Nerd Font Propo
	uniE2FB	U+E2FB	58107	nerd	D2CodingLigature Nerd Font Propo
	uniE2FC	U+E2FC	58108	nerd	D2CodingLigature Nerd Font Propo
	uniE2FD	U+E2FD	58109	nerd	D2CodingLigature Nerd Font Propo
	uniE2FE	U+E2FE	58110	nerd	D2CodingLigature Nerd Font Propo
	uniE2FF	U+E2FF	58111	nerd	D2CodingLigature Nerd Font Propo
	uniE3E4	U+E3E4	58340	nerd	D2CodingLigature Nerd Font Propo
	uniE3E5	U+E3E5	58341	nerd	D2CodingLigature Nerd Font Propo
	uniE3E6	U+E3E6	58342	nerd	D2CodingLigature Nerd Font Propo
	uniE3E7	U+E3E7	58343	nerd	D2CodingLigature Nerd Font Propo
	uniE3E8	U+E3E8	58344	nerd	D2CodingLigature Nerd Font Propo
	uni21B6	U+E3E9	58345	nerd	D2CodingLigature Nerd Font Propo
	uni21B7	U+E3EA	58346	nerd	D2CodingLigature Nerd Font Propo
	uni219D	U+E3EB	58347	nerd	D2CodingLigature Nerd Font Propo
	uni219C	U+E3EC	58348	nerd	D2CodingLigature Nerd Font Propo
	uniE3ED	U+E3ED	58349	nerd	D2CodingLigature Nerd Font Propo
	uniE3EE	U+E3EE	58350	nerd	D2CodingLigature Nerd Font Propo
	uniE3EF	U+E3EF	58351	nerd	D2CodingLigature Nerd Font Propo
	uniE3F0	U+E3F0	58352	nerd	D2CodingLigature Nerd Font Propo
	uniE3F1	U+E3F1	58353	nerd	D2CodingLigature Nerd Font Propo
	uniE3F2	U+E3F2	58354	nerd	D2CodingLigature Nerd Font Propo
	uniE3F3	U+E3F3	58355	nerd	D2CodingLigature Nerd Font Propo
	uniE3F4	U+E3F4	58356	nerd	D2CodingLigature Nerd Font Propo
	uniE3F5	U+E3F5	58357	nerd	D2CodingLigature Nerd Font Propo
	uniE3F6	U+E3F6	58358	nerd	D2CodingLigature Nerd Font Propo
	uniE3F7	U+E3F7	58359	nerd	D2CodingLigature Nerd Font Propo
	uniE3F8	U+E3F8	58360	nerd	D2CodingLigature Nerd Font Propo
	uniE3F9	U+E3F9	58361	nerd	D2CodingLigature Nerd Font Propo
	uniE3FA	U+E3FA	58362	nerd	D2CodingLigature Nerd Font Propo
	uniE3FB	U+E3FB	58363	nerd	D2CodingLigature Nerd Font Propo
	uniE3FC	U+E3FC	58364	nerd	D2CodingLigature Nerd Font Propo
	uniE3FD	U+E3FD	58365	nerd	D2CodingLigature Nerd Font Propo
	uniE3FE	U+E3FE	58366	nerd	D2CodingLigature Nerd Font Propo
	uniE3FF	U+E3FF	58367	nerd	D2CodingLigature Nerd Font Propo
	uniE400	U+E400	58368	nerd	D2CodingLigature Nerd Font Propo
	uniE401	U+E401	58369	nerd	D2CodingLigature Nerd Font Propo
	uniE402	U+E402	58370	nerd	D2CodingLigature Nerd Font Propo
	uniE403	U+E403	58371	nerd	D2CodingLigature Nerd Font Propo
	uniE404	U+E404	58372	nerd	D2CodingLigature Nerd Font Propo
	uniE405	U+E405	58373	nerd	D2CodingLigature Nerd Font Propo
	uniE406	U+E406	58374	nerd	D2CodingLigature Nerd Font Propo
	uniE407	U+E407	58375	nerd	D2CodingLigature Nerd Font Propo
	uniE408	U+E408	58376	nerd	D2CodingLigature Nerd Font Propo
	uniE409	U+E409	58377	nerd	D2CodingLigature Nerd Font Propo
	uniE40A	U+E40A	58378	nerd	D2CodingLigature Nerd Font Propo
	uniE40B	U+E40B	58379	nerd	D2CodingLigature Nerd Font Propo
	uniE40C	U+E40C	58380	nerd	D2CodingLigature Nerd Font Propo
	uniE40D	U+E40D	58381	nerd	D2CodingLigature Nerd Font Propo
	uniE40E	U+E40E	58382	nerd	D2CodingLigature Nerd Font Propo
	uniE40F	U+E40F	58383	nerd	D2CodingLigature Nerd Font Propo
	uniE410	U+E410	58384	nerd	D2CodingLigature Nerd Font Propo
	uniE411	U+E411	58385	nerd	D2CodingLigature Nerd Font Propo
	uniE412	U+E412	58386	nerd	D2CodingLigature Nerd Font Propo
	uniE413	U+E413	58387	nerd	D2CodingLigature Nerd Font Propo
	uniE414	U+E414	58388	nerd	D2CodingLigature Nerd Font Propo
	uniE415	U+E415	58389	nerd	D2CodingLigature Nerd Font Propo
	uniE416	U+E416	58390	nerd	D2CodingLigature Nerd Font Propo
	uniE417	U+E417	58391	nerd	D2CodingLigature Nerd Font Propo
	uniE418	U+E418	58392	nerd	D2CodingLigature Nerd Font Propo
	uniE419	U+E419	58393	nerd	D2CodingLigature Nerd Font Propo
	uniE41A	U+E41A	58394	nerd	D2CodingLigature Nerd Font Propo
	uniE41B	U+E41B	58395	nerd	D2CodingLigature Nerd Font Propo
	uniE41C	U+E41C	58396	nerd	D2CodingLigature Nerd Font Propo
	uniE41D	U+E41D	58397	nerd	D2CodingLigature Nerd Font Propo
	uniE41E	U+E41E	58398	nerd	D2CodingLigature Nerd Font Propo
	uniE41F	U+E41F	58399	nerd	D2CodingLigature Nerd Font Propo
	uniE420	U+E420	58400	nerd	D2CodingLigature Nerd Font Propo
	uniE421	U+E421	58401	nerd	D2CodingLigature Nerd Font Propo
	uniE422	U+E422	58402	nerd	D2CodingLigature Nerd Font Propo
	uniE423	U+E423	58403	nerd	D2CodingLigature Nerd Font Propo
	uniE424	U+E424	58404	nerd	D2CodingLigature Nerd Font Propo
	uniE425	U+E425	58405	nerd	D2CodingLigature Nerd Font Propo
	uniE426	U+E426	58406	nerd	D2CodingLigature Nerd Font Propo
	uniE427	U+E427	58407	nerd	D2CodingLigature Nerd Font Propo
	uniE428	U+E428	58408	nerd	D2CodingLigature Nerd Font Propo
	uniE429	U+E429	58409	nerd	D2CodingLigature Nerd Font Propo
	uniE42A	U+E42A	58410	nerd	D2CodingLigature Nerd Font Propo
	uniE42B	U+E42B	58411	nerd	D2CodingLigature Nerd Font Propo
	uniE42C	U+E42C	58412	nerd	D2CodingLigature Nerd Font Propo
	uniE42D	U+E42D	58413	nerd	D2CodingLigature Nerd Font Propo
	uniE42E	U+E42E	58414	nerd	D2CodingLigature Nerd Font Propo
	uniE42F	U+E42F	58415	nerd	D2CodingLigature Nerd Font Propo
	uniE430	U+E430	58416	nerd	D2CodingLigature Nerd Font Propo
	uniE431	U+E431	58417	nerd	D2CodingLigature Nerd Font Propo
	uniE432	U+E432	58418	nerd	D2CodingLigature Nerd Font Propo
	uniE433	U+E433	58419	nerd	D2CodingLigature Nerd Font Propo
	uniE434	U+E434	58420	nerd	D2CodingLigature Nerd Font Propo
	uniE435	U+E435	58421	nerd	D2CodingLigature Nerd Font Propo
	uniE436	U+E436	58422	nerd	D2CodingLigature Nerd Font Propo
	uniE437	U+E437	58423	nerd	D2CodingLigature Nerd Font Propo
	uniE438	U+E438	58424	nerd	D2CodingLigature Nerd Font Propo
	uniE439	U+E439	58425	nerd	D2CodingLigature Nerd Font Propo
	uniE43A	U+E43A	58426	nerd	D2CodingLigature Nerd Font Propo
	uniE43B	U+E43B	58427	nerd	D2CodingLigature Nerd Font Propo
	uniE43C	U+E43C	58428	nerd	D2CodingLigature Nerd Font Propo
	uniE43D	U+E43D	58429	nerd	D2CodingLigature Nerd Font Propo
	uniE43E	U+E43E	58430	nerd	D2CodingLigature Nerd Font Propo
	uniE43F	U+E43F	58431	nerd	D2CodingLigature Nerd Font Propo
	uniE440	U+E440	58432	nerd	D2CodingLigature Nerd Font Propo
	uniE441	U+E441	58433	nerd	D2CodingLigature Nerd Font Propo
	uniE442	U+E442	58434	nerd	D2CodingLigature Nerd Font Propo
	uniE443	U+E443	58435	nerd	D2CodingLigature Nerd Font Propo
	uniE444	U+E444	58436	nerd	D2CodingLigature Nerd Font Propo
	uniE445	U+E445	58437	nerd	D2CodingLigature Nerd Font Propo
	uniE446	U+E446	58438	nerd	D2CodingLigature Nerd Font Propo
	uniE447	U+E447	58439	nerd	D2CodingLigature Nerd Font Propo
	uniE448	U+E448	58440	nerd	D2CodingLigature Nerd Font Propo
	uniE449	U+E449	58441	nerd	D2CodingLigature Nerd Font Propo
	uniE44A	U+E44A	58442	nerd	D2CodingLigature Nerd Font Propo
	uniE44B	U+E44B	58443	nerd	D2CodingLigature Nerd Font Propo
	uniE44C	U+E44C	58444	nerd	D2CodingLigature Nerd Font Propo
	uniE44D	U+E44D	58445	nerd	D2CodingLigature Nerd Font Propo
	uniE44E	U+E44E	58446	nerd	D2CodingLigature Nerd Font Propo
	uniE44F	U+E44F	58447	nerd	D2CodingLigature Nerd Font Propo
	uniE450	U+E450	58448	nerd	D2CodingLigature Nerd Font Propo
	uniE451	U+E451	58449	nerd	D2CodingLigature Nerd Font Propo
	uniE452	U+E452	58450	nerd	D2CodingLigature Nerd Font Propo
	uniE453	U+E453	58451	nerd	D2CodingLigature Nerd Font Propo
	uniE454	U+E454	58452	nerd	D2CodingLigature Nerd Font Propo
	uniE455	U+E455	58453	nerd	D2CodingLigature Nerd Font Propo
	uniE456	U+E456	58454	nerd	D2CodingLigature Nerd Font Propo
	uniE457	U+E457	58455	nerd	D2CodingLigature Nerd Font Propo
	uniE458	U+E458	58456	nerd	D2CodingLigature Nerd Font Propo
	uniE459	U+E459	58457	nerd	D2CodingLigature Nerd Font Propo
	uniE45A	U+E45A	58458	nerd	D2CodingLigature Nerd Font Propo
	uniE45B	U+E45B	58459	nerd	D2CodingLigature Nerd Font Propo
	uniE45C	U+E45C	58460	nerd	D2CodingLigature Nerd Font Propo
	uniE45D	U+E45D	58461	nerd	D2CodingLigature Nerd Font Propo
	uniE45E	U+E45E	58462	nerd	D2CodingLigature Nerd Font Propo
	uniE45F	U+E45F	58463	nerd	D2CodingLigature Nerd Font Propo
	uniE460	U+E460	58464	nerd	D2CodingLigature Nerd Font Propo
	uniE461	U+E461	58465	nerd	D2CodingLigature Nerd Font Propo
	uniE462	U+E462	58466	nerd	D2CodingLigature Nerd Font Propo
	uniE463	U+E463	58467	nerd	D2CodingLigature Nerd Font Propo
	uniE464	U+E464	58468	nerd	D2CodingLigature Nerd Font Propo
	uniE465	U+E465	58469	nerd	D2CodingLigature Nerd Font Propo
	uniE466	U+E466	58470	nerd	D2CodingLigature Nerd Font Propo
	uniE467	U+E467	58471	nerd	D2CodingLigature Nerd Font Propo
	uniE468	U+E468	58472	nerd	D2CodingLigature Nerd Font Propo
	uniE469	U+E469	58473	nerd	D2CodingLigature Nerd Font Propo
	uniE46A	U+E46A	58474	nerd	D2CodingLigature Nerd Font Propo
	uniE46B	U+E46B	58475	nerd	D2CodingLigature Nerd Font Propo
	uniE46C	U+E46C	58476	nerd	D2CodingLigature Nerd Font Propo
	uniE46D	U+E46D	58477	nerd	D2CodingLigature Nerd Font Propo
	uniE46E	U+E46E	58478	nerd	D2CodingLigature Nerd Font Propo
	uniE46F	U+E46F	58479	nerd	D2CodingLigature Nerd Font Propo
	uniE470	U+E470	58480	nerd	D2CodingLigature Nerd Font Propo
	uniE471	U+E471	58481	nerd	D2CodingLigature Nerd Font Propo
	uniE472	U+E472	58482	nerd	D2CodingLigature Nerd Font Propo
	uniE473	U+E473	58483	nerd	D2CodingLigature Nerd Font Propo
	uniE474	U+E474	58484	nerd	D2CodingLigature Nerd Font Propo
	uniE475	U+E475	58485	nerd	D2CodingLigature Nerd Font Propo
	uni301E	U+E476	58486	nerd	D2CodingLigature Nerd Font Propo
	uni301F	U+E477	58487	nerd	D2CodingLigature Nerd Font Propo
	uni2036	U+E478	58488	nerd	D2CodingLigature Nerd Font Propo
	uniE479	U+E479	58489	nerd	D2CodingLigature Nerd Font Propo
	uni2035	U+E47A	58490	nerd	D2CodingLigature Nerd Font Propo
	uniE47B	U+E47B	58491	nerd	D2CodingLigature Nerd Font Propo
	uniE47C	U+E47C	58492	nerd	D2CodingLigature Nerd Font Propo
	uniE47D	U+E47D	58493	nerd	D2CodingLigature Nerd Font Propo
	uniE0E5	U+F840	63552	fa	D2CodingLigature Nerd Font Propo
	uniE2DC	U+F841	63553	fa	D2CodingLigature Nerd Font Propo
	uniE3ED	U+F842	63554	fa	D2CodingLigature Nerd Font Propo
	uniE3F8	U+F845	63557	fa	D2CodingLigature Nerd Font Propo
	uniE2BB	U+F846	63558	fa	D2CodingLigature Nerd Font Propo
	uniE2BC	U+F847	63559	fa	D2CodingLigature Nerd Font Propo
	uniE2E5	U+F848	63560	fa	D2CodingLigature Nerd Font Propo
	uniE2E4	U+F849	63561	fa	D2CodingLigature Nerd Font Propo
	uniE3E4	U+F84A	63562	fa	D2CodingLigature Nerd Font Propo
	uniF6C3	U+F6C3	63171	fa	Overpass Nerd Font
	k.noloop	U+E008	57352	nerd	FantasqueSansM Nerd Font Mono
	kcommaaccent.noloop	U+E009	57353	nerd	FantasqueSansM Nerd Font Mono
	colon_colon.liga	U+E035	57397	nerd	FantasqueSansM Nerd Font Mono
	less_less.liga	U+E036	57398	nerd	FantasqueSansM Nerd Font Mono
	greater_greater.liga	U+E037	57399	nerd	FantasqueSansM Nerd Font Mono
	ampersand_ampersand.liga	U+E038	57400	nerd	FantasqueSansM Nerd Font Mono
	bar_bar.liga	U+E039	57401	nerd	FantasqueSansM Nerd Font Mono
	slash_slash.liga	U+E03C	57404	nerd	FantasqueSansM Nerd Font Mono
	asterisk_slash.liga	U+E03D	57405	nerd	FantasqueSansM Nerd Font Mono
	slash_asterisk.liga	U+E03E	57406	nerd	FantasqueSansM Nerd Font Mono
	slash_asterisk_asterisk_slash.liga	U+E03F	57407	nerd	FantasqueSansM Nerd Font Mono
	bar_bar_bar_greater.liga	U+E100	57600	nerd	FantasqueSansM Nerd Font Mono
	bar_bar_greater.liga	U+E101	57601	nerd	FantasqueSansM Nerd Font Mono
	bar_greater.liga	U+E102	57602	nerd	FantasqueSansM Nerd Font Mono
	equal_equal.liga	U+E103	57603	nerd	FantasqueSansM Nerd Font Mono
	equal_equal_equal.liga	U+E104	57604	nerd	FantasqueSansM Nerd Font Mono
	equal_equal_greater.liga	U+E105	57605	nerd	FantasqueSansM Nerd Font Mono
	equal_greater.liga	U+E106	57606	nerd	FantasqueSansM Nerd Font Mono
	equal_greater_greater.liga	U+E107	57607	nerd	FantasqueSansM Nerd Font Mono
	equal_less_less.liga	U+E108	57608	nerd	FantasqueSansM Nerd Font Mono
	equal_slash_equal.liga	U+E109	57609	nerd	FantasqueSansM Nerd Font Mono
	exclam_equal.liga	U+E10A	57610	nerd	FantasqueSansM Nerd Font Mono
	exclam_equal_equal.liga	U+E10B	57611	nerd	FantasqueSansM Nerd Font Mono
	greater_equal.liga	U+E10C	57612	nerd	FantasqueSansM Nerd Font Mono
	greater_equal_greater.liga	U+E10D	57613	nerd	FantasqueSansM Nerd Font Mono
	greater_greater_equal.liga	U+E10E	57614	nerd	FantasqueSansM Nerd Font Mono
	greater_greater_hyphen.liga	U+E10F	57615	nerd	FantasqueSansM Nerd Font Mono
	greater_hyphen.liga	U+E110	57616	nerd	FantasqueSansM Nerd Font Mono
	greater_hyphen_greater.liga	U+E111	57617	nerd	FantasqueSansM Nerd Font Mono
	hyphen_greater.liga	U+E112	57618	nerd	FantasqueSansM Nerd Font Mono
	hyphen_greater_greater.liga	U+E113	57619	nerd	FantasqueSansM Nerd Font Mono
	hyphen_hyphen_greater.liga	U+E114	57620	nerd	FantasqueSansM Nerd Font Mono
	hyphen_less.liga	U+E115	57621	nerd	FantasqueSansM Nerd Font Mono
	hyphen_less_less.liga	U+E116	57622	nerd	FantasqueSansM Nerd Font Mono
	less_bar.liga	U+E117	57623	nerd	FantasqueSansM Nerd Font Mono
	less_bar_bar.liga	U+E118	57624	nerd	FantasqueSansM Nerd Font Mono
	less_bar_bar_bar.liga	U+E119	57625	nerd	FantasqueSansM Nerd Font Mono
	less_bar_greater.liga	U+E11A	57626	nerd	FantasqueSansM Nerd Font Mono
	less_equal.liga	U+E11B	57627	nerd	FantasqueSansM Nerd Font Mono
	less_equal_equal.liga	U+E11C	57628	nerd	FantasqueSansM Nerd Font Mono
	less_equal_greater.liga	U+E11D	57629	nerd	FantasqueSansM Nerd Font Mono
	less_equal_less.liga	U+E11E	57630	nerd	FantasqueSansM Nerd Font Mono
	less_exclam_hyphen_hyphen.liga	U+E11F	57631	nerd	FantasqueSansM Nerd Font Mono
	less_greater.liga	U+E120	57632	nerd	FantasqueSansM Nerd Font Mono
	less_hyphen.liga	U+E121	57633	nerd	FantasqueSansM Nerd Font Mono
	less_hyphen_greater.liga	U+E122	57634	nerd	FantasqueSansM Nerd Font Mono
	less_hyphen_hyphen.liga	U+E123	57635	nerd	FantasqueSansM Nerd Font Mono
	less_hyphen_less.liga	U+E124	57636	nerd	FantasqueSansM Nerd Font Mono
	less_less_equal.liga	U+E125	57637	nerd	FantasqueSansM Nerd Font Mono
	less_less_hyphen.liga	U+E126	57638	nerd	FantasqueSansM Nerd Font Mono
	less_tilde.liga	U+E127	57639	nerd	FantasqueSansM Nerd Font Mono
	less_tilde_greater.liga	U+E128	57640	nerd	FantasqueSansM Nerd Font Mono
	less_tilde_tilde.liga	U+E129	57641	nerd	FantasqueSansM Nerd Font Mono
	tilde_greater.liga	U+E12A	57642	nerd	FantasqueSansM Nerd Font Mono
	tilde_tilde.liga	U+E12B	57643	nerd	FantasqueSansM Nerd Font Mono
	tilde_tilde_greater.liga	U+E12C	57644	nerd	FantasqueSansM Nerd Font Mono
	slash_asterisk.liga	U+E03D	57405	nerd	FantasqueSansM Nerd Font Propo
	asterisk_slash.liga	U+E03E	57406	nerd	FantasqueSansM Nerd Font Propo
	uniE0E4	U+E0E4	57572	nerd	FantasqueSansM Nerd Font Propo
	k.noloop	U+E005	57349	nerd	FantasqueSansM Nerd Font Mono
	kcommaaccent.noloop	U+E006	57350	nerd	FantasqueSansM Nerd Font Mono
	uniEFFD	U+EFFD	61437	nerd	Ubuntu Nerd Font
	zero.alt	U+F800	63488	fa	Ubuntu Nerd Font
	one.alt	U+F801	63489	fa	Ubuntu Nerd Font
	two.alt	U+F802	63490	fa	Ubuntu Nerd Font
	three.alt	U+F803	63491	fa	Ubuntu Nerd Font
	four.alt	U+F804	63492	fa	Ubuntu Nerd Font
	five.alt	U+F805	63493	fa	Ubuntu Nerd Font
	six.alt	U+F806	63494	fa	Ubuntu Nerd Font
	seven.alt	U+F807	63495	fa	Ubuntu Nerd Font
	eight.alt	U+F808	63496	fa	Ubuntu Nerd Font
	nine.alt	U+F809	63497	fa	Ubuntu Nerd Font
	zero.sups	U+F80A	63498	fa	Ubuntu Nerd Font
	one.sups	U+F80B	63499	fa	Ubuntu Nerd Font
	two.sups	U+F80C	63500	fa	Ubuntu Nerd Font
	three.sups	U+F80D	63501	fa	Ubuntu Nerd Font
	four.sups	U+F80E	63502	fa	Ubuntu Nerd Font
	five.sups	U+F80F	63503	fa	Ubuntu Nerd Font
	six.sups	U+F810	63504	fa	Ubuntu Nerd Font
	seven.sups	U+F811	63505	fa	Ubuntu Nerd Font
	eight.sups	U+F812	63506	fa	Ubuntu Nerd Font
	nine.sups	U+F813	63507	fa	Ubuntu Nerd Font
	zero.sinf	U+F814	63508	fa	Ubuntu Nerd Font
	one.sinf	U+F815	63509	fa	Ubuntu Nerd Font
	two.sinf	U+F816	63510	fa	Ubuntu Nerd Font
	three.sinf	U+F817	63511	fa	Ubuntu Nerd Font
	four.sinf	U+F818	63512	fa	Ubuntu Nerd Font
	five.sinf	U+F819	63513	fa	Ubuntu Nerd Font
	six.sinf	U+F81A	63514	fa	Ubuntu Nerd Font
	seven.sinf	U+F81B	63515	fa	Ubuntu Nerd Font
	eight.sinf	U+F81C	63516	fa	Ubuntu Nerd Font
	nine.sinf	U+F81D	63517	fa	Ubuntu Nerd Font
	uniF8FF	U+F8FF	63743	fa	RecMonoSmCasual Nerd Font
	asuperior	U+F6E9	63209	fa	OverpassM Nerd Font
	bsuperior	U+F6EA	63210	fa	OverpassM Nerd Font
	dsuperior	U+F6EB	63211	fa	OverpassM Nerd Font
	esuperior	U+F6EC	63212	fa	OverpassM Nerd Font
	msuperior	U+F6EF	63215	fa	OverpassM Nerd Font
	osuperior	U+F6F0	63216	fa	OverpassM Nerd Font
	rsuperior	U+F6F1	63217	fa	OverpassM Nerd Font
	tsuperior	U+F6F3	63219	fa	OverpassM Nerd Font
	uniF004	U+F004	61444	fa	LiterationSerif Nerd Font Propo
	gopher	U+F800	63488	fa	GoMono Nerd Font Mono
	faucet	U+E005	57349	nerd	Font Awesome 7 Free
	faucet-drip	U+E006	57350	nerd	Font Awesome 7 Free
	house-chimney-window	U+E00D	57357	nerd	Font Awesome 7 Free
	house-signal	U+E012	57362	nerd	Font Awesome 7 Free
	temperature-arrow-down	U+E03F	57407	nerd	Font Awesome 7 Free
	temperature-arrow-up	U+E040	57408	nerd	Font Awesome 7 Free
	trailer	U+E041	57409	nerd	Font Awesome 7 Free
	bacteria	U+E059	57433	nerd	Font Awesome 7 Free
	bacterium	U+E05A	57434	nerd	Font Awesome 7 Free
	box-tissue	U+E05B	57435	nerd	Font Awesome 7 Free
	hand-holding-medical	U+E05C	57436	nerd	Font Awesome 7 Free
	hand-sparkles	U+E05D	57437	nerd	Font Awesome 7 Free
	hands-bubbles	U+E05E	57438	nerd	Font Awesome 7 Free
	handshake-slash	U+E05F	57439	nerd	Font Awesome 7 Free
	handshake-slash	U+E060	57440	nerd	Font Awesome 7 Free
	head-side-cough	U+E061	57441	nerd	Font Awesome 7 Free
	head-side-cough-slash	U+E062	57442	nerd	Font Awesome 7 Free
	head-side-mask	U+E063	57443	nerd	Font Awesome 7 Free
	head-side-virus	U+E064	57444	nerd	Font Awesome 7 Free
	house-chimney-user	U+E065	57445	nerd	Font Awesome 7 Free
	house-laptop	U+E066	57446	nerd	Font Awesome 7 Free
	lungs-virus	U+E067	57447	nerd	Font Awesome 7 Free
	people-arrows	U+E068	57448	nerd	Font Awesome 7 Free
	plane-slash	U+E069	57449	nerd	Font Awesome 7 Free
	pump-medical	U+E06A	57450	nerd	Font Awesome 7 Free
	pump-soap	U+E06B	57451	nerd	Font Awesome 7 Free
	shield-virus	U+E06C	57452	nerd	Font Awesome 7 Free
	sink	U+E06D	57453	nerd	Font Awesome 7 Free
	soap	U+E06E	57454	nerd	Font Awesome 7 Free
	stopwatch-20	U+E06F	57455	nerd	Font Awesome 7 Free
	shop-slash	U+E070	57456	nerd	Font Awesome 7 Free
	store-slash	U+E071	57457	nerd	Font Awesome 7 Free
	toilet-paper-slash	U+E072	57458	nerd	Font Awesome 7 Free
	users-slash	U+E073	57459	nerd	Font Awesome 7 Free
	virus	U+E074	57460	nerd	Font Awesome 7 Free
	virus-slash	U+E075	57461	nerd	Font Awesome 7 Free
	viruses	U+E076	57462	nerd	Font Awesome 7 Free
	vest	U+E085	57477	nerd	Font Awesome 7 Free
	vest-patches	U+E086	57478	nerd	Font Awesome 7 Free
	arrow-trend-down	U+E097	57495	nerd	Font Awesome 7 Free
	arrow-trend-up	U+E098	57496	nerd	Font Awesome 7 Free
	arrow-up-from-bracket	U+E09A	57498	nerd	Font Awesome 7 Free
	austral-sign	U+E0A9	57513	nerd	Font Awesome 7 Free
	baht-sign	U+E0AC	57516	nerd	Font Awesome 7 Free
	bitcoin-sign	U+E0B4	57524	nerd	Font Awesome 7 Free
	bolt-lightning	U+E0B7	57527	nerd	Font Awesome 7 Free
	book-bookmark	U+E0BB	57531	nerd	Font Awesome 7 Free
	cable-car	U+E0CF	57551	nerd	Font Awesome 7 Free
	camera-rotate	U+E0D8	57560	nerd	Font Awesome 7 Free
	cedi-sign	U+E0DF	57567	nerd	Font Awesome 7 Free
	chart-column	U+E0E3	57571	nerd	Font Awesome 7 Free
	chart-gantt	U+E0E4	57572	nerd	Font Awesome 7 Free
	clapperboard	U+E131	57649	nerd	Font Awesome 7 Free
	closed-captioning-slash	U+E135	57653	nerd	Font Awesome 7 Free
	clover	U+E139	57657	nerd	Font Awesome 7 Free
	code-compare	U+E13A	57658	nerd	Font Awesome 7 Free
	code-fork	U+E13B	57659	nerd	Font Awesome 7 Free
	code-pull-request	U+E13C	57660	nerd	Font Awesome 7 Free
	colon-sign	U+E140	57664	nerd	Font Awesome 7 Free
	cruzeiro-sign	U+E152	57682	nerd	Font Awesome 7 Free
	display	U+E163	57699	nerd	Font Awesome 7 Free
	dong-sign	U+E169	57705	nerd	Font Awesome 7 Free
	elevator	U+E16D	57709	nerd	Font Awesome 7 Free
	filter-circle-xmark	U+E17B	57723	nerd	Font Awesome 7 Free
	florin-sign	U+E184	57732	nerd	Font Awesome 7 Free
	folder-closed	U+E185	57733	nerd	Font Awesome 7 Free
	franc-sign	U+E18F	57743	nerd	Font Awesome 7 Free
	guarani-sign	U+E19A	57754	nerd	Font Awesome 7 Free
	gun	U+E19B	57755	nerd	Font Awesome 7 Free
	hands-clapping	U+E1A8	57768	nerd	Font Awesome 7 Free
	house-user	U+E1B0	57776	nerd	Font Awesome 7 Free
	indian-rupee-sign	U+E1BC	57788	nerd	Font Awesome 7 Free
	kip-sign	U+E1C4	57796	nerd	Font Awesome 7 Free
	lari-sign	U+E1C8	57800	nerd	Font Awesome 7 Free
	litecoin-sign	U+E1D3	57811	nerd	Font Awesome 7 Free
	manat-sign	U+E1D5	57813	nerd	Font Awesome 7 Free
	mask-face	U+E1D7	57815	nerd	Font Awesome 7 Free
	mill-sign	U+E1ED	57837	nerd	Font Awesome 7 Free
	money-bills	U+E1F3	57843	nerd	Font Awesome 7 Free
	naira-sign	U+E1F6	57846	nerd	Font Awesome 7 Free
	notdef	U+E1FE	57854	nerd	Font Awesome 7 Free
	panorama	U+E209	57865	nerd	Font Awesome 7 Free
	peseta-sign	U+E221	57889	nerd	Font Awesome 7 Free
	peso-sign	U+E222	57890	nerd	Font Awesome 7 Free
	plane-up	U+E22D	57901	nerd	Font Awesome 7 Free
	rupiah-sign	U+E23D	57917	nerd	Font Awesome 7 Free
	stairs	U+E289	57993	nerd	Font Awesome 7 Free
	timeline	U+E29C	58012	nerd	Font Awesome 7 Free
	truck-front	U+E2B7	58039	nerd	Font Awesome 7 Free
	turkish-lira-sign	U+E2BB	58043	nerd	Font Awesome 7 Free
	vault	U+E2C5	58053	nerd	Font Awesome 7 Free
	draw-polygon	U+E2C7	58055	nerd	Font Awesome 7 Free
	wand-magic-sparkles	U+E2CA	58058	nerd	Font Awesome 7 Free
	wheat-awn	U+E2CD	58061	nerd	Font Awesome 7 Free
	wheelchair-move	U+E2CE	58062	nerd	Font Awesome 7 Free
	bangladeshi-taka-sign	U+E2E6	58086	nerd	Font Awesome 7 Free
	bowl-rice	U+E2EB	58091	nerd	Font Awesome 7 Free
	grip	U+E307	58119	nerd	Font Awesome 7 Free
	person-pregnant	U+E31E	58142	nerd	Font Awesome 7 Free
	house-chimney	U+E3AF	58287	nerd	Font Awesome 7 Free
	house-crack	U+E3B1	58289	nerd	Font Awesome 7 Free
	house-medical	U+E3B2	58290	nerd	Font Awesome 7 Free
	cent-sign	U+E3F5	58357	nerd	Font Awesome 7 Free
	plus-minus	U+E43C	58428	nerd	Font Awesome 7 Free
	sailboat	U+E445	58437	nerd	Font Awesome 7 Free
	section	U+E447	58439	nerd	Font Awesome 7 Free
	shrimp	U+E448	58440	nerd	Font Awesome 7 Free
	brazilian-real-sign	U+E46C	58476	nerd	Font Awesome 7 Free
	chart-simple	U+E473	58483	nerd	Font Awesome 7 Free
	diagram-next	U+E476	58486	nerd	Font Awesome 7 Free
	diagram-predecessor	U+E477	58487	nerd	Font Awesome 7 Free
	diagram-successor	U+E47A	58490	nerd	Font Awesome 7 Free
	earth-oceania	U+E47B	58491	nerd	Font Awesome 7 Free
	bug-slash	U+E490	58512	nerd	Font Awesome 7 Free
	file-circle-plus	U+E494	58516	nerd	Font Awesome 7 Free
	shop-lock	U+E4A5	58533	nerd	Font Awesome 7 Free
	virus-covid	U+E4A8	58536	nerd	Font Awesome 7 Free
	virus-covid-slash	U+E4A9	58537	nerd	Font Awesome 7 Free
	anchor-circle-check	U+E4AA	58538	nerd	Font Awesome 7 Free
	anchor-circle-exclamation	U+E4AB	58539	nerd	Font Awesome 7 Free
	anchor-circle-xmark	U+E4AC	58540	nerd	Font Awesome 7 Free
	anchor-lock	U+E4AD	58541	nerd	Font Awesome 7 Free
	arrow-down-up-across-line	U+E4AF	58543	nerd	Font Awesome 7 Free
	arrow-down-up-lock	U+E4B0	58544	nerd	Font Awesome 7 Free
	arrow-right-to-city	U+E4B3	58547	nerd	Font Awesome 7 Free
	arrow-up-from-ground-water	U+E4B5	58549	nerd	Font Awesome 7 Free
	arrow-up-from-water-pump	U+E4B6	58550	nerd	Font Awesome 7 Free
	arrow-up-right-dots	U+E4B7	58551	nerd	Font Awesome 7 Free
	arrows-down-to-line	U+E4B8	58552	nerd	Font Awesome 7 Free
	arrows-down-to-people	U+E4B9	58553	nerd	Font Awesome 7 Free
	arrows-left-right-to-line	U+E4BA	58554	nerd	Font Awesome 7 Free
	arrows-spin	U+E4BB	58555	nerd	Font Awesome 7 Free
	arrows-split-up-and-left	U+E4BC	58556	nerd	Font Awesome 7 Free
	arrows-to-circle	U+E4BD	58557	nerd	Font Awesome 7 Free
	arrows-to-dot	U+E4BE	58558	nerd	Font Awesome 7 Free
	arrows-to-eye	U+E4BF	58559	nerd	Font Awesome 7 Free
	arrows-turn-right	U+E4C0	58560	nerd	Font Awesome 7 Free
	arrows-turn-to-dots	U+E4C1	58561	nerd	Font Awesome 7 Free
	arrows-up-to-line	U+E4C2	58562	nerd	Font Awesome 7 Free
	bore-hole	U+E4C3	58563	nerd	Font Awesome 7 Free
	bottle-droplet	U+E4C4	58564	nerd	Font Awesome 7 Free
	bottle-water	U+E4C5	58565	nerd	Font Awesome 7 Free
	bowl-food	U+E4C6	58566	nerd	Font Awesome 7 Free
	boxes-packing	U+E4C7	58567	nerd	Font Awesome 7 Free
	bridge	U+E4C8	58568	nerd	Font Awesome 7 Free
	bridge-circle-check	U+E4C9	58569	nerd	Font Awesome 7 Free
	bridge-circle-exclamation	U+E4CA	58570	nerd	Font Awesome 7 Free
	bridge-circle-xmark	U+E4CB	58571	nerd	Font Awesome 7 Free
	bridge-lock	U+E4CC	58572	nerd	Font Awesome 7 Free
	bridge-water	U+E4CE	58574	nerd	Font Awesome 7 Free
	bucket	U+E4CF	58575	nerd	Font Awesome 7 Free
	bugs	U+E4D0	58576	nerd	Font Awesome 7 Free
	building-circle-arrow-right	U+E4D1	58577	nerd	Font Awesome 7 Free
	building-circle-check	U+E4D2	58578	nerd	Font Awesome 7 Free
	building-circle-exclamation	U+E4D3	58579	nerd	Font Awesome 7 Free
	building-circle-xmark	U+E4D4	58580	nerd	Font Awesome 7 Free
	building-flag	U+E4D5	58581	nerd	Font Awesome 7 Free
	building-lock	U+E4D6	58582	nerd	Font Awesome 7 Free
	building-ngo	U+E4D7	58583	nerd	Font Awesome 7 Free
	building-shield	U+E4D8	58584	nerd	Font Awesome 7 Free
	building-un	U+E4D9	58585	nerd	Font Awesome 7 Free
	building-user	U+E4DA	58586	nerd	Font Awesome 7 Free
	building-wheat	U+E4DB	58587	nerd	Font Awesome 7 Free
	burst	U+E4DC	58588	nerd	Font Awesome 7 Free
	car-on	U+E4DD	58589	nerd	Font Awesome 7 Free
	car-tunnel	U+E4DE	58590	nerd	Font Awesome 7 Free
	child-combatant	U+E4E0	58592	nerd	Font Awesome 7 Free
	children	U+E4E1	58593	nerd	Font Awesome 7 Free
	circle-nodes	U+E4E2	58594	nerd	Font Awesome 7 Free
	clipboard-question	U+E4E3	58595	nerd	Font Awesome 7 Free
	cloud-showers-water	U+E4E4	58596	nerd	Font Awesome 7 Free
	computer	U+E4E5	58597	nerd	Font Awesome 7 Free
	cubes-stacked	U+E4E6	58598	nerd	Font Awesome 7 Free
	envelope-circle-check	U+E4E8	58600	nerd	Font Awesome 7 Free
	explosion	U+E4E9	58601	nerd	Font Awesome 7 Free
	ferry	U+E4EA	58602	nerd	Font Awesome 7 Free
	file-circle-exclamation	U+E4EB	58603	nerd	Font Awesome 7 Free
	file-circle-minus	U+E4ED	58605	nerd	Font Awesome 7 Free
	file-circle-plus	U+E4EE	58606	nerd	Font Awesome 7 Free
	file-circle-question	U+E4EF	58607	nerd	Font Awesome 7 Free
	file-shield	U+E4F0	58608	nerd	Font Awesome 7 Free
	fire-burner	U+E4F1	58609	nerd	Font Awesome 7 Free
	fish-fins	U+E4F2	58610	nerd	Font Awesome 7 Free
	flask-vial	U+E4F3	58611	nerd	Font Awesome 7 Free
	glass-water	U+E4F4	58612	nerd	Font Awesome 7 Free
	glass-water-droplet	U+E4F5	58613	nerd	Font Awesome 7 Free
	group-arrows-rotate	U+E4F6	58614	nerd	Font Awesome 7 Free
	hand-holding-hand	U+E4F7	58615	nerd	Font Awesome 7 Free
	handcuffs	U+E4F8	58616	nerd	Font Awesome 7 Free
	hands-bound	U+E4F9	58617	nerd	Font Awesome 7 Free
	hands-holding-child	U+E4FA	58618	nerd	Font Awesome 7 Free
	hands-holding-circle	U+E4FB	58619	nerd	Font Awesome 7 Free
	heart-circle-bolt	U+E4FC	58620	nerd	Font Awesome 7 Free
	heart-circle-check	U+E4FD	58621	nerd	Font Awesome 7 Free
	heart-circle-exclamation	U+E4FE	58622	nerd	Font Awesome 7 Free
	heart-circle-minus	U+E4FF	58623	nerd	Font Awesome 7 Free
	heart-circle-plus	U+E500	58624	nerd	Font Awesome 7 Free
	heart-circle-xmark	U+E501	58625	nerd	Font Awesome 7 Free
	helicopter-symbol	U+E502	58626	nerd	Font Awesome 7 Free
	helmet-un	U+E503	58627	nerd	Font Awesome 7 Free
	hill-avalanche	U+E507	58631	nerd	Font Awesome 7 Free
	hill-rockslide	U+E508	58632	nerd	Font Awesome 7 Free
	house-circle-check	U+E509	58633	nerd	Font Awesome 7 Free
	house-circle-exclamation	U+E50A	58634	nerd	Font Awesome 7 Free
	house-circle-xmark	U+E50B	58635	nerd	Font Awesome 7 Free
	house-fire	U+E50C	58636	nerd	Font Awesome 7 Free
	house-flag	U+E50D	58637	nerd	Font Awesome 7 Free
	house-flood-water	U+E50E	58638	nerd	Font Awesome 7 Free
	house-flood-water-circle-arrow-right	U+E50F	58639	nerd	Font Awesome 7 Free
	house-lock	U+E510	58640	nerd	Font Awesome 7 Free
	house-medical-circle-check	U+E511	58641	nerd	Font Awesome 7 Free
	house-medical-circle-exclamation	U+E512	58642	nerd	Font Awesome 7 Free
	house-medical-circle-xmark	U+E513	58643	nerd	Font Awesome 7 Free
	house-medical-flag	U+E514	58644	nerd	Font Awesome 7 Free
	house-tsunami	U+E515	58645	nerd	Font Awesome 7 Free
	jar	U+E516	58646	nerd	Font Awesome 7 Free
	jar-wheat	U+E517	58647	nerd	Font Awesome 7 Free
	jet-fighter-up	U+E518	58648	nerd	Font Awesome 7 Free
	jug-detergent	U+E519	58649	nerd	Font Awesome 7 Free
	kitchen-set	U+E51A	58650	nerd	Font Awesome 7 Free
	land-mine-on	U+E51B	58651	nerd	Font Awesome 7 Free
	landmark-flag	U+E51C	58652	nerd	Font Awesome 7 Free
	laptop-file	U+E51D	58653	nerd	Font Awesome 7 Free
	lines-leaning	U+E51E	58654	nerd	Font Awesome 7 Free
	location-pin-lock	U+E51F	58655	nerd	Font Awesome 7 Free
	locust	U+E520	58656	nerd	Font Awesome 7 Free
	magnifying-glass-arrow-right	U+E521	58657	nerd	Font Awesome 7 Free
	magnifying-glass-chart	U+E522	58658	nerd	Font Awesome 7 Free
	mars-and-venus-burst	U+E523	58659	nerd	Font Awesome 7 Free
	mask-ventilator	U+E524	58660	nerd	Font Awesome 7 Free
	mattress-pillow	U+E525	58661	nerd	Font Awesome 7 Free
	mobile-retro	U+E527	58663	nerd	Font Awesome 7 Free
	money-bill-transfer	U+E528	58664	nerd	Font Awesome 7 Free
	money-bill-trend-up	U+E529	58665	nerd	Font Awesome 7 Free
	money-bill-wheat	U+E52A	58666	nerd	Font Awesome 7 Free
	mosquito	U+E52B	58667	nerd	Font Awesome 7 Free
	mosquito-net	U+E52C	58668	nerd	Font Awesome 7 Free
	mound	U+E52D	58669	nerd	Font Awesome 7 Free
	mountain-city	U+E52E	58670	nerd	Font Awesome 7 Free
	mountain-sun	U+E52F	58671	nerd	Font Awesome 7 Free
	oil-well	U+E532	58674	nerd	Font Awesome 7 Free
	people-group	U+E533	58675	nerd	Font Awesome 7 Free
	people-line	U+E534	58676	nerd	Font Awesome 7 Free
	people-pulling	U+E535	58677	nerd	Font Awesome 7 Free
	people-robbery	U+E536	58678	nerd	Font Awesome 7 Free
	people-roof	U+E537	58679	nerd	Font Awesome 7 Free
	person-arrow-down-to-line	U+E538	58680	nerd	Font Awesome 7 Free
	person-arrow-up-from-line	U+E539	58681	nerd	Font Awesome 7 Free
	person-breastfeeding	U+E53A	58682	nerd	Font Awesome 7 Free
	person-burst	U+E53B	58683	nerd	Font Awesome 7 Free
	person-cane	U+E53C	58684	nerd	Font Awesome 7 Free
	person-chalkboard	U+E53D	58685	nerd	Font Awesome 7 Free
	person-circle-check	U+E53E	58686	nerd	Font Awesome 7 Free
	person-circle-exclamation	U+E53F	58687	nerd	Font Awesome 7 Free
	person-circle-minus	U+E540	58688	nerd	Font Awesome 7 Free
	person-circle-plus	U+E541	58689	nerd	Font Awesome 7 Free
	person-circle-question	U+E542	58690	nerd	Font Awesome 7 Free
	person-circle-xmark	U+E543	58691	nerd	Font Awesome 7 Free
	person-dress-burst	U+E544	58692	nerd	Font Awesome 7 Free
	person-drowning	U+E545	58693	nerd	Font Awesome 7 Free
	person-falling	U+E546	58694	nerd	Font Awesome 7 Free
	person-falling-burst	U+E547	58695	nerd	Font Awesome 7 Free
	person-half-dress	U+E548	58696	nerd	Font Awesome 7 Free
	person-harassing	U+E549	58697	nerd	Font Awesome 7 Free
	person-military-pointing	U+E54A	58698	nerd	Font Awesome 7 Free
	person-military-rifle	U+E54B	58699	nerd	Font Awesome 7 Free
	person-military-to-person	U+E54C	58700	nerd	Font Awesome 7 Free
	person-rays	U+E54D	58701	nerd	Font Awesome 7 Free
	person-rifle	U+E54E	58702	nerd	Font Awesome 7 Free
	person-shelter	U+E54F	58703	nerd	Font Awesome 7 Free
	person-walking-arrow-loop-left	U+E551	58705	nerd	Font Awesome 7 Free
	person-walking-arrow-right	U+E552	58706	nerd	Font Awesome 7 Free
	person-walking-dashed-line-arrow-right	U+E553	58707	nerd	Font Awesome 7 Free
	person-walking-luggage	U+E554	58708	nerd	Font Awesome 7 Free
	plane-circle-check	U+E555	58709	nerd	Font Awesome 7 Free
	plane-circle-exclamation	U+E556	58710	nerd	Font Awesome 7 Free
	plane-circle-xmark	U+E557	58711	nerd	Font Awesome 7 Free
	plane-lock	U+E558	58712	nerd	Font Awesome 7 Free
	plate-wheat	U+E55A	58714	nerd	Font Awesome 7 Free
	plug-circle-bolt	U+E55B	58715	nerd	Font Awesome 7 Free
	plug-circle-check	U+E55C	58716	nerd	Font Awesome 7 Free
	plug-circle-exclamation	U+E55D	58717	nerd	Font Awesome 7 Free
	plug-circle-minus	U+E55E	58718	nerd	Font Awesome 7 Free
	plug-circle-plus	U+E55F	58719	nerd	Font Awesome 7 Free
	plug-circle-xmark	U+E560	58720	nerd	Font Awesome 7 Free
	ranking-star	U+E561	58721	nerd	Font Awesome 7 Free
	road-barrier	U+E562	58722	nerd	Font Awesome 7 Free
	road-bridge	U+E563	58723	nerd	Font Awesome 7 Free
	road-circle-check	U+E564	58724	nerd	Font Awesome 7 Free
	road-circle-exclamation	U+E565	58725	nerd	Font Awesome 7 Free
	road-circle-xmark	U+E566	58726	nerd	Font Awesome 7 Free
	road-lock	U+E567	58727	nerd	Font Awesome 7 Free
	road-spikes	U+E568	58728	nerd	Font Awesome 7 Free
	rug	U+E569	58729	nerd	Font Awesome 7 Free
	sack-xmark	U+E56A	58730	nerd	Font Awesome 7 Free
	school-circle-check	U+E56B	58731	nerd	Font Awesome 7 Free
	school-circle-exclamation	U+E56C	58732	nerd	Font Awesome 7 Free
	school-circle-xmark	U+E56D	58733	nerd	Font Awesome 7 Free
	school-flag	U+E56E	58734	nerd	Font Awesome 7 Free
	school-lock	U+E56F	58735	nerd	Font Awesome 7 Free
	sheet-plastic	U+E571	58737	nerd	Font Awesome 7 Free
	shield-cat	U+E572	58738	nerd	Font Awesome 7 Free
	shield-dog	U+E573	58739	nerd	Font Awesome 7 Free
	shield-heart	U+E574	58740	nerd	Font Awesome 7 Free
	square-nfi	U+E576	58742	nerd	Font Awesome 7 Free
	square-person-confined	U+E577	58743	nerd	Font Awesome 7 Free
	square-virus	U+E578	58744	nerd	Font Awesome 7 Free
	staff-snake	U+E579	58745	nerd	Font Awesome 7 Free
	sun-plant-wilt	U+E57A	58746	nerd	Font Awesome 7 Free
	tarp	U+E57B	58747	nerd	Font Awesome 7 Free
	tarp-droplet	U+E57C	58748	nerd	Font Awesome 7 Free
	tent	U+E57D	58749	nerd	Font Awesome 7 Free
	tent-arrow-down-to-line	U+E57E	58750	nerd	Font Awesome 7 Free
	tent-arrow-left-right	U+E57F	58751	nerd	Font Awesome 7 Free
	tent-arrow-turn-left	U+E580	58752	nerd	Font Awesome 7 Free
	tent-arrows-down	U+E581	58753	nerd	Font Awesome 7 Free
	tents	U+E582	58754	nerd	Font Awesome 7 Free
	toilet-portable	U+E583	58755	nerd	Font Awesome 7 Free
	toilets-portable	U+E584	58756	nerd	Font Awesome 7 Free
	tower-cell	U+E585	58757	nerd	Font Awesome 7 Free
	tower-observation	U+E586	58758	nerd	Font Awesome 7 Free
	tree-city	U+E587	58759	nerd	Font Awesome 7 Free
	trowel	U+E589	58761	nerd	Font Awesome 7 Free
	trowel-bricks	U+E58A	58762	nerd	Font Awesome 7 Free
	truck-arrow-right	U+E58B	58763	nerd	Font Awesome 7 Free
	truck-droplet	U+E58C	58764	nerd	Font Awesome 7 Free
	truck-field	U+E58D	58765	nerd	Font Awesome 7 Free
	truck-field-un	U+E58E	58766	nerd	Font Awesome 7 Free
	truck-plane	U+E58F	58767	nerd	Font Awesome 7 Free
	users-between-lines	U+E591	58769	nerd	Font Awesome 7 Free
	users-line	U+E592	58770	nerd	Font Awesome 7 Free
	users-rays	U+E593	58771	nerd	Font Awesome 7 Free
	users-rectangle	U+E594	58772	nerd	Font Awesome 7 Free
	users-viewfinder	U+E595	58773	nerd	Font Awesome 7 Free
	vial-circle-check	U+E596	58774	nerd	Font Awesome 7 Free
	vial-virus	U+E597	58775	nerd	Font Awesome 7 Free
	wheat-awn-circle-exclamation	U+E598	58776	nerd	Font Awesome 7 Free
	worm	U+E599	58777	nerd	Font Awesome 7 Free
	xmarks-lines	U+E59A	58778	nerd	Font Awesome 7 Free
	child-dress	U+E59C	58780	nerd	Font Awesome 7 Free
	child-reaching	U+E59D	58781	nerd	Font Awesome 7 Free
	file-circle-check	U+E5A0	58784	nerd	Font Awesome 7 Free
	file-circle-xmark	U+E5A1	58785	nerd	Font Awesome 7 Free
	person-through-window	U+E5A9	58793	nerd	Font Awesome 7 Free
	plant-wilt	U+E5AA	58794	nerd	Font Awesome 7 Free
	stapler	U+E5AF	58799	nerd	Font Awesome 7 Free
	train-tram	U+E5B4	58804	nerd	Font Awesome 7 Free
	table-cells-column-lock	U+E678	59000	nerd	Font Awesome 7 Free
	table-cells-row-lock	U+E67A	59002	nerd	Font Awesome 7 Free
	web-awesome	U+E682	59010	nerd	Font Awesome 7 Free
	thumbtack-slash	U+E68F	59023	nerd	Font Awesome 7 Free
	table-cells-row-unlock	U+E691	59025	nerd	Font Awesome 7 Free
	chart-diagram	U+E695	59029	nerd	Font Awesome 7 Free
	comment-nodes	U+E696	59030	nerd	Font Awesome 7 Free
	file-fragment	U+E697	59031	nerd	Font Awesome 7 Free
	file-half-dashed	U+E698	59032	nerd	Font Awesome 7 Free
	hexagon-nodes	U+E699	59033	nerd	Font Awesome 7 Free
	hexagon-nodes-bolt	U+E69A	59034	nerd	Font Awesome 7 Free
	square-binary	U+E69B	59035	nerd	Font Awesome 7 Free
	pentagon	U+E790	59280	nerd	Font Awesome 7 Free
	non-binary	U+E807	59399	nerd	Font Awesome 7 Free
	spiral	U+E80A	59402	nerd	Font Awesome 7 Free
	picture-in-picture	U+E80B	59403	nerd	Font Awesome 7 Free
	mobile-vibrate	U+E816	59414	nerd	Font Awesome 7 Free
	single-quote-left	U+E81B	59419	nerd	Font Awesome 7 Free
	single-quote-right	U+E81C	59420	nerd	Font Awesome 7 Free
	bus-side	U+E81D	59421	nerd	Font Awesome 7 Free
	septagon	U+E820	59424	nerd	Font Awesome 7 Free
	aquarius	U+E845	59461	nerd	Font Awesome 7 Free
	aries	U+E846	59462	nerd	Font Awesome 7 Free
	cancer	U+E847	59463	nerd	Font Awesome 7 Free
	capricorn	U+E848	59464	nerd	Font Awesome 7 Free
	gemini	U+E849	59465	nerd	Font Awesome 7 Free
	leo	U+E84A	59466	nerd	Font Awesome 7 Free
	libra	U+E84B	59467	nerd	Font Awesome 7 Free
	pisces	U+E84C	59468	nerd	Font Awesome 7 Free
	sagittarius	U+E84D	59469	nerd	Font Awesome 7 Free
	scorpio	U+E84E	59470	nerd	Font Awesome 7 Free
	taurus	U+E84F	59471	nerd	Font Awesome 7 Free
	virgo	U+E850	59472	nerd	Font Awesome 7 Free
	martini-glass-empty	U+F000	61440	fa	Font Awesome 7 Free
	music	U+F001	61441	fa	Font Awesome 7 Free
	magnifying-glass	U+F002	61442	fa	Font Awesome 7 Free
	envelope	U+F003	61443	fa	Font Awesome 7 Free
	heart	U+F004	61444	fa	Font Awesome 7 Free
	star	U+F005	61445	fa	Font Awesome 7 Free
	star	U+F006	61446	fa	Font Awesome 7 Free
	user	U+F007	61447	fa	Font Awesome 7 Free
	film	U+F008	61448	fa	Font Awesome 7 Free
	table-cells-large	U+F009	61449	fa	Font Awesome 7 Free
	table-cells	U+F00A	61450	fa	Font Awesome 7 Free
	table-list	U+F00B	61451	fa	Font Awesome 7 Free
	check	U+F00C	61452	fa	Font Awesome 7 Free
	xmark	U+F00D	61453	fa	Font Awesome 7 Free
	magnifying-glass-plus	U+F00E	61454	fa	Font Awesome 7 Free
	magnifying-glass-minus	U+F010	61456	fa	Font Awesome 7 Free
	power-off	U+F011	61457	fa	Font Awesome 7 Free
	signal	U+F012	61458	fa	Font Awesome 7 Free
	gear	U+F013	61459	fa	Font Awesome 7 Free
	trash-can	U+F014	61460	fa	Font Awesome 7 Free
	house	U+F015	61461	fa	Font Awesome 7 Free
	file	U+F016	61462	fa	Font Awesome 7 Free
	clock	U+F017	61463	fa	Font Awesome 7 Free
	road	U+F018	61464	fa	Font Awesome 7 Free
	download	U+F019	61465	fa	Font Awesome 7 Free
	circle-down	U+F01A	61466	fa	Font Awesome 7 Free
	circle-up	U+F01B	61467	fa	Font Awesome 7 Free
	inbox	U+F01C	61468	fa	Font Awesome 7 Free
	circle-play	U+F01D	61469	fa	Font Awesome 7 Free
	arrow-rotate-right	U+F01E	61470	fa	Font Awesome 7 Free
	arrows-rotate	U+F021	61473	fa	Font Awesome 7 Free
	rectangle-list	U+F022	61474	fa	Font Awesome 7 Free
	lock	U+F023	61475	fa	Font Awesome 7 Free
	flag	U+F024	61476	fa	Font Awesome 7 Free
	headphones	U+F025	61477	fa	Font Awesome 7 Free
	volume-off	U+F026	61478	fa	Font Awesome 7 Free
	volume-low	U+F027	61479	fa	Font Awesome 7 Free
	volume-high	U+F028	61480	fa	Font Awesome 7 Free
	qrcode	U+F029	61481	fa	Font Awesome 7 Free
	barcode	U+F02A	61482	fa	Font Awesome 7 Free
	tag	U+F02B	61483	fa	Font Awesome 7 Free
	tags	U+F02C	61484	fa	Font Awesome 7 Free
	book	U+F02D	61485	fa	Font Awesome 7 Free
	bookmark	U+F02E	61486	fa	Font Awesome 7 Free
	print	U+F02F	61487	fa	Font Awesome 7 Free
	camera	U+F030	61488	fa	Font Awesome 7 Free
	font	U+F031	61489	fa	Font Awesome 7 Free
	bold	U+F032	61490	fa	Font Awesome 7 Free
	italic	U+F033	61491	fa	Font Awesome 7 Free
	text-height	U+F034	61492	fa	Font Awesome 7 Free
	text-width	U+F035	61493	fa	Font Awesome 7 Free
	align-left	U+F036	61494	fa	Font Awesome 7 Free
	align-center	U+F037	61495	fa	Font Awesome 7 Free
	align-right	U+F038	61496	fa	Font Awesome 7 Free
	align-justify	U+F039	61497	fa	Font Awesome 7 Free
	list	U+F03A	61498	fa	Font Awesome 7 Free
	outdent	U+F03B	61499	fa	Font Awesome 7 Free
	indent	U+F03C	61500	fa	Font Awesome 7 Free
	video	U+F03D	61501	fa	Font Awesome 7 Free
	image	U+F03E	61502	fa	Font Awesome 7 Free
	pencil	U+F040	61504	fa	Font Awesome 7 Free
	location-pin	U+F041	61505	fa	Font Awesome 7 Free
	circle-half-stroke	U+F042	61506	fa	Font Awesome 7 Free
	droplet	U+F043	61507	fa	Font Awesome 7 Free
	pen-to-square	U+F044	61508	fa	Font Awesome 7 Free
	share-from-square	U+F045	61509	fa	Font Awesome 7 Free
	square-check	U+F046	61510	fa	Font Awesome 7 Free
	arrows-up-down-left-right	U+F047	61511	fa	Font Awesome 7 Free
	backward-step	U+F048	61512	fa	Font Awesome 7 Free
	backward-fast	U+F049	61513	fa	Font Awesome 7 Free
	backward	U+F04A	61514	fa	Font Awesome 7 Free
	play	U+F04B	61515	fa	Font Awesome 7 Free
	pause	U+F04C	61516	fa	Font Awesome 7 Free
	stop	U+F04D	61517	fa	Font Awesome 7 Free
	forward	U+F04E	61518	fa	Font Awesome 7 Free
	forward-fast	U+F050	61520	fa	Font Awesome 7 Free
	forward-step	U+F051	61521	fa	Font Awesome 7 Free
	eject	U+F052	61522	fa	Font Awesome 7 Free
	chevron-left	U+F053	61523	fa	Font Awesome 7 Free
	chevron-right	U+F054	61524	fa	Font Awesome 7 Free
	circle-plus	U+F055	61525	fa	Font Awesome 7 Free
	circle-minus	U+F056	61526	fa	Font Awesome 7 Free
	circle-xmark	U+F057	61527	fa	Font Awesome 7 Free
	circle-check	U+F058	61528	fa	Font Awesome 7 Free
	circle-question	U+F059	61529	fa	Font Awesome 7 Free
	circle-info	U+F05A	61530	fa	Font Awesome 7 Free
	crosshairs	U+F05B	61531	fa	Font Awesome 7 Free
	circle-xmark	U+F05C	61532	fa	Font Awesome 7 Free
	circle-check	U+F05D	61533	fa	Font Awesome 7 Free
	ban	U+F05E	61534	fa	Font Awesome 7 Free
	arrow-left	U+F060	61536	fa	Font Awesome 7 Free
	arrow-right	U+F061	61537	fa	Font Awesome 7 Free
	arrow-up	U+F062	61538	fa	Font Awesome 7 Free
	arrow-down	U+F063	61539	fa	Font Awesome 7 Free
	share	U+F064	61540	fa	Font Awesome 7 Free
	expand	U+F065	61541	fa	Font Awesome 7 Free
	compress	U+F066	61542	fa	Font Awesome 7 Free
	plus	U+F067	61543	fa	Font Awesome 7 Free
	minus	U+F068	61544	fa	Font Awesome 7 Free
	asterisk	U+F069	61545	fa	Font Awesome 7 Free
	circle-exclamation	U+F06A	61546	fa	Font Awesome 7 Free
	gift	U+F06B	61547	fa	Font Awesome 7 Free
	leaf	U+F06C	61548	fa	Font Awesome 7 Free
	fire	U+F06D	61549	fa	Font Awesome 7 Free
	eye	U+F06E	61550	fa	Font Awesome 7 Free
	eye-slash	U+F070	61552	fa	Font Awesome 7 Free
	triangle-exclamation	U+F071	61553	fa	Font Awesome 7 Free
	plane	U+F072	61554	fa	Font Awesome 7 Free
	calendar-days	U+F073	61555	fa	Font Awesome 7 Free
	shuffle	U+F074	61556	fa	Font Awesome 7 Free
	comment	U+F075	61557	fa	Font Awesome 7 Free
	magnet	U+F076	61558	fa	Font Awesome 7 Free
	chevron-up	U+F077	61559	fa	Font Awesome 7 Free
	chevron-down	U+F078	61560	fa	Font Awesome 7 Free
	retweet	U+F079	61561	fa	Font Awesome 7 Free
	cart-shopping	U+F07A	61562	fa	Font Awesome 7 Free
	folder	U+F07B	61563	fa	Font Awesome 7 Free
	folder-open	U+F07C	61564	fa	Font Awesome 7 Free
	arrows-up-down	U+F07D	61565	fa	Font Awesome 7 Free
	arrows-left-right	U+F07E	61566	fa	Font Awesome 7 Free
	chart-bar	U+F080	61568	fa	Font Awesome 7 Free
	camera-retro	U+F083	61571	fa	Font Awesome 7 Free
	key	U+F084	61572	fa	Font Awesome 7 Free
	gears	U+F085	61573	fa	Font Awesome 7 Free
	comments	U+F086	61574	fa	Font Awesome 7 Free
	thumbs-up	U+F087	61575	fa	Font Awesome 7 Free
	thumbs-down	U+F088	61576	fa	Font Awesome 7 Free
	star-half	U+F089	61577	fa	Font Awesome 7 Free
	heart	U+F08A	61578	fa	Font Awesome 7 Free
	arrow-right-from-bracket	U+F08B	61579	fa	Font Awesome 7 Free
	thumbtack	U+F08D	61581	fa	Font Awesome 7 Free
	arrow-up-right-from-square	U+F08E	61582	fa	Font Awesome 7 Free
	arrow-right-to-bracket	U+F090	61584	fa	Font Awesome 7 Free
	trophy	U+F091	61585	fa	Font Awesome 7 Free
	upload	U+F093	61587	fa	Font Awesome 7 Free
	lemon	U+F094	61588	fa	Font Awesome 7 Free
	phone	U+F095	61589	fa	Font Awesome 7 Free
	square	U+F096	61590	fa	Font Awesome 7 Free
	bookmark	U+F097	61591	fa	Font Awesome 7 Free
	square-phone	U+F098	61592	fa	Font Awesome 7 Free
	unlock	U+F09C	61596	fa	Font Awesome 7 Free
	credit-card	U+F09D	61597	fa	Font Awesome 7 Free
	rss	U+F09E	61598	fa	Font Awesome 7 Free
	hard-drive	U+F0A0	61600	fa	Font Awesome 7 Free
	bullhorn	U+F0A1	61601	fa	Font Awesome 7 Free
	bell	U+F0A2	61602	fa	Font Awesome 7 Free
	certificate	U+F0A3	61603	fa	Font Awesome 7 Free
	hand-point-right	U+F0A4	61604	fa	Font Awesome 7 Free
	hand-point-left	U+F0A5	61605	fa	Font Awesome 7 Free
	hand-point-up	U+F0A6	61606	fa	Font Awesome 7 Free
	hand-point-down	U+F0A7	61607	fa	Font Awesome 7 Free
	circle-arrow-left	U+F0A8	61608	fa	Font Awesome 7 Free
	circle-arrow-right	U+F0A9	61609	fa	Font Awesome 7 Free
	circle-arrow-up	U+F0AA	61610	fa	Font Awesome 7 Free
	circle-arrow-down	U+F0AB	61611	fa	Font Awesome 7 Free
	globe	U+F0AC	61612	fa	Font Awesome 7 Free
	wrench	U+F0AD	61613	fa	Font Awesome 7 Free
	list-check	U+F0AE	61614	fa	Font Awesome 7 Free
	filter	U+F0B0	61616	fa	Font Awesome 7 Free
	briefcase	U+F0B1	61617	fa	Font Awesome 7 Free
	up-down-left-right	U+F0B2	61618	fa	Font Awesome 7 Free
	users	U+F0C0	61632	fa	Font Awesome 7 Free
	link	U+F0C1	61633	fa	Font Awesome 7 Free
	cloud	U+F0C2	61634	fa	Font Awesome 7 Free
	flask	U+F0C3	61635	fa	Font Awesome 7 Free
	scissors	U+F0C4	61636	fa	Font Awesome 7 Free
	copy	U+F0C5	61637	fa	Font Awesome 7 Free
	paperclip	U+F0C6	61638	fa	Font Awesome 7 Free
	floppy-disk	U+F0C7	61639	fa	Font Awesome 7 Free
	square	U+F0C8	61640	fa	Font Awesome 7 Free
	bars	U+F0C9	61641	fa	Font Awesome 7 Free
	list-ul	U+F0CA	61642	fa	Font Awesome 7 Free
	list-ol	U+F0CB	61643	fa	Font Awesome 7 Free
	strikethrough	U+F0CC	61644	fa	Font Awesome 7 Free
	underline	U+F0CD	61645	fa	Font Awesome 7 Free
	table	U+F0CE	61646	fa	Font Awesome 7 Free
	wand-magic	U+F0D0	61648	fa	Font Awesome 7 Free
	truck	U+F0D1	61649	fa	Font Awesome 7 Free
	money-bill	U+F0D6	61654	fa	Font Awesome 7 Free
	caret-down	U+F0D7	61655	fa	Font Awesome 7 Free
	caret-up	U+F0D8	61656	fa	Font Awesome 7 Free
	caret-left	U+F0D9	61657	fa	Font Awesome 7 Free
	caret-right	U+F0DA	61658	fa	Font Awesome 7 Free
	table-columns	U+F0DB	61659	fa	Font Awesome 7 Free
	sort	U+F0DC	61660	fa	Font Awesome 7 Free
	sort-down	U+F0DD	61661	fa	Font Awesome 7 Free
	sort-up	U+F0DE	61662	fa	Font Awesome 7 Free
	envelope	U+F0E0	61664	fa	Font Awesome 7 Free
	arrow-rotate-left	U+F0E2	61666	fa	Font Awesome 7 Free
	gavel	U+F0E3	61667	fa	Font Awesome 7 Free
	gauge-simple-high	U+F0E4	61668	fa	Font Awesome 7 Free
	comment	U+F0E5	61669	fa	Font Awesome 7 Free
	comments	U+F0E6	61670	fa	Font Awesome 7 Free
	bolt	U+F0E7	61671	fa	Font Awesome 7 Free
	sitemap	U+F0E8	61672	fa	Font Awesome 7 Free
	umbrella	U+F0E9	61673	fa	Font Awesome 7 Free
	paste	U+F0EA	61674	fa	Font Awesome 7 Free
	lightbulb	U+F0EB	61675	fa	Font Awesome 7 Free
	arrow-right-arrow-left	U+F0EC	61676	fa	Font Awesome 7 Free
	cloud-arrow-down	U+F0ED	61677	fa	Font Awesome 7 Free
	cloud-arrow-up	U+F0EE	61678	fa	Font Awesome 7 Free
	user-doctor	U+F0F0	61680	fa	Font Awesome 7 Free
	stethoscope	U+F0F1	61681	fa	Font Awesome 7 Free
	suitcase	U+F0F2	61682	fa	Font Awesome 7 Free
	bell	U+F0F3	61683	fa	Font Awesome 7 Free
	mug-saucer	U+F0F4	61684	fa	Font Awesome 7 Free
	utensils	U+F0F5	61685	fa	Font Awesome 7 Free
	file-lines	U+F0F6	61686	fa	Font Awesome 7 Free
	building	U+F0F7	61687	fa	Font Awesome 7 Free
	hospital	U+F0F8	61688	fa	Font Awesome 7 Free
	truck-medical	U+F0F9	61689	fa	Font Awesome 7 Free
	suitcase-medical	U+F0FA	61690	fa	Font Awesome 7 Free
	jet-fighter	U+F0FB	61691	fa	Font Awesome 7 Free
	beer-mug-empty	U+F0FC	61692	fa	Font Awesome 7 Free
	square-h	U+F0FD	61693	fa	Font Awesome 7 Free
	square-plus	U+F0FE	61694	fa	Font Awesome 7 Free
	angles-left	U+F100	61696	fa	Font Awesome 7 Free
	angles-right	U+F101	61697	fa	Font Awesome 7 Free
	angles-up	U+F102	61698	fa	Font Awesome 7 Free
	angles-down	U+F103	61699	fa	Font Awesome 7 Free
	angle-left	U+F104	61700	fa	Font Awesome 7 Free
	angle-right	U+F105	61701	fa	Font Awesome 7 Free
	angle-up	U+F106	61702	fa	Font Awesome 7 Free
	angle-down	U+F107	61703	fa	Font Awesome 7 Free
	desktop	U+F108	61704	fa	Font Awesome 7 Free
	laptop	U+F109	61705	fa	Font Awesome 7 Free
	tablet-button	U+F10A	61706	fa	Font Awesome 7 Free
	mobile-button	U+F10B	61707	fa	Font Awesome 7 Free
	circle	U+F10C	61708	fa	Font Awesome 7 Free
	quote-left	U+F10D	61709	fa	Font Awesome 7 Free
	quote-right	U+F10E	61710	fa	Font Awesome 7 Free
	spinner	U+F110	61712	fa	Font Awesome 7 Free
	circle	U+F111	61713	fa	Font Awesome 7 Free
	reply	U+F112	61714	fa	Font Awesome 7 Free
	folder	U+F114	61716	fa	Font Awesome 7 Free
	folder-open	U+F115	61717	fa	Font Awesome 7 Free
	face-smile	U+F118	61720	fa	Font Awesome 7 Free
	face-frown	U+F119	61721	fa	Font Awesome 7 Free
	face-meh	U+F11A	61722	fa	Font Awesome 7 Free
	gamepad	U+F11B	61723	fa	Font Awesome 7 Free
	keyboard	U+F11C	61724	fa	Font Awesome 7 Free
	flag	U+F11D	61725	fa	Font Awesome 7 Free
	flag-checkered	U+F11E	61726	fa	Font Awesome 7 Free
	terminal	U+F120	61728	fa	Font Awesome 7 Free
	code	U+F121	61729	fa	Font Awesome 7 Free
	reply-all	U+F122	61730	fa	Font Awesome 7 Free
	star-half	U+F123	61731	fa	Font Awesome 7 Free
	location-arrow	U+F124	61732	fa	Font Awesome 7 Free
	crop	U+F125	61733	fa	Font Awesome 7 Free
	code-branch	U+F126	61734	fa	Font Awesome 7 Free
	link-slash	U+F127	61735	fa	Font Awesome 7 Free
	question	U+F128	61736	fa	Font Awesome 7 Free
	info	U+F129	61737	fa	Font Awesome 7 Free
	exclamation	U+F12A	61738	fa	Font Awesome 7 Free
	superscript	U+F12B	61739	fa	Font Awesome 7 Free
	subscript	U+F12C	61740	fa	Font Awesome 7 Free
	eraser	U+F12D	61741	fa	Font Awesome 7 Free
	puzzle-piece	U+F12E	61742	fa	Font Awesome 7 Free
	microphone	U+F130	61744	fa	Font Awesome 7 Free
	microphone-slash	U+F131	61745	fa	Font Awesome 7 Free
	shield	U+F132	61746	fa	Font Awesome 7 Free
	calendar	U+F133	61747	fa	Font Awesome 7 Free
	fire-extinguisher	U+F134	61748	fa	Font Awesome 7 Free
	rocket	U+F135	61749	fa	Font Awesome 7 Free
	circle-chevron-left	U+F137	61751	fa	Font Awesome 7 Free
	circle-chevron-right	U+F138	61752	fa	Font Awesome 7 Free
	circle-chevron-up	U+F139	61753	fa	Font Awesome 7 Free
	circle-chevron-down	U+F13A	61754	fa	Font Awesome 7 Free
	anchor	U+F13D	61757	fa	Font Awesome 7 Free
	unlock-keyhole	U+F13E	61758	fa	Font Awesome 7 Free
	bullseye	U+F140	61760	fa	Font Awesome 7 Free
	ellipsis	U+F141	61761	fa	Font Awesome 7 Free
	ellipsis-vertical	U+F142	61762	fa	Font Awesome 7 Free
	square-rss	U+F143	61763	fa	Font Awesome 7 Free
	circle-play	U+F144	61764	fa	Font Awesome 7 Free
	ticket	U+F145	61765	fa	Font Awesome 7 Free
	square-minus	U+F146	61766	fa	Font Awesome 7 Free
	square-minus	U+F147	61767	fa	Font Awesome 7 Free
	arrow-turn-up	U+F148	61768	fa	Font Awesome 7 Free
	arrow-turn-down	U+F149	61769	fa	Font Awesome 7 Free
	square-check	U+F14A	61770	fa	Font Awesome 7 Free
	square-pen	U+F14B	61771	fa	Font Awesome 7 Free
	square-arrow-up-right	U+F14C	61772	fa	Font Awesome 7 Free
	share-from-square	U+F14D	61773	fa	Font Awesome 7 Free
	compass	U+F14E	61774	fa	Font Awesome 7 Free
	square-caret-down	U+F150	61776	fa	Font Awesome 7 Free
	square-caret-up	U+F151	61777	fa	Font Awesome 7 Free
	square-caret-right	U+F152	61778	fa	Font Awesome 7 Free
	euro-sign	U+F153	61779	fa	Font Awesome 7 Free
	sterling-sign	U+F154	61780	fa	Font Awesome 7 Free
	dollar-sign	U+F155	61781	fa	Font Awesome 7 Free
	rupee-sign	U+F156	61782	fa	Font Awesome 7 Free
	yen-sign	U+F157	61783	fa	Font Awesome 7 Free
	ruble-sign	U+F158	61784	fa	Font Awesome 7 Free
	won-sign	U+F159	61785	fa	Font Awesome 7 Free
	file	U+F15B	61787	fa	Font Awesome 7 Free
	file-lines	U+F15C	61788	fa	Font Awesome 7 Free
	arrow-down-a-z	U+F15D	61789	fa	Font Awesome 7 Free
	arrow-up-a-z	U+F15E	61790	fa	Font Awesome 7 Free
	arrow-down-wide-short	U+F160	61792	fa	Font Awesome 7 Free
	arrow-up-wide-short	U+F161	61793	fa	Font Awesome 7 Free
	arrow-down-1-9	U+F162	61794	fa	Font Awesome 7 Free
	arrow-up-1-9	U+F163	61795	fa	Font Awesome 7 Free
	thumbs-up	U+F164	61796	fa	Font Awesome 7 Free
	thumbs-down	U+F165	61797	fa	Font Awesome 7 Free
	arrow-down-long	U+F175	61813	fa	Font Awesome 7 Free
	arrow-up-long	U+F176	61814	fa	Font Awesome 7 Free
	arrow-left-long	U+F177	61815	fa	Font Awesome 7 Free
	arrow-right-long	U+F178	61816	fa	Font Awesome 7 Free
	person-dress	U+F182	61826	fa	Font Awesome 7 Free
	person	U+F183	61827	fa	Font Awesome 7 Free
	sun	U+F185	61829	fa	Font Awesome 7 Free
	moon	U+F186	61830	fa	Font Awesome 7 Free
	box-archive	U+F187	61831	fa	Font Awesome 7 Free
	bug	U+F188	61832	fa	Font Awesome 7 Free
	circle-right	U+F18E	61838	fa	Font Awesome 7 Free
	circle-left	U+F190	61840	fa	Font Awesome 7 Free
	square-caret-left	U+F191	61841	fa	Font Awesome 7 Free
	circle-dot	U+F192	61842	fa	Font Awesome 7 Free
	wheelchair	U+F193	61843	fa	Font Awesome 7 Free
	lira-sign	U+F195	61845	fa	Font Awesome 7 Free
	square-plus	U+F196	61846	fa	Font Awesome 7 Free
	shuttle-space	U+F197	61847	fa	Font Awesome 7 Free
	square-envelope	U+F199	61849	fa	Font Awesome 7 Free
	building-columns	U+F19C	61852	fa	Font Awesome 7 Free
	graduation-cap	U+F19D	61853	fa	Font Awesome 7 Free
	language	U+F1AB	61867	fa	Font Awesome 7 Free
	fax	U+F1AC	61868	fa	Font Awesome 7 Free
	building	U+F1AD	61869	fa	Font Awesome 7 Free
	child	U+F1AE	61870	fa	Font Awesome 7 Free
	paw	U+F1B0	61872	fa	Font Awesome 7 Free
	spoon	U+F1B1	61873	fa	Font Awesome 7 Free
	cube	U+F1B2	61874	fa	Font Awesome 7 Free
	cubes	U+F1B3	61875	fa	Font Awesome 7 Free
	recycle	U+F1B8	61880	fa	Font Awesome 7 Free
	car	U+F1B9	61881	fa	Font Awesome 7 Free
	taxi	U+F1BA	61882	fa	Font Awesome 7 Free
	tree	U+F1BB	61883	fa	Font Awesome 7 Free
	database	U+F1C0	61888	fa	Font Awesome 7 Free
	file-pdf	U+F1C1	61889	fa	Font Awesome 7 Free
	file-word	U+F1C2	61890	fa	Font Awesome 7 Free
	file-excel	U+F1C3	61891	fa	Font Awesome 7 Free
	file-powerpoint	U+F1C4	61892	fa	Font Awesome 7 Free
	file-image	U+F1C5	61893	fa	Font Awesome 7 Free
	file-zipper	U+F1C6	61894	fa	Font Awesome 7 Free
	file-audio	U+F1C7	61895	fa	Font Awesome 7 Free
	file-video	U+F1C8	61896	fa	Font Awesome 7 Free
	file-code	U+F1C9	61897	fa	Font Awesome 7 Free
	life-ring	U+F1CD	61901	fa	Font Awesome 7 Free
	circle-notch	U+F1CE	61902	fa	Font Awesome 7 Free
	paper-plane	U+F1D8	61912	fa	Font Awesome 7 Free
	paper-plane	U+F1D9	61913	fa	Font Awesome 7 Free
	clock-rotate-left	U+F1DA	61914	fa	Font Awesome 7 Free
	circle	U+F1DB	61915	fa	Font Awesome 7 Free
	heading	U+F1DC	61916	fa	Font Awesome 7 Free
	paragraph	U+F1DD	61917	fa	Font Awesome 7 Free
	sliders	U+F1DE	61918	fa	Font Awesome 7 Free
	share-nodes	U+F1E0	61920	fa	Font Awesome 7 Free
	square-share-nodes	U+F1E1	61921	fa	Font Awesome 7 Free
	bomb	U+F1E2	61922	fa	Font Awesome 7 Free
	futbol	U+F1E3	61923	fa	Font Awesome 7 Free
	tty	U+F1E4	61924	fa	Font Awesome 7 Free
	binoculars	U+F1E5	61925	fa	Font Awesome 7 Free
	plug	U+F1E6	61926	fa	Font Awesome 7 Free
	newspaper	U+F1EA	61930	fa	Font Awesome 7 Free
	wifi	U+F1EB	61931	fa	Font Awesome 7 Free
	calculator	U+F1EC	61932	fa	Font Awesome 7 Free
	bell-slash	U+F1F6	61942	fa	Font Awesome 7 Free
	bell-slash	U+F1F7	61943	fa	Font Awesome 7 Free
	trash	U+F1F8	61944	fa	Font Awesome 7 Free
	copyright	U+F1F9	61945	fa	Font Awesome 7 Free
	at	U+F1FA	61946	fa	Font Awesome 7 Free
	eye-dropper	U+F1FB	61947	fa	Font Awesome 7 Free
	paintbrush	U+F1FC	61948	fa	Font Awesome 7 Free
	cake-candles	U+F1FD	61949	fa	Font Awesome 7 Free
	chart-area	U+F1FE	61950	fa	Font Awesome 7 Free
	chart-pie	U+F200	61952	fa	Font Awesome 7 Free
	chart-line	U+F201	61953	fa	Font Awesome 7 Free
	toggle-off	U+F204	61956	fa	Font Awesome 7 Free
	toggle-on	U+F205	61957	fa	Font Awesome 7 Free
	bicycle	U+F206	61958	fa	Font Awesome 7 Free
	bus	U+F207	61959	fa	Font Awesome 7 Free
	closed-captioning	U+F20A	61962	fa	Font Awesome 7 Free
	shekel-sign	U+F20B	61963	fa	Font Awesome 7 Free
	cart-plus	U+F217	61975	fa	Font Awesome 7 Free
	cart-arrow-down	U+F218	61976	fa	Font Awesome 7 Free
	diamond	U+F219	61977	fa	Font Awesome 7 Free
	ship	U+F21A	61978	fa	Font Awesome 7 Free
	user-secret	U+F21B	61979	fa	Font Awesome 7 Free
	motorcycle	U+F21C	61980	fa	Font Awesome 7 Free
	street-view	U+F21D	61981	fa	Font Awesome 7 Free
	heart-pulse	U+F21E	61982	fa	Font Awesome 7 Free
	venus	U+F221	61985	fa	Font Awesome 7 Free
	mars	U+F222	61986	fa	Font Awesome 7 Free
	mercury	U+F223	61987	fa	Font Awesome 7 Free
	mars-and-venus	U+F224	61988	fa	Font Awesome 7 Free
	transgender	U+F225	61989	fa	Font Awesome 7 Free
	venus-double	U+F226	61990	fa	Font Awesome 7 Free
	mars-double	U+F227	61991	fa	Font Awesome 7 Free
	venus-mars	U+F228	61992	fa	Font Awesome 7 Free
	mars-stroke	U+F229	61993	fa	Font Awesome 7 Free
	mars-stroke-up	U+F22A	61994	fa	Font Awesome 7 Free
	mars-stroke-right	U+F22B	61995	fa	Font Awesome 7 Free
	neuter	U+F22C	61996	fa	Font Awesome 7 Free
	genderless	U+F22D	61997	fa	Font Awesome 7 Free
	server	U+F233	62003	fa	Font Awesome 7 Free
	user-plus	U+F234	62004	fa	Font Awesome 7 Free
	user-xmark	U+F235	62005	fa	Font Awesome 7 Free
	bed	U+F236	62006	fa	Font Awesome 7 Free
	train	U+F238	62008	fa	Font Awesome 7 Free
	train-subway	U+F239	62009	fa	Font Awesome 7 Free
	battery-full	U+F240	62016	fa	Font Awesome 7 Free
	battery-three-quarters	U+F241	62017	fa	Font Awesome 7 Free
	battery-half	U+F242	62018	fa	Font Awesome 7 Free
	battery-quarter	U+F243	62019	fa	Font Awesome 7 Free
	battery-empty	U+F244	62020	fa	Font Awesome 7 Free
	arrow-pointer	U+F245	62021	fa	Font Awesome 7 Free
	i-cursor	U+F246	62022	fa	Font Awesome 7 Free
	object-group	U+F247	62023	fa	Font Awesome 7 Free
	object-ungroup	U+F248	62024	fa	Font Awesome 7 Free
	note-sticky	U+F249	62025	fa	Font Awesome 7 Free
	note-sticky	U+F24A	62026	fa	Font Awesome 7 Free
	clone	U+F24D	62029	fa	Font Awesome 7 Free
	scale-balanced	U+F24E	62030	fa	Font Awesome 7 Free
	hourglass	U+F250	62032	fa	Font Awesome 7 Free
	hourglass-start	U+F251	62033	fa	Font Awesome 7 Free
	hourglass-half	U+F252	62034	fa	Font Awesome 7 Free
	hourglass-end	U+F253	62035	fa	Font Awesome 7 Free
	hourglass	U+F254	62036	fa	Font Awesome 7 Free
	hand-back-fist	U+F255	62037	fa	Font Awesome 7 Free
	hand	U+F256	62038	fa	Font Awesome 7 Free
	hand-scissors	U+F257	62039	fa	Font Awesome 7 Free
	hand-lizard	U+F258	62040	fa	Font Awesome 7 Free
	hand-spock	U+F259	62041	fa	Font Awesome 7 Free
	hand-pointer	U+F25A	62042	fa	Font Awesome 7 Free
	hand-peace	U+F25B	62043	fa	Font Awesome 7 Free
	trademark	U+F25C	62044	fa	Font Awesome 7 Free
	registered	U+F25D	62045	fa	Font Awesome 7 Free
	tv	U+F26C	62060	fa	Font Awesome 7 Free
	calendar-plus	U+F271	62065	fa	Font Awesome 7 Free
	calendar-minus	U+F272	62066	fa	Font Awesome 7 Free
	calendar-xmark	U+F273	62067	fa	Font Awesome 7 Free
	calendar-check	U+F274	62068	fa	Font Awesome 7 Free
	industry	U+F275	62069	fa	Font Awesome 7 Free
	map-pin	U+F276	62070	fa	Font Awesome 7 Free
	signs-post	U+F277	62071	fa	Font Awesome 7 Free
	map	U+F278	62072	fa	Font Awesome 7 Free
	map	U+F279	62073	fa	Font Awesome 7 Free
	message	U+F27A	62074	fa	Font Awesome 7 Free
	comment-dots	U+F27B	62075	fa	Font Awesome 7 Free
	credit-card	U+F283	62083	fa	Font Awesome 7 Free
	circle-pause	U+F28B	62091	fa	Font Awesome 7 Free
	circle-pause	U+F28C	62092	fa	Font Awesome 7 Free
	circle-stop	U+F28D	62093	fa	Font Awesome 7 Free
	circle-stop	U+F28E	62094	fa	Font Awesome 7 Free
	bag-shopping	U+F290	62096	fa	Font Awesome 7 Free
	basket-shopping	U+F291	62097	fa	Font Awesome 7 Free
	hashtag	U+F292	62098	fa	Font Awesome 7 Free
	percent	U+F295	62101	fa	Font Awesome 7 Free
	universal-access	U+F29A	62106	fa	Font Awesome 7 Free
	circle-question	U+F29C	62108	fa	Font Awesome 7 Free
	person-walking-with-cane	U+F29D	62109	fa	Font Awesome 7 Free
	audio-description	U+F29E	62110	fa	Font Awesome 7 Free
	phone-volume	U+F2A0	62112	fa	Font Awesome 7 Free
	braille	U+F2A1	62113	fa	Font Awesome 7 Free
	ear-listen	U+F2A2	62114	fa	Font Awesome 7 Free
	hands-asl-interpreting	U+F2A3	62115	fa	Font Awesome 7 Free
	ear-deaf	U+F2A4	62116	fa	Font Awesome 7 Free
	hands	U+F2A7	62119	fa	Font Awesome 7 Free
	eye-low-vision	U+F2A8	62120	fa	Font Awesome 7 Free
	font-awesome	U+F2B4	62132	fa	Font Awesome 7 Free
	handshake	U+F2B5	62133	fa	Font Awesome 7 Free
	envelope-open	U+F2B6	62134	fa	Font Awesome 7 Free
	envelope-open	U+F2B7	62135	fa	Font Awesome 7 Free
	address-book	U+F2B9	62137	fa	Font Awesome 7 Free
	address-book	U+F2BA	62138	fa	Font Awesome 7 Free
	address-card	U+F2BB	62139	fa	Font Awesome 7 Free
	address-card	U+F2BC	62140	fa	Font Awesome 7 Free
	circle-user	U+F2BD	62141	fa	Font Awesome 7 Free
	circle-user	U+F2BE	62142	fa	Font Awesome 7 Free
	user	U+F2C0	62144	fa	Font Awesome 7 Free
	id-badge	U+F2C1	62145	fa	Font Awesome 7 Free
	id-card	U+F2C2	62146	fa	Font Awesome 7 Free
	id-card	U+F2C3	62147	fa	Font Awesome 7 Free
	temperature-full	U+F2C7	62151	fa	Font Awesome 7 Free
	temperature-three-quarters	U+F2C8	62152	fa	Font Awesome 7 Free
	temperature-half	U+F2C9	62153	fa	Font Awesome 7 Free
	temperature-quarter	U+F2CA	62154	fa	Font Awesome 7 Free
	temperature-empty	U+F2CB	62155	fa	Font Awesome 7 Free
	shower	U+F2CC	62156	fa	Font Awesome 7 Free
	bath	U+F2CD	62157	fa	Font Awesome 7 Free
	podcast	U+F2CE	62158	fa	Font Awesome 7 Free
	window-maximize	U+F2D0	62160	fa	Font Awesome 7 Free
	window-minimize	U+F2D1	62161	fa	Font Awesome 7 Free
	window-restore	U+F2D2	62162	fa	Font Awesome 7 Free
	square-xmark	U+F2D3	62163	fa	Font Awesome 7 Free
	rectangle-xmark	U+F2D4	62164	fa	Font Awesome 7 Free
	microchip	U+F2DB	62171	fa	Font Awesome 7 Free
	snowflake	U+F2DC	62172	fa	Font Awesome 7 Free
	spoon	U+F2E5	62181	fa	Font Awesome 7 Free
	utensils	U+F2E7	62183	fa	Font Awesome 7 Free
	rotate-left	U+F2EA	62186	fa	Font Awesome 7 Free
	trash-can	U+F2ED	62189	fa	Font Awesome 7 Free
	rotate	U+F2F1	62193	fa	Font Awesome 7 Free
	stopwatch	U+F2F2	62194	fa	Font Awesome 7 Free
	right-from-bracket	U+F2F5	62197	fa	Font Awesome 7 Free
	right-to-bracket	U+F2F6	62198	fa	Font Awesome 7 Free
	rotate-right	U+F2F9	62201	fa	Font Awesome 7 Free
	poo	U+F2FE	62206	fa	Font Awesome 7 Free
	images	U+F302	62210	fa	Font Awesome 7 Free
	pencil	U+F303	62211	fa	Font Awesome 7 Free
	pen	U+F304	62212	fa	Font Awesome 7 Free
	pen-clip	U+F305	62213	fa	Font Awesome 7 Free
	octagon	U+F306	62214	fa	Font Awesome 7 Free
	down-long	U+F309	62217	fa	Font Awesome 7 Free
	left-long	U+F30A	62218	fa	Font Awesome 7 Free
	right-long	U+F30B	62219	fa	Font Awesome 7 Free
	up-long	U+F30C	62220	fa	Font Awesome 7 Free
	hexagon	U+F312	62226	fa	Font Awesome 7 Free
	file-pen	U+F31C	62236	fa	Font Awesome 7 Free
	maximize	U+F31E	62238	fa	Font Awesome 7 Free
	clipboard	U+F328	62248	fa	Font Awesome 7 Free
	camera	U+F332	62258	fa	Font Awesome 7 Free
	left-right	U+F337	62263	fa	Font Awesome 7 Free
	up-down	U+F338	62264	fa	Font Awesome 7 Free
	alarm-clock	U+F34E	62286	fa	Font Awesome 7 Free
	circle-down	U+F358	62296	fa	Font Awesome 7 Free
	circle-left	U+F359	62297	fa	Font Awesome 7 Free
	circle-right	U+F35A	62298	fa	Font Awesome 7 Free
	circle-up	U+F35B	62299	fa	Font Awesome 7 Free
	up-right-from-square	U+F35D	62301	fa	Font Awesome 7 Free
	square-up-right	U+F360	62304	fa	Font Awesome 7 Free
	right-left	U+F362	62306	fa	Font Awesome 7 Free
	repeat	U+F363	62307	fa	Font Awesome 7 Free
	cloud-arrow-down	U+F381	62337	fa	Font Awesome 7 Free
	cloud-arrow-up	U+F382	62338	fa	Font Awesome 7 Free
	code-commit	U+F386	62342	fa	Font Awesome 7 Free
	code-merge	U+F387	62343	fa	Font Awesome 7 Free
	desktop	U+F390	62352	fa	Font Awesome 7 Free
	film	U+F3A0	62368	fa	Font Awesome 7 Free
	gem	U+F3A5	62373	fa	Font Awesome 7 Free
	turn-down	U+F3BE	62398	fa	Font Awesome 7 Free
	turn-up	U+F3BF	62399	fa	Font Awesome 7 Free
	lock-open	U+F3C1	62401	fa	Font Awesome 7 Free
	location-dot	U+F3C5	62405	fa	Font Awesome 7 Free
	microphone-lines	U+F3C9	62409	fa	Font Awesome 7 Free
	mobile-screen-button	U+F3CD	62413	fa	Font Awesome 7 Free
	mobile	U+F3CE	62414	fa	Font Awesome 7 Free
	mobile-screen	U+F3CF	62415	fa	Font Awesome 7 Free
	money-bill-1	U+F3D1	62417	fa	Font Awesome 7 Free
	phone-slash	U+F3DD	62429	fa	Font Awesome 7 Free
	image-portrait	U+F3E0	62432	fa	Font Awesome 7 Free
	reply	U+F3E5	62437	fa	Font Awesome 7 Free
	shield-halved	U+F3ED	62445	fa	Font Awesome 7 Free
	tablet-screen-button	U+F3FA	62458	fa	Font Awesome 7 Free
	tablet	U+F3FB	62459	fa	Font Awesome 7 Free
	gauge-high	U+F3FD	62461	fa	Font Awesome 7 Free
	ticket-simple	U+F3FF	62463	fa	Font Awesome 7 Free
	user	U+F406	62470	fa	Font Awesome 7 Free
	rectangle-xmark	U+F410	62480	fa	Font Awesome 7 Free
	down-left-and-up-right-to-center	U+F422	62498	fa	Font Awesome 7 Free
	up-right-and-down-left-from-center	U+F424	62500	fa	Font Awesome 7 Free
	font-awesome	U+F425	62501	fa	Font Awesome 7 Free
	baseball-bat-ball	U+F432	62514	fa	Font Awesome 7 Free
	baseball	U+F433	62515	fa	Font Awesome 7 Free
	basketball	U+F434	62516	fa	Font Awesome 7 Free
	bowling-ball	U+F436	62518	fa	Font Awesome 7 Free
	chess	U+F439	62521	fa	Font Awesome 7 Free
	chess-bishop	U+F43A	62522	fa	Font Awesome 7 Free
	chess-board	U+F43C	62524	fa	Font Awesome 7 Free
	chess-king	U+F43F	62527	fa	Font Awesome 7 Free
	chess-knight	U+F441	62529	fa	Font Awesome 7 Free
	chess-pawn	U+F443	62531	fa	Font Awesome 7 Free
	chess-queen	U+F445	62533	fa	Font Awesome 7 Free
	chess-rook	U+F447	62535	fa	Font Awesome 7 Free
	dumbbell	U+F44B	62539	fa	Font Awesome 7 Free
	football	U+F44E	62542	fa	Font Awesome 7 Free
	golf-ball-tee	U+F450	62544	fa	Font Awesome 7 Free
	hockey-puck	U+F453	62547	fa	Font Awesome 7 Free
	broom-ball	U+F458	62552	fa	Font Awesome 7 Free
	square-full	U+F45C	62556	fa	Font Awesome 7 Free
	table-tennis-paddle-ball	U+F45D	62557	fa	Font Awesome 7 Free
	volleyball	U+F45F	62559	fa	Font Awesome 7 Free
	hand-dots	U+F461	62561	fa	Font Awesome 7 Free
	bandage	U+F462	62562	fa	Font Awesome 7 Free
	box	U+F466	62566	fa	Font Awesome 7 Free
	boxes-stacked	U+F468	62568	fa	Font Awesome 7 Free
	briefcase-medical	U+F469	62569	fa	Font Awesome 7 Free
	fire-flame-simple	U+F46A	62570	fa	Font Awesome 7 Free
	capsules	U+F46B	62571	fa	Font Awesome 7 Free
	clipboard-check	U+F46C	62572	fa	Font Awesome 7 Free
	clipboard-list	U+F46D	62573	fa	Font Awesome 7 Free
	person-dots-from-line	U+F470	62576	fa	Font Awesome 7 Free
	dna	U+F471	62577	fa	Font Awesome 7 Free
	dolly	U+F472	62578	fa	Font Awesome 7 Free
	cart-flatbed	U+F474	62580	fa	Font Awesome 7 Free
	file-medical	U+F477	62583	fa	Font Awesome 7 Free
	file-waveform	U+F478	62584	fa	Font Awesome 7 Free
	kit-medical	U+F479	62585	fa	Font Awesome 7 Free
	hospital	U+F47D	62589	fa	Font Awesome 7 Free
	circle-h	U+F47E	62590	fa	Font Awesome 7 Free
	id-card-clip	U+F47F	62591	fa	Font Awesome 7 Free
	notes-medical	U+F481	62593	fa	Font Awesome 7 Free
	pallet	U+F482	62594	fa	Font Awesome 7 Free
	pills	U+F484	62596	fa	Font Awesome 7 Free
	prescription-bottle	U+F485	62597	fa	Font Awesome 7 Free
	prescription-bottle-medical	U+F486	62598	fa	Font Awesome 7 Free
	bed-pulse	U+F487	62599	fa	Font Awesome 7 Free
	truck-fast	U+F48B	62603	fa	Font Awesome 7 Free
	smoking	U+F48D	62605	fa	Font Awesome 7 Free
	syringe	U+F48E	62606	fa	Font Awesome 7 Free
	tablets	U+F490	62608	fa	Font Awesome 7 Free
	thermometer	U+F491	62609	fa	Font Awesome 7 Free
	vial	U+F492	62610	fa	Font Awesome 7 Free
	vials	U+F493	62611	fa	Font Awesome 7 Free
	warehouse	U+F494	62612	fa	Font Awesome 7 Free
	weight-scale	U+F496	62614	fa	Font Awesome 7 Free
	x-ray	U+F497	62615	fa	Font Awesome 7 Free
	box-open	U+F49E	62622	fa	Font Awesome 7 Free
	boxes-stacked	U+F4A1	62625	fa	Font Awesome 7 Free
	comment-dots	U+F4AD	62637	fa	Font Awesome 7 Free
	comment-slash	U+F4B3	62643	fa	Font Awesome 7 Free
	couch	U+F4B8	62648	fa	Font Awesome 7 Free
	circle-dollar-to-slot	U+F4B9	62649	fa	Font Awesome 7 Free
	dove	U+F4BA	62650	fa	Font Awesome 7 Free
	hand-holding	U+F4BD	62653	fa	Font Awesome 7 Free
	hand-holding-heart	U+F4BE	62654	fa	Font Awesome 7 Free
	hand-holding-dollar	U+F4C0	62656	fa	Font Awesome 7 Free
	hand-holding-droplet	U+F4C1	62657	fa	Font Awesome 7 Free
	hands-holding	U+F4C2	62658	fa	Font Awesome 7 Free
	handshake-angle	U+F4C4	62660	fa	Font Awesome 7 Free
	handshake	U+F4C6	62662	fa	Font Awesome 7 Free
	parachute-box	U+F4CD	62669	fa	Font Awesome 7 Free
	people-carry-box	U+F4CE	62670	fa	Font Awesome 7 Free
	piggy-bank	U+F4D3	62675	fa	Font Awesome 7 Free
	ribbon	U+F4D6	62678	fa	Font Awesome 7 Free
	route	U+F4D7	62679	fa	Font Awesome 7 Free
	seedling	U+F4D8	62680	fa	Font Awesome 7 Free
	sign-hanging	U+F4D9	62681	fa	Font Awesome 7 Free
	face-smile-wink	U+F4DA	62682	fa	Font Awesome 7 Free
	tape	U+F4DB	62683	fa	Font Awesome 7 Free
	truck-ramp-box	U+F4DE	62686	fa	Font Awesome 7 Free
	truck-moving	U+F4DF	62687	fa	Font Awesome 7 Free
	video-slash	U+F4E2	62690	fa	Font Awesome 7 Free
	wine-glass	U+F4E3	62691	fa	Font Awesome 7 Free
	font-awesome	U+F4E6	62694	fa	Font Awesome 7 Free
	user-slash	U+F4FA	62714	fa	Font Awesome 7 Free
	user-astronaut	U+F4FB	62715	fa	Font Awesome 7 Free
	user-check	U+F4FC	62716	fa	Font Awesome 7 Free
	user-clock	U+F4FD	62717	fa	Font Awesome 7 Free
	user-gear	U+F4FE	62718	fa	Font Awesome 7 Free
	user-pen	U+F4FF	62719	fa	Font Awesome 7 Free
	user-group	U+F500	62720	fa	Font Awesome 7 Free
	user-graduate	U+F501	62721	fa	Font Awesome 7 Free
	user-lock	U+F502	62722	fa	Font Awesome 7 Free
	user-minus	U+F503	62723	fa	Font Awesome 7 Free
	user-ninja	U+F504	62724	fa	Font Awesome 7 Free
	user-shield	U+F505	62725	fa	Font Awesome 7 Free
	user-slash	U+F506	62726	fa	Font Awesome 7 Free
	user-tag	U+F507	62727	fa	Font Awesome 7 Free
	user-tie	U+F508	62728	fa	Font Awesome 7 Free
	users-gear	U+F509	62729	fa	Font Awesome 7 Free
	scale-unbalanced	U+F515	62741	fa	Font Awesome 7 Free
	scale-unbalanced-flip	U+F516	62742	fa	Font Awesome 7 Free
	blender	U+F517	62743	fa	Font Awesome 7 Free
	book-open	U+F518	62744	fa	Font Awesome 7 Free
	tower-broadcast	U+F519	62745	fa	Font Awesome 7 Free
	broom	U+F51A	62746	fa	Font Awesome 7 Free
	chalkboard	U+F51B	62747	fa	Font Awesome 7 Free
	chalkboard-user	U+F51C	62748	fa	Font Awesome 7 Free
	church	U+F51D	62749	fa	Font Awesome 7 Free
	coins	U+F51E	62750	fa	Font Awesome 7 Free
	compact-disc	U+F51F	62751	fa	Font Awesome 7 Free
	crow	U+F520	62752	fa	Font Awesome 7 Free
	crown	U+F521	62753	fa	Font Awesome 7 Free
	dice	U+F522	62754	fa	Font Awesome 7 Free
	dice-five	U+F523	62755	fa	Font Awesome 7 Free
	dice-four	U+F524	62756	fa	Font Awesome 7 Free
	dice-one	U+F525	62757	fa	Font Awesome 7 Free
	dice-six	U+F526	62758	fa	Font Awesome 7 Free
	dice-three	U+F527	62759	fa	Font Awesome 7 Free
	dice-two	U+F528	62760	fa	Font Awesome 7 Free
	divide	U+F529	62761	fa	Font Awesome 7 Free
	door-closed	U+F52A	62762	fa	Font Awesome 7 Free
	door-open	U+F52B	62763	fa	Font Awesome 7 Free
	equals	U+F52C	62764	fa	Font Awesome 7 Free
	feather	U+F52D	62765	fa	Font Awesome 7 Free
	frog	U+F52E	62766	fa	Font Awesome 7 Free
	gas-pump	U+F52F	62767	fa	Font Awesome 7 Free
	glasses	U+F530	62768	fa	Font Awesome 7 Free
	greater-than	U+F531	62769	fa	Font Awesome 7 Free
	greater-than-equal	U+F532	62770	fa	Font Awesome 7 Free
	helicopter	U+F533	62771	fa	Font Awesome 7 Free
	infinity	U+F534	62772	fa	Font Awesome 7 Free
	kiwi-bird	U+F535	62773	fa	Font Awesome 7 Free
	less-than	U+F536	62774	fa	Font Awesome 7 Free
	less-than-equal	U+F537	62775	fa	Font Awesome 7 Free
	memory	U+F538	62776	fa	Font Awesome 7 Free
	microphone-lines-slash	U+F539	62777	fa	Font Awesome 7 Free
	money-bill-wave	U+F53A	62778	fa	Font Awesome 7 Free
	money-bill-1-wave	U+F53B	62779	fa	Font Awesome 7 Free
	money-check	U+F53C	62780	fa	Font Awesome 7 Free
	money-check-dollar	U+F53D	62781	fa	Font Awesome 7 Free
	not-equal	U+F53E	62782	fa	Font Awesome 7 Free
	palette	U+F53F	62783	fa	Font Awesome 7 Free
	square-parking	U+F540	62784	fa	Font Awesome 7 Free
	percent	U+F541	62785	fa	Font Awesome 7 Free
	diagram-project	U+F542	62786	fa	Font Awesome 7 Free
	receipt	U+F543	62787	fa	Font Awesome 7 Free
	robot	U+F544	62788	fa	Font Awesome 7 Free
	ruler	U+F545	62789	fa	Font Awesome 7 Free
	ruler-combined	U+F546	62790	fa	Font Awesome 7 Free
	ruler-horizontal	U+F547	62791	fa	Font Awesome 7 Free
	ruler-vertical	U+F548	62792	fa	Font Awesome 7 Free
	school	U+F549	62793	fa	Font Awesome 7 Free
	screwdriver	U+F54A	62794	fa	Font Awesome 7 Free
	shoe-prints	U+F54B	62795	fa	Font Awesome 7 Free
	skull	U+F54C	62796	fa	Font Awesome 7 Free
	ban-smoking	U+F54D	62797	fa	Font Awesome 7 Free
	store	U+F54E	62798	fa	Font Awesome 7 Free
	shop	U+F54F	62799	fa	Font Awesome 7 Free
	bars-staggered	U+F550	62800	fa	Font Awesome 7 Free
	stroopwafel	U+F551	62801	fa	Font Awesome 7 Free
	toolbox	U+F552	62802	fa	Font Awesome 7 Free
	shirt	U+F553	62803	fa	Font Awesome 7 Free
	person-walking	U+F554	62804	fa	Font Awesome 7 Free
	wallet	U+F555	62805	fa	Font Awesome 7 Free
	face-angry	U+F556	62806	fa	Font Awesome 7 Free
	archway	U+F557	62807	fa	Font Awesome 7 Free
	book-atlas	U+F558	62808	fa	Font Awesome 7 Free
	award	U+F559	62809	fa	Font Awesome 7 Free
	delete-left	U+F55A	62810	fa	Font Awesome 7 Free
	bezier-curve	U+F55B	62811	fa	Font Awesome 7 Free
	bong	U+F55C	62812	fa	Font Awesome 7 Free
	brush	U+F55D	62813	fa	Font Awesome 7 Free
	bus-simple	U+F55E	62814	fa	Font Awesome 7 Free
	cannabis	U+F55F	62815	fa	Font Awesome 7 Free
	check-double	U+F560	62816	fa	Font Awesome 7 Free
	martini-glass-citrus	U+F561	62817	fa	Font Awesome 7 Free
	bell-concierge	U+F562	62818	fa	Font Awesome 7 Free
	cookie	U+F563	62819	fa	Font Awesome 7 Free
	cookie-bite	U+F564	62820	fa	Font Awesome 7 Free
	crop-simple	U+F565	62821	fa	Font Awesome 7 Free
	tachograph-digital	U+F566	62822	fa	Font Awesome 7 Free
	face-dizzy	U+F567	62823	fa	Font Awesome 7 Free
	compass-drafting	U+F568	62824	fa	Font Awesome 7 Free
	drum	U+F569	62825	fa	Font Awesome 7 Free
	drum-steelpan	U+F56A	62826	fa	Font Awesome 7 Free
	feather-pointed	U+F56B	62827	fa	Font Awesome 7 Free
	file-contract	U+F56C	62828	fa	Font Awesome 7 Free
	file-arrow-down	U+F56D	62829	fa	Font Awesome 7 Free
	file-export	U+F56E	62830	fa	Font Awesome 7 Free
	file-import	U+F56F	62831	fa	Font Awesome 7 Free
	file-invoice	U+F570	62832	fa	Font Awesome 7 Free
	file-invoice-dollar	U+F571	62833	fa	Font Awesome 7 Free
	file-prescription	U+F572	62834	fa	Font Awesome 7 Free
	file-signature	U+F573	62835	fa	Font Awesome 7 Free
	file-arrow-up	U+F574	62836	fa	Font Awesome 7 Free
	fill	U+F575	62837	fa	Font Awesome 7 Free
	fill-drip	U+F576	62838	fa	Font Awesome 7 Free
	fingerprint	U+F577	62839	fa	Font Awesome 7 Free
	fish	U+F578	62840	fa	Font Awesome 7 Free
	face-flushed	U+F579	62841	fa	Font Awesome 7 Free
	face-frown-open	U+F57A	62842	fa	Font Awesome 7 Free
	martini-glass	U+F57B	62843	fa	Font Awesome 7 Free
	earth-africa	U+F57C	62844	fa	Font Awesome 7 Free
	earth-americas	U+F57D	62845	fa	Font Awesome 7 Free
	earth-asia	U+F57E	62846	fa	Font Awesome 7 Free
	face-grimace	U+F57F	62847	fa	Font Awesome 7 Free
	face-grin	U+F580	62848	fa	Font Awesome 7 Free
	face-grin-wide	U+F581	62849	fa	Font Awesome 7 Free
	face-grin-beam	U+F582	62850	fa	Font Awesome 7 Free
	face-grin-beam-sweat	U+F583	62851	fa	Font Awesome 7 Free
	face-grin-hearts	U+F584	62852	fa	Font Awesome 7 Free
	face-grin-squint	U+F585	62853	fa	Font Awesome 7 Free
	face-grin-squint-tears	U+F586	62854	fa	Font Awesome 7 Free
	face-grin-stars	U+F587	62855	fa	Font Awesome 7 Free
	face-grin-tears	U+F588	62856	fa	Font Awesome 7 Free
	face-grin-tongue	U+F589	62857	fa	Font Awesome 7 Free
	face-grin-tongue-squint	U+F58A	62858	fa	Font Awesome 7 Free
	face-grin-tongue-wink	U+F58B	62859	fa	Font Awesome 7 Free
	face-grin-wink	U+F58C	62860	fa	Font Awesome 7 Free
	grip	U+F58D	62861	fa	Font Awesome 7 Free
	grip-vertical	U+F58E	62862	fa	Font Awesome 7 Free
	headphones	U+F58F	62863	fa	Font Awesome 7 Free
	headset	U+F590	62864	fa	Font Awesome 7 Free
	highlighter	U+F591	62865	fa	Font Awesome 7 Free
	hot-tub-person	U+F593	62867	fa	Font Awesome 7 Free
	hotel	U+F594	62868	fa	Font Awesome 7 Free
	joint	U+F595	62869	fa	Font Awesome 7 Free
	face-kiss	U+F596	62870	fa	Font Awesome 7 Free
	face-kiss-beam	U+F597	62871	fa	Font Awesome 7 Free
	face-kiss-wink-heart	U+F598	62872	fa	Font Awesome 7 Free
	face-laugh	U+F599	62873	fa	Font Awesome 7 Free
	face-laugh-beam	U+F59A	62874	fa	Font Awesome 7 Free
	face-laugh-squint	U+F59B	62875	fa	Font Awesome 7 Free
	face-laugh-wink	U+F59C	62876	fa	Font Awesome 7 Free
	cart-flatbed-suitcase	U+F59D	62877	fa	Font Awesome 7 Free
	map-location	U+F59F	62879	fa	Font Awesome 7 Free
	map-location-dot	U+F5A0	62880	fa	Font Awesome 7 Free
	marker	U+F5A1	62881	fa	Font Awesome 7 Free
	medal	U+F5A2	62882	fa	Font Awesome 7 Free
	face-meh-blank	U+F5A4	62884	fa	Font Awesome 7 Free
	face-rolling-eyes	U+F5A5	62885	fa	Font Awesome 7 Free
	monument	U+F5A6	62886	fa	Font Awesome 7 Free
	mortar-pestle	U+F5A7	62887	fa	Font Awesome 7 Free
	paint-roller	U+F5AA	62890	fa	Font Awesome 7 Free
	passport	U+F5AB	62891	fa	Font Awesome 7 Free
	pen-fancy	U+F5AC	62892	fa	Font Awesome 7 Free
	pen-nib	U+F5AD	62893	fa	Font Awesome 7 Free
	pen-ruler	U+F5AE	62894	fa	Font Awesome 7 Free
	plane-arrival	U+F5AF	62895	fa	Font Awesome 7 Free
	plane-departure	U+F5B0	62896	fa	Font Awesome 7 Free
	prescription	U+F5B1	62897	fa	Font Awesome 7 Free
	face-sad-cry	U+F5B3	62899	fa	Font Awesome 7 Free
	face-sad-tear	U+F5B4	62900	fa	Font Awesome 7 Free
	van-shuttle	U+F5B6	62902	fa	Font Awesome 7 Free
	signature	U+F5B7	62903	fa	Font Awesome 7 Free
	face-smile-beam	U+F5B8	62904	fa	Font Awesome 7 Free
	solar-panel	U+F5BA	62906	fa	Font Awesome 7 Free
	spa	U+F5BB	62907	fa	Font Awesome 7 Free
	splotch	U+F5BC	62908	fa	Font Awesome 7 Free
	spray-can	U+F5BD	62909	fa	Font Awesome 7 Free
	stamp	U+F5BF	62911	fa	Font Awesome 7 Free
	star-half-stroke	U+F5C0	62912	fa	Font Awesome 7 Free
	suitcase-rolling	U+F5C1	62913	fa	Font Awesome 7 Free
	face-surprise	U+F5C2	62914	fa	Font Awesome 7 Free
	swatchbook	U+F5C3	62915	fa	Font Awesome 7 Free
	person-swimming	U+F5C4	62916	fa	Font Awesome 7 Free
	water-ladder	U+F5C5	62917	fa	Font Awesome 7 Free
	droplet-slash	U+F5C7	62919	fa	Font Awesome 7 Free
	face-tired	U+F5C8	62920	fa	Font Awesome 7 Free
	tooth	U+F5C9	62921	fa	Font Awesome 7 Free
	umbrella-beach	U+F5CA	62922	fa	Font Awesome 7 Free
	weight-hanging	U+F5CD	62925	fa	Font Awesome 7 Free
	wine-glass-empty	U+F5CE	62926	fa	Font Awesome 7 Free
	spray-can-sparkles	U+F5D0	62928	fa	Font Awesome 7 Free
	apple-whole	U+F5D1	62929	fa	Font Awesome 7 Free
	atom	U+F5D2	62930	fa	Font Awesome 7 Free
	bone	U+F5D7	62935	fa	Font Awesome 7 Free
	book-open-reader	U+F5DA	62938	fa	Font Awesome 7 Free
	brain	U+F5DC	62940	fa	Font Awesome 7 Free
	car-rear	U+F5DE	62942	fa	Font Awesome 7 Free
	car-battery	U+F5DF	62943	fa	Font Awesome 7 Free
	car-burst	U+F5E1	62945	fa	Font Awesome 7 Free
	car-side	U+F5E4	62948	fa	Font Awesome 7 Free
	charging-station	U+F5E7	62951	fa	Font Awesome 7 Free
	diamond-turn-right	U+F5EB	62955	fa	Font Awesome 7 Free
	draw-polygon	U+F5EE	62958	fa	Font Awesome 7 Free
	laptop-code	U+F5FC	62972	fa	Font Awesome 7 Free
	layer-group	U+F5FD	62973	fa	Font Awesome 7 Free
	location-crosshairs	U+F601	62977	fa	Font Awesome 7 Free
	lungs	U+F604	62980	fa	Font Awesome 7 Free
	microscope	U+F610	62992	fa	Font Awesome 7 Free
	oil-can	U+F613	62995	fa	Font Awesome 7 Free
	poop	U+F619	63001	fa	Font Awesome 7 Free
	shapes	U+F61F	63007	fa	Font Awesome 7 Free
	star-of-life	U+F621	63009	fa	Font Awesome 7 Free
	gauge	U+F624	63012	fa	Font Awesome 7 Free
	gauge-high	U+F625	63013	fa	Font Awesome 7 Free
	gauge-simple	U+F629	63017	fa	Font Awesome 7 Free
	gauge-simple-high	U+F62A	63018	fa	Font Awesome 7 Free
	teeth	U+F62E	63022	fa	Font Awesome 7 Free
	teeth-open	U+F62F	63023	fa	Font Awesome 7 Free
	masks-theater	U+F630	63024	fa	Font Awesome 7 Free
	traffic-light	U+F637	63031	fa	Font Awesome 7 Free
	truck-monster	U+F63B	63035	fa	Font Awesome 7 Free
	truck-pickup	U+F63C	63036	fa	Font Awesome 7 Free
	rectangle-ad	U+F641	63041	fa	Font Awesome 7 Free
	ankh	U+F644	63044	fa	Font Awesome 7 Free
	book-bible	U+F647	63047	fa	Font Awesome 7 Free
	business-time	U+F64A	63050	fa	Font Awesome 7 Free
	city	U+F64F	63055	fa	Font Awesome 7 Free
	comment-dollar	U+F651	63057	fa	Font Awesome 7 Free
	comments-dollar	U+F653	63059	fa	Font Awesome 7 Free
	cross	U+F654	63060	fa	Font Awesome 7 Free
	dharmachakra	U+F655	63061	fa	Font Awesome 7 Free
	envelope-open-text	U+F658	63064	fa	Font Awesome 7 Free
	folder-minus	U+F65D	63069	fa	Font Awesome 7 Free
	folder-plus	U+F65E	63070	fa	Font Awesome 7 Free
	filter-circle-dollar	U+F662	63074	fa	Font Awesome 7 Free
	gopuram	U+F664	63076	fa	Font Awesome 7 Free
	hamsa	U+F665	63077	fa	Font Awesome 7 Free
	bahai	U+F666	63078	fa	Font Awesome 7 Free
	jedi	U+F669	63081	fa	Font Awesome 7 Free
	book-journal-whills	U+F66A	63082	fa	Font Awesome 7 Free
	kaaba	U+F66B	63083	fa	Font Awesome 7 Free
	khanda	U+F66D	63085	fa	Font Awesome 7 Free
	landmark	U+F66F	63087	fa	Font Awesome 7 Free
	envelopes-bulk	U+F674	63092	fa	Font Awesome 7 Free
	menorah	U+F676	63094	fa	Font Awesome 7 Free
	mosque	U+F678	63096	fa	Font Awesome 7 Free
	om	U+F679	63097	fa	Font Awesome 7 Free
	spaghetti-monster-flying	U+F67B	63099	fa	Font Awesome 7 Free
	peace	U+F67C	63100	fa	Font Awesome 7 Free
	place-of-worship	U+F67F	63103	fa	Font Awesome 7 Free
	square-poll-vertical	U+F681	63105	fa	Font Awesome 7 Free
	square-poll-horizontal	U+F682	63106	fa	Font Awesome 7 Free
	person-praying	U+F683	63107	fa	Font Awesome 7 Free
	hands-praying	U+F684	63108	fa	Font Awesome 7 Free
	book-quran	U+F687	63111	fa	Font Awesome 7 Free
	magnifying-glass-dollar	U+F688	63112	fa	Font Awesome 7 Free
	magnifying-glass-location	U+F689	63113	fa	Font Awesome 7 Free
	socks	U+F696	63126	fa	Font Awesome 7 Free
	square-root-variable	U+F698	63128	fa	Font Awesome 7 Free
	star-and-crescent	U+F699	63129	fa	Font Awesome 7 Free
	star-of-david	U+F69A	63130	fa	Font Awesome 7 Free
	synagogue	U+F69B	63131	fa	Font Awesome 7 Free
	scroll-torah	U+F6A0	63136	fa	Font Awesome 7 Free
	torii-gate	U+F6A1	63137	fa	Font Awesome 7 Free
	vihara	U+F6A7	63143	fa	Font Awesome 7 Free
	volume	U+F6A8	63144	fa	Font Awesome 7 Free
	volume-xmark	U+F6A9	63145	fa	Font Awesome 7 Free
	yin-yang	U+F6AD	63149	fa	Font Awesome 7 Free
	blender-phone	U+F6B6	63158	fa	Font Awesome 7 Free
	book-skull	U+F6B7	63159	fa	Font Awesome 7 Free
	campground	U+F6BB	63163	fa	Font Awesome 7 Free
	cat	U+F6BE	63166	fa	Font Awesome 7 Free
	chair	U+F6C0	63168	fa	Font Awesome 7 Free
	cloud-moon	U+F6C3	63171	fa	Font Awesome 7 Free
	cloud-sun	U+F6C4	63172	fa	Font Awesome 7 Free
	cow	U+F6C8	63176	fa	Font Awesome 7 Free
	dice-d20	U+F6CF	63183	fa	Font Awesome 7 Free
	dice-d6	U+F6D1	63185	fa	Font Awesome 7 Free
	dog	U+F6D3	63187	fa	Font Awesome 7 Free
	dragon	U+F6D5	63189	fa	Font Awesome 7 Free
	drumstick-bite	U+F6D7	63191	fa	Font Awesome 7 Free
	dungeon	U+F6D9	63193	fa	Font Awesome 7 Free
	file-csv	U+F6DD	63197	fa	Font Awesome 7 Free
	hand-fist	U+F6DE	63198	fa	Font Awesome 7 Free
	ghost	U+F6E2	63202	fa	Font Awesome 7 Free
	hammer	U+F6E3	63203	fa	Font Awesome 7 Free
	hanukiah	U+F6E6	63206	fa	Font Awesome 7 Free
	hat-wizard	U+F6E8	63208	fa	Font Awesome 7 Free
	person-hiking	U+F6EC	63212	fa	Font Awesome 7 Free
	hippo	U+F6ED	63213	fa	Font Awesome 7 Free
	horse	U+F6F0	63216	fa	Font Awesome 7 Free
	house-chimney-crack	U+F6F1	63217	fa	Font Awesome 7 Free
	hryvnia-sign	U+F6F2	63218	fa	Font Awesome 7 Free
	mask	U+F6FA	63226	fa	Font Awesome 7 Free
	mountain	U+F6FC	63228	fa	Font Awesome 7 Free
	network-wired	U+F6FF	63231	fa	Font Awesome 7 Free
	otter	U+F700	63232	fa	Font Awesome 7 Free
	ring	U+F70B	63243	fa	Font Awesome 7 Free
	person-running	U+F70C	63244	fa	Font Awesome 7 Free
	scroll	U+F70E	63246	fa	Font Awesome 7 Free
	skull-crossbones	U+F714	63252	fa	Font Awesome 7 Free
	slash	U+F715	63253	fa	Font Awesome 7 Free
	spider	U+F717	63255	fa	Font Awesome 7 Free
	toilet-paper	U+F71E	63262	fa	Font Awesome 7 Free
	toilet-paper	U+F71F	63263	fa	Font Awesome 7 Free
	tractor	U+F722	63266	fa	Font Awesome 7 Free
	user-injured	U+F728	63272	fa	Font Awesome 7 Free
	vr-cardboard	U+F729	63273	fa	Font Awesome 7 Free
	wand-sparkles	U+F72B	63275	fa	Font Awesome 7 Free
	wind	U+F72E	63278	fa	Font Awesome 7 Free
	wine-bottle	U+F72F	63279	fa	Font Awesome 7 Free
	cloud-meatball	U+F73B	63291	fa	Font Awesome 7 Free
	cloud-moon-rain	U+F73C	63292	fa	Font Awesome 7 Free
	cloud-rain	U+F73D	63293	fa	Font Awesome 7 Free
	cloud-showers-heavy	U+F740	63296	fa	Font Awesome 7 Free
	cloud-sun-rain	U+F743	63299	fa	Font Awesome 7 Free
	democrat	U+F747	63303	fa	Font Awesome 7 Free
	flag-usa	U+F74D	63309	fa	Font Awesome 7 Free
	hurricane	U+F751	63313	fa	Font Awesome 7 Free
	landmark-dome	U+F752	63314	fa	Font Awesome 7 Free
	meteor	U+F753	63315	fa	Font Awesome 7 Free
	person-booth	U+F756	63318	fa	Font Awesome 7 Free
	poo-storm	U+F75A	63322	fa	Font Awesome 7 Free
	rainbow	U+F75B	63323	fa	Font Awesome 7 Free
	republican	U+F75E	63326	fa	Font Awesome 7 Free
	smog	U+F75F	63327	fa	Font Awesome 7 Free
	temperature-high	U+F769	63337	fa	Font Awesome 7 Free
	temperature-low	U+F76B	63339	fa	Font Awesome 7 Free
	cloud-bolt	U+F76C	63340	fa	Font Awesome 7 Free
	tornado	U+F76F	63343	fa	Font Awesome 7 Free
	volcano	U+F770	63344	fa	Font Awesome 7 Free
	check-to-slot	U+F772	63346	fa	Font Awesome 7 Free
	water	U+F773	63347	fa	Font Awesome 7 Free
	baby	U+F77C	63356	fa	Font Awesome 7 Free
	baby-carriage	U+F77D	63357	fa	Font Awesome 7 Free
	biohazard	U+F780	63360	fa	Font Awesome 7 Free
	blog	U+F781	63361	fa	Font Awesome 7 Free
	calendar-day	U+F783	63363	fa	Font Awesome 7 Free
	calendar-week	U+F784	63364	fa	Font Awesome 7 Free
	candy-cane	U+F786	63366	fa	Font Awesome 7 Free
	carrot	U+F787	63367	fa	Font Awesome 7 Free
	cash-register	U+F788	63368	fa	Font Awesome 7 Free
	minimize	U+F78C	63372	fa	Font Awesome 7 Free
	dumpster	U+F793	63379	fa	Font Awesome 7 Free
	dumpster-fire	U+F794	63380	fa	Font Awesome 7 Free
	ethernet	U+F796	63382	fa	Font Awesome 7 Free
	gifts	U+F79C	63388	fa	Font Awesome 7 Free
	champagne-glasses	U+F79F	63391	fa	Font Awesome 7 Free
	whiskey-glass	U+F7A0	63392	fa	Font Awesome 7 Free
	earth-europe	U+F7A2	63394	fa	Font Awesome 7 Free
	grip-lines	U+F7A4	63396	fa	Font Awesome 7 Free
	grip-lines-vertical	U+F7A5	63397	fa	Font Awesome 7 Free
	guitar	U+F7A6	63398	fa	Font Awesome 7 Free
	heart-crack	U+F7A9	63401	fa	Font Awesome 7 Free
	holly-berry	U+F7AA	63402	fa	Font Awesome 7 Free
	horse-head	U+F7AB	63403	fa	Font Awesome 7 Free
	icicles	U+F7AD	63405	fa	Font Awesome 7 Free
	igloo	U+F7AE	63406	fa	Font Awesome 7 Free
	mitten	U+F7B5	63413	fa	Font Awesome 7 Free
	mug-hot	U+F7B6	63414	fa	Font Awesome 7 Free
	radiation	U+F7B9	63417	fa	Font Awesome 7 Free
	circle-radiation	U+F7BA	63418	fa	Font Awesome 7 Free
	restroom	U+F7BD	63421	fa	Font Awesome 7 Free
	satellite	U+F7BF	63423	fa	Font Awesome 7 Free
	satellite-dish	U+F7C0	63424	fa	Font Awesome 7 Free
	sd-card	U+F7C2	63426	fa	Font Awesome 7 Free
	sim-card	U+F7C4	63428	fa	Font Awesome 7 Free
	person-skating	U+F7C5	63429	fa	Font Awesome 7 Free
	person-skiing	U+F7C9	63433	fa	Font Awesome 7 Free
	person-skiing-nordic	U+F7CA	63434	fa	Font Awesome 7 Free
	sleigh	U+F7CC	63436	fa	Font Awesome 7 Free
	comment-sms	U+F7CD	63437	fa	Font Awesome 7 Free
	person-snowboarding	U+F7CE	63438	fa	Font Awesome 7 Free
	snowman	U+F7D0	63440	fa	Font Awesome 7 Free
	snowplow	U+F7D2	63442	fa	Font Awesome 7 Free
	tenge-sign	U+F7D7	63447	fa	Font Awesome 7 Free
	toilet	U+F7D8	63448	fa	Font Awesome 7 Free
	screwdriver-wrench	U+F7D9	63449	fa	Font Awesome 7 Free
	cable-car	U+F7DA	63450	fa	Font Awesome 7 Free
	fire-flame-curved	U+F7E4	63460	fa	Font Awesome 7 Free
	bacon	U+F7E5	63461	fa	Font Awesome 7 Free
	book-medical	U+F7E6	63462	fa	Font Awesome 7 Free
	bread-slice	U+F7EC	63468	fa	Font Awesome 7 Free
	cheese	U+F7EF	63471	fa	Font Awesome 7 Free
	house-chimney-medical	U+F7F2	63474	fa	Font Awesome 7 Free
	clipboard-user	U+F7F3	63475	fa	Font Awesome 7 Free
	comment-medical	U+F7F5	63477	fa	Font Awesome 7 Free
	crutch	U+F7F7	63479	fa	Font Awesome 7 Free
	disease	U+F7FA	63482	fa	Font Awesome 7 Free
	egg	U+F7FB	63483	fa	Font Awesome 7 Free
	folder-tree	U+F802	63490	fa	Font Awesome 7 Free
	burger	U+F805	63493	fa	Font Awesome 7 Free
	hand-middle-finger	U+F806	63494	fa	Font Awesome 7 Free
	helmet-safety	U+F807	63495	fa	Font Awesome 7 Free
	house	U+F80A	63498	fa	Font Awesome 7 Free
	house-chimney	U+F80B	63499	fa	Font Awesome 7 Free
	house	U+F80C	63500	fa	Font Awesome 7 Free
	hospital-user	U+F80D	63501	fa	Font Awesome 7 Free
	hotdog	U+F80F	63503	fa	Font Awesome 7 Free
	ice-cream	U+F810	63504	fa	Font Awesome 7 Free
	laptop-medical	U+F812	63506	fa	Font Awesome 7 Free
	pager	U+F815	63509	fa	Font Awesome 7 Free
	pepper-hot	U+F816	63510	fa	Font Awesome 7 Free
	pizza-slice	U+F818	63512	fa	Font Awesome 7 Free
	sack-dollar	U+F81D	63517	fa	Font Awesome 7 Free
	book-tanakh	U+F827	63527	fa	Font Awesome 7 Free
	bars-progress	U+F828	63528	fa	Font Awesome 7 Free
	trash-arrow-up	U+F829	63529	fa	Font Awesome 7 Free
	trash-can-arrow-up	U+F82A	63530	fa	Font Awesome 7 Free
	user-nurse	U+F82F	63535	fa	Font Awesome 7 Free
	wave-square	U+F83E	63550	fa	Font Awesome 7 Free
	person-biking	U+F84A	63562	fa	Font Awesome 7 Free
	border-all	U+F84C	63564	fa	Font Awesome 7 Free
	border-none	U+F850	63568	fa	Font Awesome 7 Free
	border-top-left	U+F853	63571	fa	Font Awesome 7 Free
	person-digging	U+F85E	63582	fa	Font Awesome 7 Free
	fan	U+F863	63587	fa	Font Awesome 7 Free
	icons	U+F86D	63597	fa	Font Awesome 7 Free
	phone-flip	U+F879	63609	fa	Font Awesome 7 Free
	square-phone-flip	U+F87B	63611	fa	Font Awesome 7 Free
	photo-film	U+F87C	63612	fa	Font Awesome 7 Free
	text-slash	U+F87D	63613	fa	Font Awesome 7 Free
	arrow-down-z-a	U+F881	63617	fa	Font Awesome 7 Free
	arrow-up-z-a	U+F882	63618	fa	Font Awesome 7 Free
	arrow-down-short-wide	U+F884	63620	fa	Font Awesome 7 Free
	arrow-up-short-wide	U+F885	63621	fa	Font Awesome 7 Free
	arrow-down-9-1	U+F886	63622	fa	Font Awesome 7 Free
	arrow-up-9-1	U+F887	63623	fa	Font Awesome 7 Free
	spell-check	U+F891	63633	fa	Font Awesome 7 Free
	voicemail	U+F897	63639	fa	Font Awesome 7 Free
	hat-cowboy	U+F8C0	63680	fa	Font Awesome 7 Free
	hat-cowboy-side	U+F8C1	63681	fa	Font Awesome 7 Free
	computer-mouse	U+F8CC	63692	fa	Font Awesome 7 Free
	radio	U+F8D7	63703	fa	Font Awesome 7 Free
	record-vinyl	U+F8D9	63705	fa	Font Awesome 7 Free
	tv	U+F8E5	63717	fa	Font Awesome 7 Free
	walkie-talkie	U+F8EF	63727	fa	Font Awesome 7 Free
	caravan	U+F8FF	63743	fa	Font Awesome 7 Free
	Apostrophe	U+F40A	62474	fa	InconsolataGo Nerd Font Propo
	firefox-browser	U+E007	57351	nerd	Font Awesome 7 Brands
	ideal	U+E013	57363	nerd	Font Awesome 7 Brands
	microblog	U+E01A	57370	nerd	Font Awesome 7 Brands
	square-pied-piper	U+E01E	57374	nerd	Font Awesome 7 Brands
	unity	U+E049	57417	nerd	Font Awesome 7 Brands
	dailymotion	U+E052	57426	nerd	Font Awesome 7 Brands
	square-instagram	U+E055	57429	nerd	Font Awesome 7 Brands
	mixer	U+E056	57430	nerd	Font Awesome 7 Brands
	shopify	U+E057	57431	nerd	Font Awesome 7 Brands
	deezer	U+E077	57463	nerd	Font Awesome 7 Brands
	edge-legacy	U+E078	57464	nerd	Font Awesome 7 Brands
	google-pay	U+E079	57465	nerd	Font Awesome 7 Brands
	rust	U+E07A	57466	nerd	Font Awesome 7 Brands
	tiktok	U+E07B	57467	nerd	Font Awesome 7 Brands
	unsplash	U+E07C	57468	nerd	Font Awesome 7 Brands
	cloudflare	U+E07D	57469	nerd	Font Awesome 7 Brands
	guilded	U+E07E	57470	nerd	Font Awesome 7 Brands
	hive	U+E07F	57471	nerd	Font Awesome 7 Brands
	42-group	U+E080	57472	nerd	Font Awesome 7 Brands
	instalod	U+E081	57473	nerd	Font Awesome 7 Brands
	octopus-deploy	U+E082	57474	nerd	Font Awesome 7 Brands
	perbyte	U+E083	57475	nerd	Font Awesome 7 Brands
	uncharted	U+E084	57476	nerd	Font Awesome 7 Brands
	watchman-monitoring	U+E087	57479	nerd	Font Awesome 7 Brands
	wodu	U+E088	57480	nerd	Font Awesome 7 Brands
	wirsindhandwerk	U+E2D0	58064	nerd	Font Awesome 7 Brands
	bots	U+E340	58176	nerd	Font Awesome 7 Brands
	cmplid	U+E360	58208	nerd	Font Awesome 7 Brands
	bilibili	U+E3D9	58329	nerd	Font Awesome 7 Brands
	golang	U+E40F	58383	nerd	Font Awesome 7 Brands
	pix	U+E43A	58426	nerd	Font Awesome 7 Brands
	sitrox	U+E44A	58442	nerd	Font Awesome 7 Brands
	hashnode	U+E499	58521	nerd	Font Awesome 7 Brands
	meta	U+E49B	58523	nerd	Font Awesome 7 Brands
	padlet	U+E4A0	58528	nerd	Font Awesome 7 Brands
	nfc-directional	U+E530	58672	nerd	Font Awesome 7 Brands
	nfc-symbol	U+E531	58673	nerd	Font Awesome 7 Brands
	screenpal	U+E570	58736	nerd	Font Awesome 7 Brands
	space-awesome	U+E5AC	58796	nerd	Font Awesome 7 Brands
	square-font-awesome	U+E5AD	58797	nerd	Font Awesome 7 Brands
	square-gitlab	U+E5AE	58798	nerd	Font Awesome 7 Brands
	odysee	U+E5C6	58822	nerd	Font Awesome 7 Brands
	stubber	U+E5C7	58823	nerd	Font Awesome 7 Brands
	debian	U+E60B	58891	nerd	Font Awesome 7 Brands
	shoelace	U+E60C	58892	nerd	Font Awesome 7 Brands
	threads	U+E618	58904	nerd	Font Awesome 7 Brands
	square-threads	U+E619	58905	nerd	Font Awesome 7 Brands
	square-x-twitter	U+E61A	58906	nerd	Font Awesome 7 Brands
	x-twitter	U+E61B	58907	nerd	Font Awesome 7 Brands
	opensuse	U+E62B	58923	nerd	Font Awesome 7 Brands
	letterboxd	U+E62D	58925	nerd	Font Awesome 7 Brands
	square-letterboxd	U+E62E	58926	nerd	Font Awesome 7 Brands
	mintbit	U+E62F	58927	nerd	Font Awesome 7 Brands
	google-scholar	U+E63B	58939	nerd	Font Awesome 7 Brands
	brave	U+E63C	58940	nerd	Font Awesome 7 Brands
	brave-reverse	U+E63D	58941	nerd	Font Awesome 7 Brands
	pixiv	U+E640	58944	nerd	Font Awesome 7 Brands
	upwork	U+E641	58945	nerd	Font Awesome 7 Brands
	webflow	U+E65C	58972	nerd	Font Awesome 7 Brands
	signal-messenger	U+E663	58979	nerd	Font Awesome 7 Brands
	bluesky	U+E671	58993	nerd	Font Awesome 7 Brands
	jxl	U+E67B	59003	nerd	Font Awesome 7 Brands
	square-upwork	U+E67C	59004	nerd	Font Awesome 7 Brands
	square-web-awesome	U+E683	59011	nerd	Font Awesome 7 Brands
	square-web-awesome-stroke	U+E684	59012	nerd	Font Awesome 7 Brands
	dart-lang	U+E693	59027	nerd	Font Awesome 7 Brands
	flutter	U+E694	59028	nerd	Font Awesome 7 Brands
	files-pinwheel	U+E69F	59039	nerd	Font Awesome 7 Brands
	css	U+E6A2	59042	nerd	Font Awesome 7 Brands
	square-bluesky	U+E6A3	59043	nerd	Font Awesome 7 Brands
	openai	U+E7CF	59343	nerd	Font Awesome 7 Brands
	square-linkedin	U+E7D0	59344	nerd	Font Awesome 7 Brands
	cash-app	U+E7D4	59348	nerd	Font Awesome 7 Brands
	disqus	U+E7D5	59349	nerd	Font Awesome 7 Brands
	eleventy	U+E7D6	59350	nerd	Font Awesome 7 Brands
	kakao-talk	U+E7D7	59351	nerd	Font Awesome 7 Brands
	linktree	U+E7D8	59352	nerd	Font Awesome 7 Brands
	notion	U+E7D9	59353	nerd	Font Awesome 7 Brands
	pandora	U+E7DA	59354	nerd	Font Awesome 7 Brands
	pixelfed	U+E7DB	59355	nerd	Font Awesome 7 Brands
	tidal	U+E7DC	59356	nerd	Font Awesome 7 Brands
	vsco	U+E7DD	59357	nerd	Font Awesome 7 Brands
	w3c	U+E7DE	59358	nerd	Font Awesome 7 Brands
	lumon	U+E7E2	59362	nerd	Font Awesome 7 Brands
	lumon-drop	U+E7E3	59363	nerd	Font Awesome 7 Brands
	square-figma	U+E7E4	59364	nerd	Font Awesome 7 Brands
	tex	U+E7FF	59391	nerd	Font Awesome 7 Brands
	duolingo	U+E812	59410	nerd	Font Awesome 7 Brands
	supportnow	U+E833	59443	nerd	Font Awesome 7 Brands
	tor-browser	U+E838	59448	nerd	Font Awesome 7 Brands
	typescript	U+E840	59456	nerd	Font Awesome 7 Brands
	square-deskpro	U+E844	59460	nerd	Font Awesome 7 Brands
	circle-zulip	U+E851	59473	nerd	Font Awesome 7 Brands
	julia	U+E852	59474	nerd	Font Awesome 7 Brands
	zulip	U+E853	59475	nerd	Font Awesome 7 Brands
	unison	U+E854	59476	nerd	Font Awesome 7 Brands
	board-game-geek	U+E855	59477	nerd	Font Awesome 7 Brands
	ko-fi	U+E856	59478	nerd	Font Awesome 7 Brands
	kubernetes	U+E857	59479	nerd	Font Awesome 7 Brands
	postgresql	U+E858	59480	nerd	Font Awesome 7 Brands
	scaleway	U+E859	59481	nerd	Font Awesome 7 Brands
	venmo	U+E85A	59482	nerd	Font Awesome 7 Brands
	venmo-v	U+E85B	59483	nerd	Font Awesome 7 Brands
	unreal-engine	U+E85C	59484	nerd	Font Awesome 7 Brands
	globaleaks	U+E85D	59485	nerd	Font Awesome 7 Brands
	solana	U+E85E	59486	nerd	Font Awesome 7 Brands
	threema	U+E85F	59487	nerd	Font Awesome 7 Brands
	forgejo	U+E860	59488	nerd	Font Awesome 7 Brands
	claude	U+E861	59489	nerd	Font Awesome 7 Brands
	gitee	U+E863	59491	nerd	Font Awesome 7 Brands
	xmpp	U+E864	59492	nerd	Font Awesome 7 Brands
	fediverse	U+E865	59493	nerd	Font Awesome 7 Brands
	tailwind-css	U+E866	59494	nerd	Font Awesome 7 Brands
	arch-linux	U+E867	59495	nerd	Font Awesome 7 Brands
	svelte	U+E868	59496	nerd	Font Awesome 7 Brands
	hugging-face	U+E869	59497	nerd	Font Awesome 7 Brands
	leetcode	U+E86A	59498	nerd	Font Awesome 7 Brands
	openstreetmap	U+E86B	59499	nerd	Font Awesome 7 Brands
	ultralytics	U+E86D	59501	nerd	Font Awesome 7 Brands
	ultralytics-hub	U+E86E	59502	nerd	Font Awesome 7 Brands
	ultralytics-yolo	U+E86F	59503	nerd	Font Awesome 7 Brands
	obsidian	U+E879	59513	nerd	Font Awesome 7 Brands
	zoom	U+E87B	59515	nerd	Font Awesome 7 Brands
	vim	U+E88A	59530	nerd	Font Awesome 7 Brands
	symfonycasts	U+E8AB	59563	nerd	Font Awesome 7 Brands
	build-awesome	U+E8AC	59564	nerd	Font Awesome 7 Brands
	codeberg	U+E8AD	59565	nerd	Font Awesome 7 Brands
	devpost	U+E8AE	59566	nerd	Font Awesome 7 Brands
	internet-archive	U+E8B1	59569	nerd	Font Awesome 7 Brands
	lets-encrypt	U+E8B2	59570	nerd	Font Awesome 7 Brands
	matrix	U+E8B3	59571	nerd	Font Awesome 7 Brands
	mattermost	U+E8B4	59572	nerd	Font Awesome 7 Brands
	nextcloud	U+E8B5	59573	nerd	Font Awesome 7 Brands
	roblox-creator-studio	U+E8B6	59574	nerd	Font Awesome 7 Brands
	square-build-awesome-stroke	U+E8B7	59575	nerd	Font Awesome 7 Brands
	substack	U+E8B8	59576	nerd	Font Awesome 7 Brands
	tesla	U+E8B9	59577	nerd	Font Awesome 7 Brands
	xrp	U+E8BA	59578	nerd	Font Awesome 7 Brands
	xrpl	U+E8BB	59579	nerd	Font Awesome 7 Brands
	youtube-shorts	U+E8BC	59580	nerd	Font Awesome 7 Brands
	ror	U+E8BD	59581	nerd	Font Awesome 7 Brands
	visual-studio	U+E8BE	59582	nerd	Font Awesome 7 Brands
	dolibarr	U+E8BF	59583	nerd	Font Awesome 7 Brands
	obs-studio	U+E8C0	59584	nerd	Font Awesome 7 Brands
	storybook	U+E8C1	59585	nerd	Font Awesome 7 Brands
	a11y-project	U+E8C2	59586	nerd	Font Awesome 7 Brands
	copilot	U+E8C7	59591	nerd	Font Awesome 7 Brands
	square-twitter	U+F081	61569	fa	Font Awesome 7 Brands
	square-facebook	U+F082	61570	fa	Font Awesome 7 Brands
	linkedin	U+F08C	61580	fa	Font Awesome 7 Brands
	square-github	U+F092	61586	fa	Font Awesome 7 Brands
	twitter	U+F099	61593	fa	Font Awesome 7 Brands
	facebook	U+F09A	61594	fa	Font Awesome 7 Brands
	github	U+F09B	61595	fa	Font Awesome 7 Brands
	pinterest	U+F0D2	61650	fa	Font Awesome 7 Brands
	square-pinterest	U+F0D3	61651	fa	Font Awesome 7 Brands
	square-google-plus	U+F0D4	61652	fa	Font Awesome 7 Brands
	google-plus-g	U+F0D5	61653	fa	Font Awesome 7 Brands
	linkedin-in	U+F0E1	61665	fa	Font Awesome 7 Brands
	github-alt	U+F113	61715	fa	Font Awesome 7 Brands
	maxcdn	U+F136	61750	fa	Font Awesome 7 Brands
	html5	U+F13B	61755	fa	Font Awesome 7 Brands
	css3	U+F13C	61756	fa	Font Awesome 7 Brands
	btc	U+F15A	61786	fa	Font Awesome 7 Brands
	square-youtube	U+F166	61798	fa	Font Awesome 7 Brands
	youtube	U+F167	61799	fa	Font Awesome 7 Brands
	xing	U+F168	61800	fa	Font Awesome 7 Brands
	square-xing	U+F169	61801	fa	Font Awesome 7 Brands
	youtube	U+F16A	61802	fa	Font Awesome 7 Brands
	dropbox	U+F16B	61803	fa	Font Awesome 7 Brands
	stack-overflow	U+F16C	61804	fa	Font Awesome 7 Brands
	instagram	U+F16D	61805	fa	Font Awesome 7 Brands
	flickr	U+F16E	61806	fa	Font Awesome 7 Brands
	adn	U+F170	61808	fa	Font Awesome 7 Brands
	bitbucket	U+F171	61809	fa	Font Awesome 7 Brands
	bitbucket	U+F172	61810	fa	Font Awesome 7 Brands
	tumblr	U+F173	61811	fa	Font Awesome 7 Brands
	square-tumblr	U+F174	61812	fa	Font Awesome 7 Brands
	apple	U+F179	61817	fa	Font Awesome 7 Brands
	windows	U+F17A	61818	fa	Font Awesome 7 Brands
	android	U+F17B	61819	fa	Font Awesome 7 Brands
	linux	U+F17C	61820	fa	Font Awesome 7 Brands
	dribbble	U+F17D	61821	fa	Font Awesome 7 Brands
	skype	U+F17E	61822	fa	Font Awesome 7 Brands
	foursquare	U+F180	61824	fa	Font Awesome 7 Brands
	trello	U+F181	61825	fa	Font Awesome 7 Brands
	gratipay	U+F184	61828	fa	Font Awesome 7 Brands
	vk	U+F189	61833	fa	Font Awesome 7 Brands
	weibo	U+F18A	61834	fa	Font Awesome 7 Brands
	renren	U+F18B	61835	fa	Font Awesome 7 Brands
	pagelines	U+F18C	61836	fa	Font Awesome 7 Brands
	stack-exchange	U+F18D	61837	fa	Font Awesome 7 Brands
	square-vimeo	U+F194	61844	fa	Font Awesome 7 Brands
	slack	U+F198	61848	fa	Font Awesome 7 Brands
	wordpress	U+F19A	61850	fa	Font Awesome 7 Brands
	openid	U+F19B	61851	fa	Font Awesome 7 Brands
	yahoo	U+F19E	61854	fa	Font Awesome 7 Brands
	google	U+F1A0	61856	fa	Font Awesome 7 Brands
	reddit	U+F1A1	61857	fa	Font Awesome 7 Brands
	square-reddit	U+F1A2	61858	fa	Font Awesome 7 Brands
	stumbleupon-circle	U+F1A3	61859	fa	Font Awesome 7 Brands
	stumbleupon	U+F1A4	61860	fa	Font Awesome 7 Brands
	delicious	U+F1A5	61861	fa	Font Awesome 7 Brands
	digg	U+F1A6	61862	fa	Font Awesome 7 Brands
	pied-piper-pp	U+F1A7	61863	fa	Font Awesome 7 Brands
	pied-piper-alt	U+F1A8	61864	fa	Font Awesome 7 Brands
	drupal	U+F1A9	61865	fa	Font Awesome 7 Brands
	joomla	U+F1AA	61866	fa	Font Awesome 7 Brands
	behance	U+F1B4	61876	fa	Font Awesome 7 Brands
	square-behance	U+F1B5	61877	fa	Font Awesome 7 Brands
	steam	U+F1B6	61878	fa	Font Awesome 7 Brands
	square-steam	U+F1B7	61879	fa	Font Awesome 7 Brands
	spotify	U+F1BC	61884	fa	Font Awesome 7 Brands
	deviantart	U+F1BD	61885	fa	Font Awesome 7 Brands
	soundcloud	U+F1BE	61886	fa	Font Awesome 7 Brands
	vine	U+F1CA	61898	fa	Font Awesome 7 Brands
	codepen	U+F1CB	61899	fa	Font Awesome 7 Brands
	jsfiddle	U+F1CC	61900	fa	Font Awesome 7 Brands
	rebel	U+F1D0	61904	fa	Font Awesome 7 Brands
	empire	U+F1D1	61905	fa	Font Awesome 7 Brands
	square-git	U+F1D2	61906	fa	Font Awesome 7 Brands
	git	U+F1D3	61907	fa	Font Awesome 7 Brands
	hacker-news	U+F1D4	61908	fa	Font Awesome 7 Brands
	tencent-weibo	U+F1D5	61909	fa	Font Awesome 7 Brands
	qq	U+F1D6	61910	fa	Font Awesome 7 Brands
	weixin	U+F1D7	61911	fa	Font Awesome 7 Brands
	slideshare	U+F1E7	61927	fa	Font Awesome 7 Brands
	twitch	U+F1E8	61928	fa	Font Awesome 7 Brands
	yelp	U+F1E9	61929	fa	Font Awesome 7 Brands
	paypal	U+F1ED	61933	fa	Font Awesome 7 Brands
	google-wallet	U+F1EE	61934	fa	Font Awesome 7 Brands
	cc-visa	U+F1F0	61936	fa	Font Awesome 7 Brands
	cc-mastercard	U+F1F1	61937	fa	Font Awesome 7 Brands
	cc-discover	U+F1F2	61938	fa	Font Awesome 7 Brands
	cc-amex	U+F1F3	61939	fa	Font Awesome 7 Brands
	cc-paypal	U+F1F4	61940	fa	Font Awesome 7 Brands
	cc-stripe	U+F1F5	61941	fa	Font Awesome 7 Brands
	lastfm	U+F202	61954	fa	Font Awesome 7 Brands
	square-lastfm	U+F203	61955	fa	Font Awesome 7 Brands
	ioxhost	U+F208	61960	fa	Font Awesome 7 Brands
	angellist	U+F209	61961	fa	Font Awesome 7 Brands
	buysellads	U+F20D	61965	fa	Font Awesome 7 Brands
	connectdevelop	U+F20E	61966	fa	Font Awesome 7 Brands
	dashcube	U+F210	61968	fa	Font Awesome 7 Brands
	forumbee	U+F211	61969	fa	Font Awesome 7 Brands
	leanpub	U+F212	61970	fa	Font Awesome 7 Brands
	sellsy	U+F213	61971	fa	Font Awesome 7 Brands
	shirtsinbulk	U+F214	61972	fa	Font Awesome 7 Brands
	simplybuilt	U+F215	61973	fa	Font Awesome 7 Brands
	skyatlas	U+F216	61974	fa	Font Awesome 7 Brands
	facebook	U+F230	62000	fa	Font Awesome 7 Brands
	pinterest-p	U+F231	62001	fa	Font Awesome 7 Brands
	whatsapp	U+F232	62002	fa	Font Awesome 7 Brands
	viacoin	U+F237	62007	fa	Font Awesome 7 Brands
	medium	U+F23A	62010	fa	Font Awesome 7 Brands
	y-combinator	U+F23B	62011	fa	Font Awesome 7 Brands
	optin-monster	U+F23C	62012	fa	Font Awesome 7 Brands
	opencart	U+F23D	62013	fa	Font Awesome 7 Brands
	expeditedssl	U+F23E	62014	fa	Font Awesome 7 Brands
	cc-jcb	U+F24B	62027	fa	Font Awesome 7 Brands
	cc-diners-club	U+F24C	62028	fa	Font Awesome 7 Brands
	creative-commons	U+F25E	62046	fa	Font Awesome 7 Brands
	gg	U+F260	62048	fa	Font Awesome 7 Brands
	gg-circle	U+F261	62049	fa	Font Awesome 7 Brands
	odnoklassniki	U+F263	62051	fa	Font Awesome 7 Brands
	square-odnoklassniki	U+F264	62052	fa	Font Awesome 7 Brands
	get-pocket	U+F265	62053	fa	Font Awesome 7 Brands
	wikipedia-w	U+F266	62054	fa	Font Awesome 7 Brands
	safari	U+F267	62055	fa	Font Awesome 7 Brands
	chrome	U+F268	62056	fa	Font Awesome 7 Brands
	firefox	U+F269	62057	fa	Font Awesome 7 Brands
	opera	U+F26A	62058	fa	Font Awesome 7 Brands
	internet-explorer	U+F26B	62059	fa	Font Awesome 7 Brands
	contao	U+F26D	62061	fa	Font Awesome 7 Brands
	500px	U+F26E	62062	fa	Font Awesome 7 Brands
	amazon	U+F270	62064	fa	Font Awesome 7 Brands
	houzz	U+F27C	62076	fa	Font Awesome 7 Brands
	vimeo-v	U+F27D	62077	fa	Font Awesome 7 Brands
	black-tie	U+F27E	62078	fa	Font Awesome 7 Brands
	fonticons	U+F280	62080	fa	Font Awesome 7 Brands
	reddit-alien	U+F281	62081	fa	Font Awesome 7 Brands
	edge	U+F282	62082	fa	Font Awesome 7 Brands
	codiepie	U+F284	62084	fa	Font Awesome 7 Brands
	modx	U+F285	62085	fa	Font Awesome 7 Brands
	fort-awesome	U+F286	62086	fa	Font Awesome 7 Brands
	usb	U+F287	62087	fa	Font Awesome 7 Brands
	product-hunt	U+F288	62088	fa	Font Awesome 7 Brands
	mixcloud	U+F289	62089	fa	Font Awesome 7 Brands
	scribd	U+F28A	62090	fa	Font Awesome 7 Brands
	bluetooth	U+F293	62099	fa	Font Awesome 7 Brands
	bluetooth-b	U+F294	62100	fa	Font Awesome 7 Brands
	gitlab	U+F296	62102	fa	Font Awesome 7 Brands
	wpbeginner	U+F297	62103	fa	Font Awesome 7 Brands
	wpforms	U+F298	62104	fa	Font Awesome 7 Brands
	envira	U+F299	62105	fa	Font Awesome 7 Brands
	accessible-icon	U+F29B	62107	fa	Font Awesome 7 Brands
	glide	U+F2A5	62117	fa	Font Awesome 7 Brands
	glide-g	U+F2A6	62118	fa	Font Awesome 7 Brands
	viadeo	U+F2A9	62121	fa	Font Awesome 7 Brands
	square-viadeo	U+F2AA	62122	fa	Font Awesome 7 Brands
	snapchat	U+F2AB	62123	fa	Font Awesome 7 Brands
	snapchat	U+F2AC	62124	fa	Font Awesome 7 Brands
	square-snapchat	U+F2AD	62125	fa	Font Awesome 7 Brands
	pied-piper	U+F2AE	62126	fa	Font Awesome 7 Brands
	first-order	U+F2B0	62128	fa	Font Awesome 7 Brands
	yoast	U+F2B1	62129	fa	Font Awesome 7 Brands
	themeisle	U+F2B2	62130	fa	Font Awesome 7 Brands
	google-plus	U+F2B3	62131	fa	Font Awesome 7 Brands
	linode	U+F2B8	62136	fa	Font Awesome 7 Brands
	quora	U+F2C4	62148	fa	Font Awesome 7 Brands
	free-code-camp	U+F2C5	62149	fa	Font Awesome 7 Brands
	telegram	U+F2C6	62150	fa	Font Awesome 7 Brands
	bandcamp	U+F2D5	62165	fa	Font Awesome 7 Brands
	grav	U+F2D6	62166	fa	Font Awesome 7 Brands
	etsy	U+F2D7	62167	fa	Font Awesome 7 Brands
	imdb	U+F2D8	62168	fa	Font Awesome 7 Brands
	ravelry	U+F2D9	62169	fa	Font Awesome 7 Brands
	sellcast	U+F2DA	62170	fa	Font Awesome 7 Brands
	superpowers	U+F2DD	62173	fa	Font Awesome 7 Brands
	wpexplorer	U+F2DE	62174	fa	Font Awesome 7 Brands
	meetup	U+F2E0	62176	fa	Font Awesome 7 Brands
	square-font-awesome-stroke	U+F35C	62300	fa	Font Awesome 7 Brands
	accessible-icon	U+F368	62312	fa	Font Awesome 7 Brands
	accusoft	U+F369	62313	fa	Font Awesome 7 Brands
	adversal	U+F36A	62314	fa	Font Awesome 7 Brands
	affiliatetheme	U+F36B	62315	fa	Font Awesome 7 Brands
	algolia	U+F36C	62316	fa	Font Awesome 7 Brands
	amilia	U+F36D	62317	fa	Font Awesome 7 Brands
	angrycreative	U+F36E	62318	fa	Font Awesome 7 Brands
	app-store	U+F36F	62319	fa	Font Awesome 7 Brands
	app-store-ios	U+F370	62320	fa	Font Awesome 7 Brands
	apper	U+F371	62321	fa	Font Awesome 7 Brands
	asymmetrik	U+F372	62322	fa	Font Awesome 7 Brands
	audible	U+F373	62323	fa	Font Awesome 7 Brands
	avianex	U+F374	62324	fa	Font Awesome 7 Brands
	aws	U+F375	62325	fa	Font Awesome 7 Brands
	bimobject	U+F378	62328	fa	Font Awesome 7 Brands
	bitcoin	U+F379	62329	fa	Font Awesome 7 Brands
	bity	U+F37A	62330	fa	Font Awesome 7 Brands
	blackberry	U+F37B	62331	fa	Font Awesome 7 Brands
	blogger	U+F37C	62332	fa	Font Awesome 7 Brands
	blogger-b	U+F37D	62333	fa	Font Awesome 7 Brands
	buromobelexperte	U+F37F	62335	fa	Font Awesome 7 Brands
	centercode	U+F380	62336	fa	Font Awesome 7 Brands
	cloudscale	U+F383	62339	fa	Font Awesome 7 Brands
	cloudsmith	U+F384	62340	fa	Font Awesome 7 Brands
	cloudversify	U+F385	62341	fa	Font Awesome 7 Brands
	cpanel	U+F388	62344	fa	Font Awesome 7 Brands
	css3-alt	U+F38B	62347	fa	Font Awesome 7 Brands
	cuttlefish	U+F38C	62348	fa	Font Awesome 7 Brands
	d-and-d	U+F38D	62349	fa	Font Awesome 7 Brands
	deploydog	U+F38E	62350	fa	Font Awesome 7 Brands
	deskpro	U+F38F	62351	fa	Font Awesome 7 Brands
	digital-ocean	U+F391	62353	fa	Font Awesome 7 Brands
	discord	U+F392	62354	fa	Font Awesome 7 Brands
	discourse	U+F393	62355	fa	Font Awesome 7 Brands
	dochub	U+F394	62356	fa	Font Awesome 7 Brands
	docker	U+F395	62357	fa	Font Awesome 7 Brands
	draft2digital	U+F396	62358	fa	Font Awesome 7 Brands
	square-dribbble	U+F397	62359	fa	Font Awesome 7 Brands
	dyalog	U+F399	62361	fa	Font Awesome 7 Brands
	earlybirds	U+F39A	62362	fa	Font Awesome 7 Brands
	erlang	U+F39D	62365	fa	Font Awesome 7 Brands
	facebook-f	U+F39E	62366	fa	Font Awesome 7 Brands
	facebook-messenger	U+F39F	62367	fa	Font Awesome 7 Brands
	firstdraft	U+F3A1	62369	fa	Font Awesome 7 Brands
	fonticons-fi	U+F3A2	62370	fa	Font Awesome 7 Brands
	fort-awesome-alt	U+F3A3	62371	fa	Font Awesome 7 Brands
	freebsd	U+F3A4	62372	fa	Font Awesome 7 Brands
	gitkraken	U+F3A6	62374	fa	Font Awesome 7 Brands
	gofore	U+F3A7	62375	fa	Font Awesome 7 Brands
	goodreads	U+F3A8	62376	fa	Font Awesome 7 Brands
	goodreads-g	U+F3A9	62377	fa	Font Awesome 7 Brands
	google-drive	U+F3AA	62378	fa	Font Awesome 7 Brands
	google-play	U+F3AB	62379	fa	Font Awesome 7 Brands
	gripfire	U+F3AC	62380	fa	Font Awesome 7 Brands
	grunt	U+F3AD	62381	fa	Font Awesome 7 Brands
	gulp	U+F3AE	62382	fa	Font Awesome 7 Brands
	square-hacker-news	U+F3AF	62383	fa	Font Awesome 7 Brands
	hire-a-helper	U+F3B0	62384	fa	Font Awesome 7 Brands
	hotjar	U+F3B1	62385	fa	Font Awesome 7 Brands
	hubspot	U+F3B2	62386	fa	Font Awesome 7 Brands
	itunes	U+F3B4	62388	fa	Font Awesome 7 Brands
	itunes-note	U+F3B5	62389	fa	Font Awesome 7 Brands
	jenkins	U+F3B6	62390	fa	Font Awesome 7 Brands
	joget	U+F3B7	62391	fa	Font Awesome 7 Brands
	js	U+F3B8	62392	fa	Font Awesome 7 Brands
	square-js	U+F3B9	62393	fa	Font Awesome 7 Brands
	keycdn	U+F3BA	62394	fa	Font Awesome 7 Brands
	kickstarter	U+F3BB	62395	fa	Font Awesome 7 Brands
	kickstarter-k	U+F3BC	62396	fa	Font Awesome 7 Brands
	laravel	U+F3BD	62397	fa	Font Awesome 7 Brands
	line	U+F3C0	62400	fa	Font Awesome 7 Brands
	lyft	U+F3C3	62403	fa	Font Awesome 7 Brands
	magento	U+F3C4	62404	fa	Font Awesome 7 Brands
	medapps	U+F3C6	62406	fa	Font Awesome 7 Brands
	medium	U+F3C7	62407	fa	Font Awesome 7 Brands
	medrt	U+F3C8	62408	fa	Font Awesome 7 Brands
	microsoft	U+F3CA	62410	fa	Font Awesome 7 Brands
	mix	U+F3CB	62411	fa	Font Awesome 7 Brands
	mizuni	U+F3CC	62412	fa	Font Awesome 7 Brands
	monero	U+F3D0	62416	fa	Font Awesome 7 Brands
	napster	U+F3D2	62418	fa	Font Awesome 7 Brands
	node-js	U+F3D3	62419	fa	Font Awesome 7 Brands
	npm	U+F3D4	62420	fa	Font Awesome 7 Brands
	ns8	U+F3D5	62421	fa	Font Awesome 7 Brands
	nutritionix	U+F3D6	62422	fa	Font Awesome 7 Brands
	page4	U+F3D7	62423	fa	Font Awesome 7 Brands
	palfed	U+F3D8	62424	fa	Font Awesome 7 Brands
	patreon	U+F3D9	62425	fa	Font Awesome 7 Brands
	periscope	U+F3DA	62426	fa	Font Awesome 7 Brands
	phabricator	U+F3DB	62427	fa	Font Awesome 7 Brands
	phoenix-framework	U+F3DC	62428	fa	Font Awesome 7 Brands
	playstation	U+F3DF	62431	fa	Font Awesome 7 Brands
	pushed	U+F3E1	62433	fa	Font Awesome 7 Brands
	python	U+F3E2	62434	fa	Font Awesome 7 Brands
	red-river	U+F3E3	62435	fa	Font Awesome 7 Brands
	wpressr	U+F3E4	62436	fa	Font Awesome 7 Brands
	replyd	U+F3E6	62438	fa	Font Awesome 7 Brands
	resolving	U+F3E7	62439	fa	Font Awesome 7 Brands
	rocketchat	U+F3E8	62440	fa	Font Awesome 7 Brands
	rockrms	U+F3E9	62441	fa	Font Awesome 7 Brands
	schlix	U+F3EA	62442	fa	Font Awesome 7 Brands
	searchengin	U+F3EB	62443	fa	Font Awesome 7 Brands
	servicestack	U+F3EC	62444	fa	Font Awesome 7 Brands
	sistrix	U+F3EE	62446	fa	Font Awesome 7 Brands
	slack	U+F3EF	62447	fa	Font Awesome 7 Brands
	speakap	U+F3F3	62451	fa	Font Awesome 7 Brands
	staylinked	U+F3F5	62453	fa	Font Awesome 7 Brands
	steam-symbol	U+F3F6	62454	fa	Font Awesome 7 Brands
	sticker-mule	U+F3F7	62455	fa	Font Awesome 7 Brands
	studiovinari	U+F3F8	62456	fa	Font Awesome 7 Brands
	supple	U+F3F9	62457	fa	Font Awesome 7 Brands
	telegram	U+F3FE	62462	fa	Font Awesome 7 Brands
	uber	U+F402	62466	fa	Font Awesome 7 Brands
	uikit	U+F403	62467	fa	Font Awesome 7 Brands
	uniregistry	U+F404	62468	fa	Font Awesome 7 Brands
	untappd	U+F405	62469	fa	Font Awesome 7 Brands
	ussunnah	U+F407	62471	fa	Font Awesome 7 Brands
	vaadin	U+F408	62472	fa	Font Awesome 7 Brands
	viber	U+F409	62473	fa	Font Awesome 7 Brands
	vimeo	U+F40A	62474	fa	Font Awesome 7 Brands
	vnv	U+F40B	62475	fa	Font Awesome 7 Brands
	square-whatsapp	U+F40C	62476	fa	Font Awesome 7 Brands
	whmcs	U+F40D	62477	fa	Font Awesome 7 Brands
	wordpress-simple	U+F411	62481	fa	Font Awesome 7 Brands
	xbox	U+F412	62482	fa	Font Awesome 7 Brands
	yandex	U+F413	62483	fa	Font Awesome 7 Brands
	yandex-international	U+F414	62484	fa	Font Awesome 7 Brands
	apple-pay	U+F415	62485	fa	Font Awesome 7 Brands
	cc-apple-pay	U+F416	62486	fa	Font Awesome 7 Brands
	fly	U+F417	62487	fa	Font Awesome 7 Brands
	node	U+F419	62489	fa	Font Awesome 7 Brands
	osi	U+F41A	62490	fa	Font Awesome 7 Brands
	react	U+F41B	62491	fa	Font Awesome 7 Brands
	autoprefixer	U+F41C	62492	fa	Font Awesome 7 Brands
	less	U+F41D	62493	fa	Font Awesome 7 Brands
	sass	U+F41E	62494	fa	Font Awesome 7 Brands
	vuejs	U+F41F	62495	fa	Font Awesome 7 Brands
	angular	U+F420	62496	fa	Font Awesome 7 Brands
	aviato	U+F421	62497	fa	Font Awesome 7 Brands
	ember	U+F423	62499	fa	Font Awesome 7 Brands
	gitter	U+F426	62502	fa	Font Awesome 7 Brands
	hooli	U+F427	62503	fa	Font Awesome 7 Brands
	strava	U+F428	62504	fa	Font Awesome 7 Brands
	stripe	U+F429	62505	fa	Font Awesome 7 Brands
	stripe-s	U+F42A	62506	fa	Font Awesome 7 Brands
	typo3	U+F42B	62507	fa	Font Awesome 7 Brands
	amazon-pay	U+F42C	62508	fa	Font Awesome 7 Brands
	cc-amazon-pay	U+F42D	62509	fa	Font Awesome 7 Brands
	ethereum	U+F42E	62510	fa	Font Awesome 7 Brands
	korvue	U+F42F	62511	fa	Font Awesome 7 Brands
	elementor	U+F430	62512	fa	Font Awesome 7 Brands
	square-youtube	U+F431	62513	fa	Font Awesome 7 Brands
	flipboard	U+F44D	62541	fa	Font Awesome 7 Brands
	hips	U+F452	62546	fa	Font Awesome 7 Brands
	php	U+F457	62551	fa	Font Awesome 7 Brands
	quinscape	U+F459	62553	fa	Font Awesome 7 Brands
	readme	U+F4D5	62677	fa	Font Awesome 7 Brands
	java	U+F4E4	62692	fa	Font Awesome 7 Brands
	pied-piper-hat	U+F4E5	62693	fa	Font Awesome 7 Brands
	creative-commons-by	U+F4E7	62695	fa	Font Awesome 7 Brands
	creative-commons-nc	U+F4E8	62696	fa	Font Awesome 7 Brands
	creative-commons-nc-eu	U+F4E9	62697	fa	Font Awesome 7 Brands
	creative-commons-nc-jp	U+F4EA	62698	fa	Font Awesome 7 Brands
	creative-commons-nd	U+F4EB	62699	fa	Font Awesome 7 Brands
	creative-commons-pd	U+F4EC	62700	fa	Font Awesome 7 Brands
	creative-commons-pd-alt	U+F4ED	62701	fa	Font Awesome 7 Brands
	creative-commons-remix	U+F4EE	62702	fa	Font Awesome 7 Brands
	creative-commons-sa	U+F4EF	62703	fa	Font Awesome 7 Brands
	creative-commons-sampling	U+F4F0	62704	fa	Font Awesome 7 Brands
	creative-commons-sampling-plus	U+F4F1	62705	fa	Font Awesome 7 Brands
	creative-commons-share	U+F4F2	62706	fa	Font Awesome 7 Brands
	creative-commons-zero	U+F4F3	62707	fa	Font Awesome 7 Brands
	ebay	U+F4F4	62708	fa	Font Awesome 7 Brands
	keybase	U+F4F5	62709	fa	Font Awesome 7 Brands
	mastodon	U+F4F6	62710	fa	Font Awesome 7 Brands
	r-project	U+F4F7	62711	fa	Font Awesome 7 Brands
	researchgate	U+F4F8	62712	fa	Font Awesome 7 Brands
	teamspeak	U+F4F9	62713	fa	Font Awesome 7 Brands
	first-order-alt	U+F50A	62730	fa	Font Awesome 7 Brands
	fulcrum	U+F50B	62731	fa	Font Awesome 7 Brands
	galactic-republic	U+F50C	62732	fa	Font Awesome 7 Brands
	galactic-senate	U+F50D	62733	fa	Font Awesome 7 Brands
	jedi-order	U+F50E	62734	fa	Font Awesome 7 Brands
	mandalorian	U+F50F	62735	fa	Font Awesome 7 Brands
	old-republic	U+F510	62736	fa	Font Awesome 7 Brands
	phoenix-squadron	U+F511	62737	fa	Font Awesome 7 Brands
	sith	U+F512	62738	fa	Font Awesome 7 Brands
	trade-federation	U+F513	62739	fa	Font Awesome 7 Brands
	wolf-pack-battalion	U+F514	62740	fa	Font Awesome 7 Brands
	hornbill	U+F592	62866	fa	Font Awesome 7 Brands
	mailchimp	U+F59E	62878	fa	Font Awesome 7 Brands
	megaport	U+F5A3	62883	fa	Font Awesome 7 Brands
	nimblr	U+F5A8	62888	fa	Font Awesome 7 Brands
	rev	U+F5B2	62898	fa	Font Awesome 7 Brands
	shopware	U+F5B5	62901	fa	Font Awesome 7 Brands
	squarespace	U+F5BE	62910	fa	Font Awesome 7 Brands
	themeco	U+F5C6	62918	fa	Font Awesome 7 Brands
	weebly	U+F5CC	62924	fa	Font Awesome 7 Brands
	wix	U+F5CF	62927	fa	Font Awesome 7 Brands
	ello	U+F5F1	62961	fa	Font Awesome 7 Brands
	hackerrank	U+F5F7	62967	fa	Font Awesome 7 Brands
	kaggle	U+F5FA	62970	fa	Font Awesome 7 Brands
	markdown	U+F60F	62991	fa	Font Awesome 7 Brands
	neos	U+F612	62994	fa	Font Awesome 7 Brands
	zhihu	U+F63F	63039	fa	Font Awesome 7 Brands
	alipay	U+F642	63042	fa	Font Awesome 7 Brands
	the-red-yeti	U+F69D	63133	fa	Font Awesome 7 Brands
	critical-role	U+F6C9	63177	fa	Font Awesome 7 Brands
	d-and-d-beyond	U+F6CA	63178	fa	Font Awesome 7 Brands
	dev	U+F6CC	63180	fa	Font Awesome 7 Brands
	fantasy-flight-games	U+F6DC	63196	fa	Font Awesome 7 Brands
	wizards-of-the-coast	U+F730	63280	fa	Font Awesome 7 Brands
	think-peaks	U+F731	63281	fa	Font Awesome 7 Brands
	reacteurope	U+F75D	63325	fa	Font Awesome 7 Brands
	artstation	U+F77A	63354	fa	Font Awesome 7 Brands
	atlassian	U+F77B	63355	fa	Font Awesome 7 Brands
	canadian-maple-leaf	U+F785	63365	fa	Font Awesome 7 Brands
	centos	U+F789	63369	fa	Font Awesome 7 Brands
	confluence	U+F78D	63373	fa	Font Awesome 7 Brands
	dhl	U+F790	63376	fa	Font Awesome 7 Brands
	diaspora	U+F791	63377	fa	Font Awesome 7 Brands
	fedex	U+F797	63383	fa	Font Awesome 7 Brands
	fedora	U+F798	63384	fa	Font Awesome 7 Brands
	figma	U+F799	63385	fa	Font Awesome 7 Brands
	intercom	U+F7AF	63407	fa	Font Awesome 7 Brands
	invision	U+F7B0	63408	fa	Font Awesome 7 Brands
	jira	U+F7B1	63409	fa	Font Awesome 7 Brands
	mendeley	U+F7B3	63411	fa	Font Awesome 7 Brands
	raspberry-pi	U+F7BB	63419	fa	Font Awesome 7 Brands
	redhat	U+F7BC	63420	fa	Font Awesome 7 Brands
	sketch	U+F7C6	63430	fa	Font Awesome 7 Brands
	sourcetree	U+F7D3	63443	fa	Font Awesome 7 Brands
	suse	U+F7D6	63446	fa	Font Awesome 7 Brands
	ubuntu	U+F7DF	63455	fa	Font Awesome 7 Brands
	ups	U+F7E0	63456	fa	Font Awesome 7 Brands
	usps	U+F7E1	63457	fa	Font Awesome 7 Brands
	yarn	U+F7E3	63459	fa	Font Awesome 7 Brands
	airbnb	U+F834	63540	fa	Font Awesome 7 Brands
	battle-net	U+F835	63541	fa	Font Awesome 7 Brands
	bootstrap	U+F836	63542	fa	Font Awesome 7 Brands
	buffer	U+F837	63543	fa	Font Awesome 7 Brands
	chromecast	U+F838	63544	fa	Font Awesome 7 Brands
	evernote	U+F839	63545	fa	Font Awesome 7 Brands
	itch-io	U+F83A	63546	fa	Font Awesome 7 Brands
	salesforce	U+F83B	63547	fa	Font Awesome 7 Brands
	speaker-deck	U+F83C	63548	fa	Font Awesome 7 Brands
	symfony	U+F83D	63549	fa	Font Awesome 7 Brands
	waze	U+F83F	63551	fa	Font Awesome 7 Brands
	yammer	U+F840	63552	fa	Font Awesome 7 Brands
	git-alt	U+F841	63553	fa	Font Awesome 7 Brands
	stackpath	U+F842	63554	fa	Font Awesome 7 Brands
	cotton-bureau	U+F89E	63646	fa	Font Awesome 7 Brands
	buy-n-large	U+F8A6	63654	fa	Font Awesome 7 Brands
	mdb	U+F8CA	63690	fa	Font Awesome 7 Brands
	orcid	U+F8D2	63698	fa	Font Awesome 7 Brands
	swift	U+F8E1	63713	fa	Font Awesome 7 Brands
	umbraco	U+F8E8	63720	fa	Font Awesome 7 Brands
